simonharrer;2014-03-11/2020-01-15
koppor;2015-06-01/2016-09-20;2016-09-20/2016-11-18;2016-11-18/2017-02-15;2017-02-16/2017-07-21;2017-07-21/2018-02-08;2018-02-08/2019-10-08;2019-10-08/2019-10-10;2019-10-10/2019-11-01;2019-11-01/2019-12-15;2019-12-16/2020-01-15
mortenalver;2024-11-11/2020-01-15
emraher;2015-10-25/2020-01-15
caksoylar;2016-03-25/2020-01-15
uh-comm;2016-09-19/2020-01-15
thfi;2016-09-23/2020-01-15
Doc73;2016-10-30/2016-11-23;2016-11-23/2017-09-05;2017-09-05/2020-01-15
tobiasdiez;2016-11-16/2018-11-15;2018-11-15/2018-12-17;2018-12-17/2020-01-15
lenhard;2016-11-18/2016-11-23;2016-11-23/2020-01-15
Siedlerchr;2016-11-18/2018-07-27;2018-07-27/2019-02-18;2019-02-18/2019-06-25;2019-06-25/2019-10-09;2019-10-09/2020-01-15
samuel-rosa;2018-02-01/2020-01-15
jhshinn;2018-02-08/2020-01-15
gutow;2018-07-27/2020-01-15
jureslak;2019-02-18/2020-01-15
musm;2019-06-24/2020-01-15
rishav142k;2019-10-08/2020-01-15
ju-sh;2019-10-09/2020-01-15
davidemdot;2019-11-02/2020-01-15
