koppor;389;109;6;490;3;2;2;31;27;39;3;15;7;13;15;9;59;2;4;34;115;8;18;11;4;3;2;2;10;3;2;7;3;6;8;3;2;4;2;2;11;3;2;3;6;6;11;5;3;3;3;3;3;2;4;2;6;4;3;2;2;4;2;3;2;6;3;3;2;2;5;2;3;2;4;4;8;3;6;5;5;2;2;3;3;2;2;2;2;3;2;3;12;13;3;2;19;6;5;4;4;3;9;2;3;2;3;11;3;2;4;2;3;3;2;3;2;3;7;2;2;2;2;5;2;2;2;5;4;10;2;3;4;4;2;7;8;5;2;10;3;4;2;7;3;6;6;3;4;5;8;2;27;22;4;8;2;4;2;2;13;5;2;3;4;6;2;24;2;8;23;3;2;19;2;2;3;3;2;5;3;3;3;2;2;2;3;2;2;3;2;2;2;2;4;2;2;2;6;3;2;8;3;10;15;3;6;2;7;14;2;3;3;12;129;3;40;25;5;7;10;6;7;135;2;6;3;8;12;9;27;7;4;2;3;4;3;3;3;2;2;3;2;2;4;2;4;4;5;2;2;9;11;5;17;3;2;3;5;2;3;3;2;4;3;2;2;3;8;7;14;2;16;2;42;8;3;8;5;16;6;3;2;19;3;9;4;28;6;13;19;7;6;3;3;5;3;6;18;9;23;17;3;11;3;16;5;8;2;3;12;7;2;5;10;4;3;2;8;6;11;14;8;8;3;11;16;13;2;7;8;5;4;2;7;9;5;9;5;7;5;8;4;2;2;15;13;4;5;5;7;6;11;6;2;6;5;3;5;3;3;6;3;2;2;15;11;3;7;9;3;5;6;3;14;3;4;2;2;7;9;11;4;4;3;5;9;3;9;8;5;9;3;3;5;3;2;4;7;3;14;2;9;17;14;5;9;5;9;2;12;2;2;3;4;2;5;3;3;2;2;2;4;15;4;10;3;2;8;3;2;15;7;5;13;2;4;2;2;2;1345;4477;0.19812374357828905
olenz;65;65;72;7;5;2123;215;0.027906976744186046
simonharrer;5;2;2;6;48;49;62;3;35;3;2;43;84;83;21;3;3;3;3;3;4;3;4;2;5;2;2;3;2;5;2;4;21;4;3;10;4;3;4;2;2;10;2;3;2;3;2;7;3;2;2;2;2;7;2;6;3;6;2;4;3;2;2;12;6;4;2;4;5;3;4;4;2;2;5;2;9;4;14;14;5;3;12;121;18;2;5;50;252;9;801;1336;0.1661676646706587
egonw;503;2;1538;89;2044;0.0019569471624266144
kubovy;2131;1;1.0
jtornero;128;333;17;266;12;213;159;1002;1129;0.0070859167404783
was123;2129;1;1.0
noravanq;2124;1;1.0
wuw;197;297;465;51;1111;1012;0.005928853754940711
hakova;4;364;9;199;211;43;28;120;98;35;8;5;7;5;6;14;80;11;6;9;5;3;7;8;19;19;18;189;2;512;439;2050;0.0175609756097561
ansell;2079;2;1.0
braindevices;11;2066;13;0.23076923076923078
vegeziel;2028;1;1.0
IngvarJackal;5;5;9;1990;20;0.2
dahlheim;5;3;9;55;4;1899;77;0.07792207792207792
eduardogreco;1972;1;1.0
lenhard;308;3;6;4;7;2;3;5;22;4;10;4;2;8;4;15;6;5;3;5;3;3;3;4;26;13;3;3;3;7;3;23;3;2;5;14;22;4;3;7;35;3;3;2;4;4;11;27;21;4;3;2;7;14;3;2;16;3;2;5;2;3;2;2;3;4;3;2;11;3;7;2;8;2;4;2;8;5;13;3;28;2;10;43;37;4;4;3;20;2;2;5;2;2;2;5;3;25;4;2;3;8;4;4;18;4;8;3;2;17;9;5;4;2;5;6;6;4;2;7;11;6;2;11;11;643;1310;0.17404580152671756
thiagogt;2;1917;3;0.6666666666666666
tobiasdiez;5;3;33;3;158;2;4;10;3;14;54;28;8;55;2;2;3;3;5;5;2;9;3;5;6;2;4;2;7;3;2;4;2;3;4;2;3;2;4;4;2;2;2;2;3;2;2;2;6;6;2;2;2;9;15;3;4;4;6;3;5;43;4;2;3;2;2;2;7;2;6;36;8;2;4;3;2;3;3;18;5;4;2;2;3;3;11;6;6;2;5;2;3;2;2;2;2;3;2;3;2;2;4;2;2;3;5;2;2;2;5;6;8;2;7;7;6;23;6;7;19;3;2;5;2;2;5;2;2;2;3;4;7;2;2;5;2;3;3;2;8;2;2;2;2;3;3;4;2;2;2;3;3;2;2;2;3;2;2;3;2;2;2;3;4;4;11;2;8;2;3;2;6;5;3;4;3;8;3;4;2;3;5;6;2;7;3;5;5;4;2;2;3;5;5;23;2;7;3;3;2;6;3;26;6;4;8;17;6;7;2;11;2;2;2;2;4;9;3;4;5;11;5;3;4;6;17;7;6;4;2;9;15;2;2;6;23;6;3;2;6;2;2;2;2;2;5;3;2;3;3;3;3;2;5;2;2;2;5;3;5;5;4;2;7;25;3;16;5;12;6;5;2;3;2;3;5;2;13;3;3;3;2;64;12;4;14;4;4;122;129;4;9;4;4;21;6;4;2;21;2;3;3;3;2;8;19;4;2;24;3;8;10;6;3;2;2;54;7;6;5;8;3;5;3;34;6;24;20;6;6;40;3;5;2;4;3;2;7;8;7;2;2;3;2;4;3;2;2;2;4;4;2;2;2;3;2;2;3;3;15;5;10;14;30;11;3;3;4;2;29;17;11;11;9;2;5;4;2;2;2;9;9;25;2;9;2;3;40;5;2;4;13;3;2;1345;3260;0.25674846625766873
rmmsilva;1913;1;1.0
SatiricalThumb;1908;1;1.0
yaragg;1907;1;1.0
bquistorff;2;1865;3;0.6666666666666666
ruytakata;23;1728;24;0.08333333333333333
mariprudencio;56;1666;57;0.03508771929824561
adamrehn;5;1701;8;0.5
alauber;1796;1;1.0
fakepk;23;1679;24;0.08333333333333333
kzubrinic;2389;1;1.0
wpoely86;4;1697;5;0.4
ambro2;42;28;246;135;1238;454;0.015418502202643172
NicosPavlov;1690;1;1.0
gitter-badger;1675;1;1.0
Nik014;1670;1;1.0
steog88;1637;1;1.0
stefan-kolb;3;2;3;3;4;7;11;9;3;2;3;4;3;7;6;4;6;2;3;3;7;5;4;19;5;10;2;2;2;8;3;2;4;9;5;3;4;6;3;5;3;2;5;5;5;2;2;3;5;2;2;3;4;29;9;10;5;6;2;14;8;27;14;5;7;15;3;5;3;2;2;4;8;40;5;3;4;4;4;4;3;2;12;3;5;8;5;85;12;2;7;28;27;7;2;25;14;74;7;5;8;16;4;4;7;2;2;6;3;6;2;25;7;5;6;19;10;161;15;26;131;40;30;96;83;5;16;299;7;86;452;2084;0.13099808061420345
fc7;2;2;1622;7;0.7142857142857143
mlep;17;44;11;26;14;24;11;11;3;3;30;9;10;2;2;2;4;4;10;3;2;8;3;36;33;3;4;7;4;4;3;3;5;2;3;2;4;3;3;4;3;3;4;3;8;2;2;3;2;16;9;4;3;3;43;5;9;11;18;7;20;23;79;17;5;2;7;6;3;9;22;18;30;18;339;476;7;48;3;6;111;4;2;3;2;6;8;11;4;3;147;2;252;63;134;215;246;1330;2936;0.05040871934604905
matthiasgeiger;4;2;4;4;2;5;2;2;13;7;3;4;2;3;2;3;5;5;6;3;40;28;5;2;12;3;4;2;6;11;5;3;2;11;13;6;2;3;18;8;5;3;5;4;3;4;2;3;6;2;3;25;6;2;2;5;6;11;2;5;3;2;3;7;2;2;6;2;5;2;3;11;4;23;4;13;21;27;11;72;41;507;67;4;14;40;27;114;11;2;330;230;1833;0.09547190398254228
solrex;215;217;155;5;1001;593;0.008431703204047217
denki;1574;1;1.0
igorsteinmacher;64;91;7;747;814;68;70;1793;0.004461795872838818
tokkot;1554;1;1.0
oscargus;8;4;2;2;2;4;4;2;2;3;4;4;2;2;8;2;2;3;4;2;5;2;3;4;2;2;3;5;2;2;2;3;4;33;2;29;2;2;2;2;2;2;4;3;2;4;3;2;13;2;2;24;1164;412;0.5436893203883495
jfmaas;1980;1;1.0
koji33;161;15;94;19;6;7;7;5;61;6;243;15;863;647;0.030911901081916538
tolot27;1507;1;1.0
chriba;20;14;85;2;6;2;14;8;2;19;8;11;7;28;7;21;23;3;6;2;3;2;2;2;2;4;2;3;8;3;2;2;2;18;17;3;5;21;3;6;62;23;1004;523;0.15678776290630975
boceckts;21;9;4;3;12;68;13;2;3;8;8;6;3;13;46;2;64;4;3;2;2;7;4;14;2;15;3;161;1009;512;0.07421875
jeff-kerr;1498;2;1.0
Braunch;49;38;51;17;41;15;2;26;6;7;5;2;6;3;4;4;2;5;4;12;1176;311;0.10289389067524116
motokito;142;96;17;6;12;2;2;2;18;11;1174;313;0.04792332268370607
zesaro;34;7;28;80;8;3;49;3;7;12;23;11;16;2;10;7;7;3;2;4;3;7;5;3;53;668;462;1067;0.03561387066541706
nivieru;1472;2;1.0
tschechlovdev;32;83;12;15;9;12;12;36;9;12;15;16;6;5;4;5;7;5;7;107;1077;417;0.0671462829736211
teertinker;72;1487;208;310;1768;0.0022624434389140274
chochreiner;22;2;72;7;30;112;15;143;9;144;891;560;0.025
steimlfk;1450;1;1.0
Siedlerchr;11;12;7;6;3;4;7;5;2;4;3;4;5;3;4;5;2;2;2;2;3;4;13;35;16;9;6;5;2;2;2;2;4;5;2;2;2;2;3;5;2;5;6;2;2;5;5;6;16;2;5;3;2;3;3;8;2;22;5;11;2;2;4;5;2;6;2;3;2;2;2;2;6;4;5;3;2;3;2;4;2;7;10;7;3;6;5;2;2;2;2;6;2;2;5;3;5;2;2;2;9;2;2;3;2;2;3;9;2;3;5;3;3;4;3;3;2;3;2;4;8;2;2;8;2;4;2;2;2;2;5;3;3;5;2;3;2;3;2;3;2;2;3;2;4;2;2;2;2;2;2;2;3;3;2;2;3;2;4;4;2;2;2;2;6;2;3;3;2;6;2;3;25;6;2;11;2;6;2;5;2;4;3;12;4;2;3;4;11;2;5;2;2;2;4;12;4;42;3;7;3;3;15;2;3;2;2;6;3;5;3;8;4;2;2;2;2;4;3;2;2;3;2;3;2;8;3;7;5;4;2;3;3;3;5;4;2;2;2;2;2;2;16;3;5;5;3;2;2;2;2;2;2;3;2;2;2;2;2;3;2;3;4;2;2;2;2;2;3;2;2;3;2;2;4;2;4;4;7;12;3;4;5;2;2;2;2;3;9;4;9;5;8;5;6;2;2;2;5;5;8;5;2;4;3;7;34;3;4;2;5;3;2;2;2;9;3;3;3;3;3;4;18;3;3;3;2;11;9;2;2;7;3;4;5;4;4;3;3;2;3;9;3;6;2;3;8;4;20;6;6;3;12;3;13;13;2;5;12;4;8;8;8;2;2;4;2;2;2;26;10;9;10;7;2;9;10;2;2;3;2;3;8;14;2;5;2;4;12;3;2;3;3;5;8;5;6;3;4;4;2;9;8;2;3;2;9;3;3;4;5;2;4;8;2;8;3;7;13;2;5;6;5;15;2;5;5;3;5;4;9;3;3;2;4;10;12;2;9;5;2;4;7;2;5;2;2;9;2;2;6;7;2;4;5;3;2;5;4;3;4;4;2;4;3;20;6;5;23;8;5;2;2;12;2;4;5;2;4;8;6;2;5;6;7;2;7;32;2;2;2;3;3;3;2;3;2;3;2;2;3;2;5;2;1343;2799;0.34869596284387283
jensdoecke;3;1435;4;0.5
lrtfm;1412;1;1.0
obraliar;20;5;63;16;9;13;15;29;3;7;10;43;7;4;21;9;4;9;11;2;2;12;7;3;2;9;5;5;3;5;8;353;14;784;736;0.05570652173913043
mairieli;1391;2;1.0
mairdl;142;83;41;5;2;7;2;3;3;5;2;4;2;4;2;3;3;2;21;2;1174;347;0.08357348703170028
melTr;11;208;1157;220;0.013636363636363636
jrenslin;1372;1;1.0
jokva;1371;1;1.0
ScottTownsendNIST;19;1360;20;0.1
KojiYokota;138;6;1204;145;0.020689655172413793
bruehldev;13;6;120;35;10;75;21;6;10;1210;297;0.03367003367003367
grimes2;2;2;4;4;2;2;3;2;3;14;4;3;10;2;2;2;5;37;1118;120;0.2916666666666667
ayanai1;141;97;28;7;3;5;26;1191;310;0.03225806451612903
malvadeza;1219;1;1.0
frithnanth;7;39;23;6;8;56;66;97;40;866;347;0.040345821325648415
shitikanth;4;20;1163;26;0.15384615384615385
arnobl;3;1126;4;0.5
avaucher;1124;1;1.0
milleratotago;1096;2;1.0
paulsputer;1075;3;1.0
LinusDietz;5;5;2;10;5;8;3;9;2;4;4;3;2;10;7;3;2;11;2;5;2;6;8;11;7;2;4;11;2;4;3;12;4;3;4;2;2;5;6;2;2;2;5;4;6;11;3;2;11;7;9;6;3;2;2;3;13;6;2;6;5;3;14;2;2;5;7;8;3;7;24;4;4;21;31;68;5;34;7;5;7;5;2;12;5;43;39;21;7;23;14;3;3;18;72;5;16;4;5;5;9;5;34;3;2;19;6;18;4;12;66;7;19;38;10;543;13;459;1125;2195;0.07790432801822324
stefanfeyer;107;4;3;1064;115;0.034782608695652174
Ede123;1057;2;1.0
RolfStarre;2;12;2;372;659;390;0.015384615384615385
TRvanRossum;9;5;1031;16;0.25
ohuang12;2;1037;3;0.6666666666666666
svenjaeger;5;2072;1045;2078;0.0014436958614051972
sauliusg;2;164;7;1264;431;1440;0.004861111111111111
snisnisniksonah;110;4;22;5;855;147;0.06802721088435375
125m125;159;3;368;463;533;0.01125703564727955
motorcyclist;6;21;951;28;0.10714285714285714
jhshinn;29;4;2;3;220;706;263;0.03802281368821293
tilsche;944;1;1.0
mahmoodn1;2;941;3;0.6666666666666666
mpele;3;4;14;2;123;772;147;0.04081632653061224
zacmks;911;1;1.0
andreasbuhr;909;1;1.0
halx4;888;1;1.0
Andrew-Lev;16;9;2;852;29;0.1724137931034483
betheunique;864;1;1.0
steph37tours;3;2;856;7;0.5714285714285714
BKDevelop;859;1;1.0
derebaba;2;2;33;805;39;0.1282051282051282
bureken;836;1;1.0
MBunel;831;2;1.0
michaellass;2;1087;259;1091;0.0036663611365719525
MrTosz;830;2;1.0
ethanwharris;5;82;715;89;0.0449438202247191
halirutan;2;3;3;2;14;5;29;5;82;15;4;54;7;630;37;860;0.022093023255813953
derTimme;3;10;13;165;598;192;0.026041666666666668
RobertusvT;5;2;11;3;758;23;0.2608695652173913
jupf;9;779;10;0.2
tobous;13;779;14;0.14285714285714285
Doc73;24;286;89;698;75;1098;0.004553734061930784
psychelzh;771;1;1.0
weidafan;2;11;764;14;0.21428571428571427
PJozeph;2;3;6;745;13;0.38461538461538464
schneems;741;1;1.0
spogatetz8386;711;2;1.0
bdach;2;709;3;0.6666666666666666
Naitoreivun;132;576;135;0.02962962962962963
johannes-manner;13;2;6;7;20;14;5;6;28;2;13;132;162;2;3;288;421;0.0498812351543943
cerrisantos;703;2;1.0
Escoul;701;1;1.0
Brainsucker92;8;4;18;581;2;93;617;0.014586709886547812
krausese;5;4;686;10;0.3
mohamean;2;693;3;0.6666666666666666
gerzmasn;692;1;1.0
Eiswindyeti;20;677;21;0.09523809523809523
HerrAachen;675;1;1.0
alick;154;374;278;529;0.005671077504725898
florian-beetz;3;6;19;3;2;5;11;2;7;9;27;6;5;20;19;79;95;348;324;0.07098765432098765
jacksonrya;627;3;1.0
DevSiroukane;6;623;7;0.2857142857142857
jssander;7;623;8;0.25
KOLANICH;592;2;1.0
JavierMF;5;581;9;0.5555555555555556
eso31;2;582;3;0.6666666666666666
upupming;16;530;18;0.16666666666666666
marisuki;3;13;522;21;0.3333333333333333
nicksw;534;2;1.0
1160300208;526;1;1.0
zeabin;524;1;1.0
Metatronwings;4;517;5;0.4
abepolk;3;25;10;26;49;87;2;23;5;186;34;11;4;6;28;3;15;2;519;0.036608863198458574
Super-Tang;11;514;13;0.23076923076923078
kclick91;511;1;1.0
razvan05;489;2;1.0
Songyu-Wang;483;1;1.0
1160300614;48;470;49;0.04081632653061224
AyachiNene;57;463;58;0.034482758620689655
NivedhaSunderraj;8;449;10;0.3
Ali96kz;2;2;3;2;4;2;8;7;7;4;10;92;18;11;690;3;2;13;6;30;2;41;506;964;0.028008298755186723
topalavlad;452;1;1.0
pavlapp;2;448;3;0.6666666666666666
conorfos;29;6;12;2;6;36;20;4;164;195;281;0.03914590747330961
paulKra;443;1;1.0
shahamish150294;6;440;7;0.2857142857142857
dependabot[bot];13;5;2;3;7;16;5;7;22;6;3;4;4;3;6;5;4;3;2;5;7;14;4;3;3;2;2;4;7;3;7;14;64;119;98;12;5;47;49;12;6;10;9;4;2;7;7;7;7;4;3;7;7;7;5;7;3;3;7;7;7;7;7;2;5;7;4;3;7;7;7;6;7;6;5;2;7;7;7;7;2;5;3;3;7;7;4;7;7;7;4;3;4;6;3;4;3;2;6;2;3;2;3;2;4;3;3;5;2;3;2;6;2;4;3;2;7;7;7;2;3;3;3;7;7;3;3;6;4;3;4;3;4;3;2;2;4;2;2;2;3;3;3;2;3;4;2;4;3;4;3;4;4;3;3;2;4;3;4;3;2;3;4;4;3;4;3;3;3;4;3;4;2;4;3;4;3;4;3;4;2;4;3;4;4;2;4;3;4;3;3;3;2;3;2;2;3;4;2;2;2;3;4;3;4;3;3;4;7;7;3;3;4;3;3;3;5;2;3;4;2;2;3;3;3;3;2;4;3;3;3;2;2;3;4;3;2;2;2;3;4;2;4;2;3;3;3;3;4;3;4;3;6;4;2;4;3;7;4;3;2;3;4;3;4;3;4;3;2;2;2;4;3;4;2;3;2;4;2;4;3;4;3;4;2;4;3;3;3;4;3;4;2;4;3;3;3;4;3;4;3;4;3;4;2;2;3;7;4;3;4;3;3;3;4;2;3;3;6;3;7;4;3;1342;1782;0.24691358024691357
sbeitzel;5;434;7;0.42857142857142855
AndresSan6;426;2;1.0
dschrempf;411;1;1.0
morganlovato;405;1;1.0
nrmancuso;3;2;3;142;853;604;1005;0.006965174129353234
aman-coolinc1;397;2;1.0
Balhau;3;383;5;0.6
Le-wi;2;375;3;0.6666666666666666
rachelwu21;23;368;24;0.08333333333333333
nschloe;371;1;1.0
AlekssGu;6;358;7;0.2857142857142857
chel-seyy;8;3;5;31;5;2;311;56;0.14285714285714285
frasca80;14;355;15;0.13333333333333333
LyzardKing;225;5;15;5;3;2;2;7;2;10;3;2;2;2;5;37;6;56;37;27;42;105;2;15;4;8;9;47;76;41;142;250;184;109;1149;1504;0.0339095744680851
RonakLakhotia;2;24;8;305;37;0.16216216216216217
akash1994deep;340;1;1.0
shubhamatlani;44;340;45;0.044444444444444446
jureslak;331;1;1.0
ricantech;331;2;1.0
LeonhardWolz;4;328;5;0.4
yurickyh;2;12;79;224;94;0.0425531914893617
davidemdot;4;70;4;4;2;5;3;5;3;4;16;8;5;4;3;2;6;2;2;2;4;55;7;3;73;248;0.1975806451612903
CaptainDaVinci;2;3;2;2;2;4;5;2;24;161;18;6;80;236;0.07203389830508475
kaiquekk;2;12;21;6;3;49;224;94;0.07446808510638298
kiwiroy;311;1;1.0
chamodshehanka;309;2;1.0
samiyac;2;5;3;3;2;292;20;0.5
tim-kilian;8;295;9;0.2222222222222222
WtfJoke;151;294;152;0.013157894736842105
r0light;6;2;13;133;5;4;128;167;0.059880239520958084
atulim;12;21;265;34;0.08823529411764706
harinda05;5;11;9;273;27;0.18518518518518517
deepakkumar96;23;277;24;0.08333333333333333
znuznu;266;2;1.0
valx76;254;1;1.0
PointOfNilReturn;250;1;1.0
kydojo;244;1;1.0
josephshin93;242;2;1.0
dimmonn;6;242;7;0.2857142857142857
calixtus;2;3;4;4;2;2;2;2;3;7;5;2;7;3;22;2;5;14;3;4;7;2;11;17;2;12;12;30;5;23;2;6;16;14;2;3;3;5;9;3;6;2;13;9;2;3;28;5;2;2;2;7;26;11;18;19;4;3;2;4;13;6;46;7;8;2;14;2;19;28;51;12;37;12;41;26;19;4;7;5;2;42;6;18;14;23;5;4;6;5;10;4;58;5;10;20;9;18;6;5;31;20;16;8;3;17;4;15;66;5;8;5;3;4;10;3;3;15;21;13;34;3;8;3;3;5;3;7;5;8;5;19;17;2;2;12;31;13;4;2;7;1334;1578;0.11216730038022814
cs464osu;6;234;7;0.2857142857142857
dependabot-preview[bot];3;13;5;2;3;7;15;5;7;15;7;6;3;4;4;3;6;5;4;3;2;5;7;14;4;3;3;3;4;7;3;7;7;7;6;2;4;4;5;7;4;2;2;3;8;2;7;4;7;2;4;2;3;9;4;7;7;7;7;7;7;7;6;7;7;2;5;7;7;7;4;3;7;6;7;7;7;7;7;7;7;7;7;7;7;7;7;7;7;7;7;7;7;7;7;7;3;4;7;5;2;7;7;167;610;0.19672131147540983
siordache;224;1;1.0
ms111ds;6;220;7;0.2857142857142857
CyraxSector;10;3;55;146;69;0.057971014492753624
burrbull;213;1;1.0
VMichelan;6;192;7;0.2857142857142857
danielbom;197;1;1.0
victorjof;195;1;1.0
andyjcollins;190;1;1.0
allisonsampaio;184;4;1.0
rodps;8;185;10;0.3
illes;180;1;1.0
mmihuu;5;2;11;135;21;0.2857142857142857
ffffatgoose;29;144;30;0.06666666666666667
dawidowoc;6;129;7;0.2857142857142857
omer-rotem1;129;2;1.0
sfo;4;128;5;0.4
steffinstanly;101;1;1.0
bharatr21;97;2;1.0
b0n541;4;91;8;0.625
vpbhargav;95;1;1.0
AyushBherwani1998;90;1;1.0
JoHaHu;3;2;13;68;23;0.34782608695652173
taerim25;87;2;1.0
cmoralesmx;4;87;5;0.4
parammittal16;80;1;1.0
martinacat;80;2;1.0
deisi;20;79;21;0.09523809523809523
Ka0o0;2;7;4;9;10;2;64;8;36;111;0.11711711711711711
P4trice;9;73;10;0.2
UltimaBGD;73;1;1.0
carlg0ransson;66;2;1.0
michel-kraemer;104;509;547;614;0.004885993485342019
sabioes;57;1;1.0
ageofadz;4;508;456;513;0.005847953216374269
MisterM13;34;2;1.0
Julien29121998;6;31;7;0.2857142857142857
simmotech;83;146;36;63;2193;329;0.015197568389057751
jonasstein;188;931;189;0.010582010582010581
arcanefoam;1055;1;1.0
PierreMarchand20;828;1;1.0
vigmond;754;1;1.0
MBradbury;589;1;1.0
gabrielhomsi;556;1;1.0
Tianyijian;518;2;1.0
mariamgui;435;1;1.0
JoKalliauer;106;905;471;1012;0.0029644268774703555
hrittich;433;1;1.0
laolux;428;1;1.0
AEgit;291;1;1.0
gooly;262;1;1.0
j0hannes;258;2;1.0
Druidefix;215;1;1.0
superSK322;144;1;1.0
stephanlukasczyk;1414;1276;1415;0.0014134275618374558
SinithH;104;1;1.0
Yash-Garg;101;1;1.0
lex111;100;2;1.0
sakshamtaneja21;94;1;1.0
michizhou;13;67;16;0.25
rzkytmgr;81;2;1.0
Deepak2607;97;1;1.0
t413;1259;1;1.0
sidhyatikku;89;1;1.0
sven-mayer;1636;1;1.0
MartinKarim;316;1;1.0
mortenalver;1762;1;1.0
emraher;1543;2;1.0
caksoylar;1391;1;1.0
uh-comm;1213;1;1.0
thfi;3;1206;4;0.5
samuel-rosa;713;1;1.0
gutow;537;2;1.0
musm;205;2;1.0
rishav142k;99;1;1.0
ju-sh;98;1;1.0
muelletr;26;29;6;714;62;0.06451612903225806
luko0610;86;1;1.0
reox;633;551;634;0.0031545741324921135
ctreude;123;70;124;0.016129032258064516
jjbaldrich;2825;1;1.0
nehashivhare;130;26;810;157;0.01910828025477707
caglarmehmetmetin;25;65;870;91;0.03296703296703297
mdandyf;6;6;2;8;10;7;15;7;4;4;16;34;5;4;7;3;807;152;0.19736842105263158
RKBK;404;958;405;0.0049382716049382715
zhaohualu;1047;1;1.0
fpguy;468;97;469;0.0042643923240938165
kautuk98;87;1;1.0
vanukkalla;3;657;4;0.5
cjpoor;406;2;1.0
ThiloteE;90;129;2;44;2;30;45;60;110;70;1328;586;0.023890784982935155
smfactor;1323;1;1.0
gr7ffo;1305;1;1.0
floxdeveloper;1162;1;1.0
MaryJml;100;8;1152;109;0.027522935779816515
jkulesza;1113;1;1.0
Krzmbrzl;1105;1;1.0
allydunham;1070;1;1.0
claell;201;1058;202;0.009900990099009901
chary0079;7;1038;8;0.25
KievitJustin;4;2;21;1038;29;0.1724137931034483
joennlae;1020;1;1.0
HakonHarnes;1014;1;1.0
meatnordrink;1010;1;1.0
HoussemNasri;9;10;31;293;2;4;140;4;6;2;37;24;7;16;6;2;7;4;10;9;8;3;3;6;8;3;3;4;31;13;73;29;2;12;165;11;22;1328;1025;0.041951219512195125
Mohamadi98;9;797;10;0.2
pcdi;771;1;1.0
marcelm;747;1;1.0
funnym0nk3y;733;1;1.0
agolovanov;709;1;1.0
ilippert;618;1;1.0
btut;7;5;389;4;6;27;6;9;6;6;5;2;11;41;54;7;49;66;46;47;57;16;979;874;0.034324942791762014
PGijsbers;593;1;1.0
k3KAW8Pnf7mkmdSMPHz27;3;4;2;15;55;47;15;2;12;22;6;34;12;7;6;3;5;2;5;69;86;7;5;3;23;32;111;31;5;41;2;425;1212;1102;0.03357531760435572
Arnan-Dee;539;1;1.0
zc-BEAR;429;1;1.0
hneyster;399;1;1.0
agnesdober;394;1;1.0
lhietal;374;1;1.0
bemilton;367;1;1.0
ibe-314;35;391;36;0.05555555555555555
sankayop;342;1;1.0
joethei;4;3;9;36;321;55;0.12727272727272726
DominikVoigt;54;2;43;4;32;24;9;17;2;3;12;10;6;15;3;4;3;4;77;13;116;583;458;0.056768558951965066
AtrusRiven;8;30;333;39;0.07692307692307693
eugenio;298;1;1.0
IsaacRoles;11;275;12;0.16666666666666666
dawidm;9;214;253;227;0.02643171806167401
Amudtogal;237;1;1.0
monikajaskolka;231;1;1.0
hemantgs;20;228;22;0.13636363636363635
daniel-price;7;175;8;0.25
ghost;1424;218;2;3;420;2;417;734;7;6;1328;3237;0.004324992276799506
wolfgang-noichl;10;405;550;416;0.007211538461538462
abadar;134;1;1.0
mikegilchrist;130;1;1.0
marecabo;102;1;1.0
m-wells;92;1;1.0
xolotl90;54;1;1.0
wujastyk;46;1;1.0
nilsstre;43;1;1.0
keinstein;22;1;1.0
sumitkharche;95;1;1.0
Avikrit10;96;1;1.0
sameshl;101;1;1.0
aytekinar;124;1;1.0
dewulf;1356;1;1.0
jscott0;108;66;109;0.01834862385321101
mohit038-zz;3;4;59;3;7;3;9;4;5;5;4;2;5;3;2;16;10;6;4;12;12;10;38;8;40;13;43;7;89;856;434;0.08525345622119816
Luggas4you;5;7;18;18;50;3;39;2;11;8;6;5;5;2;1341;184;0.10326086956521739
github-actions[bot];10;112;169;28;98;101;27;73;35;15;4;26;28;31;25;5;31;30;11;5;15;13;13;3;11;1340;927;0.03559870550161812
jlauber18;1340;1;1.0
Jaovitosr;1332;1;1.0
papatekken;9;1331;10;0.2
DohaRamadan;2;2;2;1326;7;0.5714285714285714
northword;129;1312;131;0.022900763358778626
guipmenezes;1308;1;1.0
aqurilla;7;15;18;7;68;3;7;3;4;17;28;1294;179;0.07262569832402235
credmond;57;1286;58;0.034482758620689655
Clunphumb;1279;1;1.0
pcabaniss;1277;1;1.0
dkokkotas;3;3;41;12;1254;60;0.08333333333333333
simar437;1240;1;1.0
desperadomzc;16;1239;17;0.11764705882352941
BeeJay28;14;5;1238;21;0.19047619047619047
DinjerChang;24;1238;25;0.08
Alexandra-Stath;1235;1;1.0
wy8881;4;1232;5;0.4
ShuaijuLv;1231;1;1.0
brunaoo;23;18;1230;42;0.07142857142857142
chiao26168;1224;1;1.0
eric052199;9;1224;10;0.2
vicluo96;1223;1;1.0
mtheiley;1221;1;1.0
ArunAvasi;1221;1;1.0
mkumar09;6;1220;7;0.2857142857142857
markfxm;1220;2;1.0
YifeiShi99;1217;1;1.0
ACeldo1;1215;1;1.0
OscarTopliss;47;1211;48;0.041666666666666664
sean-leichtle;1208;1;1.0
NS404;24;1206;25;0.08
yerraga;1205;1;1.0
deybis17;21;1204;22;0.09090909090909091
morganteg;32;1198;33;0.06060606060606061
hanachaari;1196;1;1.0
Zylence;1194;1;1.0
yenniejunvu;3;12;1188;16;0.1875
fuyuanyuanchn;1178;1;1.0
dlyrsk;1176;1;1.0
PFvanBeerendonk;6;1174;7;0.2857142857142857
NiD133;116;1173;117;0.017094017094017096
nikolaynikolaevn;1171;1;1.0
JawadTUE;1171;1;1.0
GuyPuts;1171;1;1.0
ssrpro;1171;1;1.0
HighCrit;1171;1;1.0
vigneshdurairaj;11;1170;12;0.16666666666666666
dragos222;1168;1;1.0
hiddevanesch;1168;1;1.0
Alex-Chenzilin;105;1162;106;0.018867924528301886
paulinegarelli;1148;1;1.0
JacobTrossing;1146;1;1.0
SECtim;1146;1;1.0
bf;1144;1;1.0
YANG-XingYu;11;1141;12;0.16666666666666666
karvalda;1132;1;1.0
waterflow80;120;1120;121;0.01652892561983471
lak7;1119;1;1.0
no-preserve-root;1112;1;1.0
sreenath-tm;144;69;1178;214;0.014018691588785047
atharvmishra1999;1103;1;1.0
Ravitwr;1100;2;1.0
shreverr;1100;1;1.0
Asrk03;1087;1;1.0
Oldgram;1075;1;1.0
rafatd;1066;1;1.0
mmohanb1;4;1065;5;0.4
Freeman6475;1065;1;1.0
K5qu4r3d;1063;1;1.0
alescrocaro;1062;1;1.0
mohanNaryana;1050;1;1.0
milescajus;1043;1;1.0
systemoperator;2;2;3;7;42;8;45;6;9;2;92;131;20;658;1042;1031;0.01745877788554801
manu-vaillant-afk;1038;1;1.0
robyquin;11;1034;12;0.16666666666666666
Boolunt;1026;1;1.0
roryoday;1023;1;1.0
SebieF;1022;1;1.0
DavidOWade;7;1019;8;0.25
Yu0404531;1019;1;1.0
YuiDOS;1019;1;1.0
xianghao-wang;1019;1;1.0
zeyu-gong;1018;1;1.0
William-Yao425;1018;1;1.0
june-hong;1017;1;1.0
Simone-Thai;1017;1;1.0
Rita-Zhou;1016;1;1.0
u7232539;1016;1;1.0
huangderek02;1016;1;1.0
Aditya31398;1015;1;1.0
yanyanliu1400;1014;1;1.0
Racheal7;2;1014;4;0.75
VernonKwa;1013;1;1.0
Yuxin0828;1013;1;1.0
leonzolati;1013;1;1.0
DunkDoge;1012;1;1.0
Anqiii-hub;1012;1;1.0
ANUu7312578;1012;1;1.0
tomazari;1012;1;1.0
Gpax971;1012;2;1.0
YesWeCandrew;1012;1;1.0
u7306160;1011;1;1.0
sjb-ch1mp;3;1011;4;0.5
muzhenying;1010;1;1.0
ethantr;1010;1;1.0
shafinkamal;8;1007;9;0.2222222222222222
m-mauersberger;16;692;81;1006;790;0.005063291139240506
tomnguye;1003;1;1.0
qingyacanxue;1001;1;1.0
natejlong;1001;1;1.0
0x002A;107;36;998;145;0.027586206896551724
TheGor1lla;2;993;3;0.6666666666666666
ezienecker;992;1;1.0
dominikaxx;990;1;1.0
berry120;364;989;365;0.005479452054794521
scarpio02;986;1;1.0
thiagocferr;981;1;1.0
MorettiGS;957;1;1.0
jvsdurso;17;956;18;0.1111111111111111
Luan-Cavalcante;956;1;1.0
Victor-Buendia;956;1;1.0
GabriellyAssuncao;956;1;1.0
hugorochaffs;956;1;1.0
DaviMatheus;941;1;1.0
YANG-CY-163;912;1;1.0
GNAQ;15;912;16;0.125
xiaoyanghuo;15;912;16;0.125
ThankyouTaro;912;1;1.0
fenmaple;911;1;1.0
Ognimalf;908;1;1.0
Tobi0;908;1;1.0
120L021419;897;1;1.0
ZephyrFan;897;1;1.0
christinait2022;896;1;1.0
120L022326;895;1;1.0
victordmp;893;1;1.0
linsui;890;1;1.0
LIM0000;5;2;5;2;5;8;15;4;3;889;50;0.2
jakkarth;63;877;65;0.046153846153846156
Christina0114;7;15;869;24;0.16666666666666666
a1819644;864;1;1.0
MVP-D77;863;1;1.0
NYH-Dolphin;52;18;862;71;0.04225352112676056
the-star-sea;862;1;1.0
LachyP;861;1;1.0
lishangyu9;861;1;1.0
zkl-ai;22;858;23;0.08695652173913043
tomlinn;8;854;9;0.2222222222222222
josepylee;854;2;1.0
Rifat951;853;1;1.0
Beingmani;853;1;1.0
fly-ing-fish;28;853;29;0.06896551724137931
pratt33k;10;853;11;0.18181818181818182
prashant1712;851;1;1.0
Yancy10-1;23;851;24;0.08333333333333333
Css22;22;851;23;0.08695652173913043
0CoolMichael;21;851;22;0.09090909090909091
falschgeldkind;849;1;1.0
nathannaveen;839;1;1.0
yogeshvar;834;1;1.0
melmorsy;832;1;1.0
Gelma1;6;832;8;0.375
JeffersonJefferson-pixel;830;1;1.0
ThisTestUser;13;830;14;0.14285714285714285
bhanupriya-code;825;1;1.0
vithlaithla;823;1;1.0
Jonathan-Oliveira;20;821;21;0.09523809523809523
CarlosZoft;19;821;20;0.1
snyk-bot;111;41;44;818;197;0.02030456852791878
AntonioIgorCarvalho;811;1;1.0
LingZhang22;21;810;22;0.09090909090909091
caiobsantos;803;1;1.0
oEduardoAfonso;803;1;1.0
PedroLimass;802;1;1.0
thiagohdaqw;802;1;1.0
luiz-hfz;802;1;1.0
ruivououou;799;1;1.0
paulohgontijoo;798;1;1.0
caiomiglioli;796;1;1.0
Neitan2001;796;1;1.0
ni-wi;794;1;1.0
etienne428;2;792;3;0.6666666666666666
JoaoHenrique12;786;1;1.0
addak;11;784;12;0.16666666666666666
Insomniac66;782;1;1.0
alexandre-cremieux;766;1;1.0
Kai-Franke-DLR;756;1;1.0
RyanEubank;755;1;1.0
Shinigami;744;1;1.0
GabrielZardoya;743;1;1.0
dimitrisdimos00;19;740;20;0.1
brunoAlexAraujo;709;2;1.0
dmadoery;14;707;15;0.13333333333333333
ppd;72;696;73;0.0273972602739726
stoianmihail;694;1;1.0
ruoyu-qian;6;21;690;28;0.10714285714285714
pallavipattewar;673;1;1.0
evanpickett;671;1;1.0
jiezheng5;8;670;9;0.2222222222222222
xiaoxianma;666;1;1.0
sponbob-pat;3;664;4;0.5
mrcstan;7;663;8;0.25
faco400;661;1;1.0
ColemanKobe;654;1;1.0
lboaventura25;642;1;1.0
colinhex;631;1;1.0
brunocmo;629;1;1.0
X1nbb;569;1;1.0
taotao859;569;1;1.0
DongBaiYue;569;1;1.0
team10-h;568;1;1.0
JJJoex;15;565;16;0.125
rayinfinite;564;1;1.0
AidanM11;19;561;20;0.1
C0lliNN;554;1;1.0
gdrosos;6;524;7;0.2857142857142857
antalk2;8;90;7;7;512;113;0.04424778761061947
brapana;7;14;510;22;0.13636363636363635
BasilDimopoulos;501;1;1.0
gwy15;496;1;1.0
EricLee543;491;1;1.0
Noname690;25;490;26;0.07692307692307693
SuXiChangZhen;6;6;490;14;0.2857142857142857
Gan-Cheng;25;489;26;0.07692307692307693
Fifi-wang;24;487;26;0.11538461538461539
Ryyyc;7;11;3;483;22;0.18181818181818182
hugomfandrade;4;483;5;0.4
sj30001;482;1;1.0
devinluo27;16;481;17;0.11764705882352941
MrGhabi;23;481;24;0.08333333333333333
guyf2010;481;1;1.0
dateri;479;2;1.0
apurvachuri;479;1;1.0
XDZhelheim;9;50;478;60;0.05
cboyce376;477;1;1.0
Pikayue11;14;475;15;0.13333333333333333
nasdas-dev;15;21;14;475;51;0.0784313725490196
ningxie1991;12;19;4;13;474;49;0.10204081632653061
Davfon;11;22;2;14;474;50;0.1
BShaq;13;23;12;474;50;0.1
JavuesZhang;3;464;5;0.6
ibrahima-c;459;1;1.0
italo-07;442;1;1.0
tp-1000;9;9;440;19;0.15789473684210525
BenArou;438;1;1.0
EduRibeiro00;437;1;1.0
n-elie;436;1;1.0
BJaroszkowski;9;5;19;435;34;0.11764705882352941
martinfalke;425;1;1.0
yinpeiqi;3;3;425;7;0.42857142857142855
tmrd993;44;4;104;27;2;415;183;0.03825136612021858
osclind;413;1;1.0
binsu-kth;410;1;1.0
juhannc;397;1;1.0
LucasF-42;396;1;1.0
Landi29;8;390;9;0.2222222222222222
Fu188;2;4;2;385;11;0.5454545454545454
bazjo;369;1;1.0
docrjp;8;363;9;0.2222222222222222
Shadow-Devil;357;1;1.0
faeludire;6;355;8;0.375
PremKolar;13;88;14;348;116;0.034482758620689655
devjuliet;343;1;1.0
JofielB;9;343;11;0.2727272727272727
emugdan;328;1;1.0
timbachmann;2;324;3;0.6666666666666666
JohanDelValleV;324;1;1.0
luis-valdez;323;1;1.0
manassingh2611;317;1;1.0
ole-ve;305;1;1.0
Niffler;12;284;13;0.15384615384615385
Gena928;4;7;5;15;150;6;15;279;203;0.03940886699507389
nitram509;277;1;1.0
schrothbn;271;1;1.0
skeric;268;1;1.0
jasper-vandemalle;263;1;1.0
Toromtomtom;2;6;3;263;12;0.3333333333333333
magsilva;263;1;1.0
fabiojavamarcos;23;255;24;0.08333333333333333
rowanh22;237;1;1.0
rmoradc;232;1;1.0
IfIWantedTo;231;1;1.0
rneerg;220;1;1.0
marcelluethi;216;1;1.0
Vince250598;26;210;27;0.07407407407407407
KunAndrew;209;1;1.0
ddunig2;212;194;213;0.009389671361502348
alchimos;17;180;18;0.1111111111111111
Redevectored;178;2;1.0
MatthijsBurgh;174;1;1.0
alex-petrov-vt;164;2;1.0
gdstewart;159;1;1.0
dextep;8;7;10;44;3;149;73;0.0821917808219178
caoyucen;147;1;1.0
sustcstar;137;1;1.0
libkoi;137;2;1.0
newtypes9;137;1;1.0
ZhouSky;137;1;1.0
WangAooa;13;9;4;137;27;0.14814814814814814
chenyuheng;5;18;137;24;0.125
Hollyqqqqq;24;136;26;0.11538461538461539
braincident;23;136;24;0.08333333333333333
LuckyOne09;4;21;133;26;0.11538461538461539
leitianjian;20;9;17;130;47;0.0851063829787234
Oltman-B;128;1;1.0
MootezSaaD;2;3;3;15;125;25;0.24
andre-schlichting;121;1;1.0
silverhorse;114;1;1.0
Xuanxuan-Zou;114;1;1.0
catarinagomespt;2;112;3;0.6666666666666666
dimitra-karadima;6;31;111;38;0.07894736842105263
nsmt09;110;1;1.0
HifeFish;108;1;1.0
alexkarezin;106;1;1.0
hrandrianasolo;106;1;1.0
HussainArif12;96;1;1.0
mayrmt;1030;1121;1031;0.0019398642095053346
jcampbell11245;86;1;1.0
Schaggerlag;78;1;1.0
AlexanderGirgis;77;1;1.0
jlaehne;3;2;12;18;15;40;98;229;189;0.042328042328042326
spethso;75;1;1.0
gtam25;70;1;1.0
thomasrockhu;67;1;1.0
fabgio;65;1;1.0
eetian;48;1;1.0
ShikunXiong;45;1;1.0
muachilin;43;1;1.0
GlennOlsson;43;1;1.0
augustjanse;42;1;1.0
stevensdavid;41;1;1.0
christinerosquist;3;35;5;0.6
yiiju;31;1;1.0
duelle;14;1;1.0
zettogatsu;32;13;33;0.06060606060606061
joelostblom;13;1;1.0
MhhhxX;9;1;1.0
t-morales;5;1;1.0
jjsfernandez;11;2;20;14;0.21428571428571427
CarodePourtales;5;30;6;0.3333333333333333
CloudFenrir;3;34;4;0.5
wandersonmn;42;1;1.0
NikodemKch;61;1;1.0
shendrekbharath;76;1;1.0
clodoaldoBasaglia;184;1;1.0
PedroPerozin;188;1;1.0
Fminorelli;190;1;1.0
github-botasdfsdf;204;1;1.0
borovikovnik;240;1;1.0
mariasalamea;248;1;1.0
dbruening53;275;1;1.0
mkonersmann;281;1;1.0
LakminiSenanayake;283;1;1.0
cacarter08;285;1;1.0
soumyadip007;318;1;1.0
Tobnac;443;1;1.0
springzfx;3;445;4;0.5
slyr91;184;461;185;0.010810810810810811
ngrant123;500;1;1.0
1160300607;518;1;1.0
dongyc98;518;1;1.0
cszhilu1998;518;1;1.0
DuJunda;522;1;1.0
1160300420;542;1;1.0
lwb515;542;1;1.0
1160200515;554;1;1.0
schmidja;695;1;1.0
mohamad-altaweel;695;1;1.0
danielabajirov;695;1;1.0
stoever;696;1;1.0
N4tus;697;1;1.0
grotepfn;699;1;1.0
muntrob;780;1;1.0
dfischer049;798;1;1.0
sudoHackIn;804;1;1.0
sammann-fnordkollektiv;10;2;2;850;15;0.26666666666666666
viniciusnagura;909;1;1.0
miguelgvieira;912;1;1.0
ruansilvx;919;2;1.0
guihenna;919;1;1.0
FabianMarcoBauer;995;1;1.0
lscchnh;1000;1;1.0
yfpeng;1101;1;1.0
fronchetti;1128;1;1.0
dierkes;1163;1;1.0
Piaoshi;1333;1;1.0
ThiagoYonamine;1338;1;1.0
AymanDF;1441;1;1.0
nsheff;1744;1;1.0
grrrats;1870;1;1.0
leeohaddad;1905;1;1.0
edukempf;1972;1;1.0
adaerr;2093;1;1.0
tdegeus;262;1020;264;0.011363636363636364
AkshatJain9;1006;1;1.0
kingaa;954;1;1.0
Danaroth83;950;1;1.0
iagobaapellaniz;925;1;1.0
jhossbach;853;1;1.0
jmmelko;767;1;1.0
RJDan;3;742;4;0.5
jannisborn;674;1;1.0
Gigiux;3;418;5;0.6
allcontributors[bot];226;1;1.0
dominicelse;168;1;1.0
patrickmelix;128;1;1.0
jd-a;85;1;1.0
yuzie007;76;1;1.0
nujabse;21;54;22;0.09090909090909091
LukasCBossert;777;1;1.0
srivastavaayu;85;1;1.0
mai-space;1313;1;1.0
xJREB;1126;1;1.0
socadk;643;1;1.0
jonititan;1444;1;1.0
Haini;134;1;1.0
arshadkazmi42;81;1;1.0
Bastelbursche;856;1;1.0
codelikesuraj;274;1;1.0
randomchars42;5;141;6;0.3333333333333333
mohit038;3;2;204;8;1194;220;0.031818181818181815
