josh;2011-05-13/2011-05-17;2011-05-17/2011-05-20;2011-05-27/2011-05-29;2011-06-04/2011-06-06;2011-06-08/2011-06-12;2011-06-16/2011-06-18;2011-06-19/2011-06-22;2011-06-23/2011-06-25;2011-06-25/2011-06-27;2011-06-29/2011-07-03;2011-07-03/2011-07-05;2011-07-08/2011-07-13;2011-07-13/2011-07-18;2011-07-19/2011-07-21;2011-07-22/2011-07-25;2011-07-26/2011-07-28;2011-07-28/2011-08-01;2011-08-01/2011-08-05;2011-08-05/2011-08-09;2011-08-09/2011-08-11;2011-08-11/2011-08-22;2011-08-23/2011-08-29;2011-08-30/2011-09-01;2011-09-01/2011-09-06;2011-09-08/2011-09-16;2011-09-16/2011-09-21;2011-09-21/2011-09-26;2011-09-28/2011-10-06;2011-10-06/2011-10-10;2011-10-10/2011-10-14;2011-10-14/2011-10-24;2011-10-25/2011-10-30;2011-10-30/2011-11-06;2011-11-07/2011-11-09;2011-11-09/2011-11-17;2011-11-17/2011-11-21;2011-11-22/2011-12-07;2011-12-07/2011-12-14;2011-12-15/2011-12-17;2011-12-17/2011-12-23;2011-12-23/2011-12-27;2011-12-27/2012-01-16;2012-01-16/2012-02-03;2012-02-03/2012-02-15;2012-02-15/2012-03-05;2012-03-05/2012-03-19;2012-03-19/2012-03-21;2012-03-21/2012-03-23;2012-03-23/2012-03-27;2012-03-28/2012-04-17;2012-04-17/2012-04-19;2012-04-19/2012-05-06;2012-05-06/2012-05-08;2012-05-10/2012-05-31;2012-05-31/2012-06-07;2012-06-08/2012-06-19;2012-06-22/2012-07-13;2012-07-13/2012-07-20;2012-07-21/2012-07-23;2012-07-24/2012-08-03;2012-08-03/2012-08-06;2012-08-07/2012-08-14;2012-08-15/2012-08-20;2012-08-20/2012-08-23;2012-08-23/2012-08-27;2012-08-28/2012-09-04;2012-09-04/2012-09-24;2012-09-24/2012-10-07;2012-10-07/2012-12-02;2012-12-02/2012-12-10;2012-12-10/2013-06-10;2013-06-10/2014-06-23;2014-06-23/2015-08-07;2015-08-07/2016-09-23;2016-09-23/2020-01-15
elibarzilay;2011-06-27/2020-01-15
carlosgaldino;2011-06-27/2012-02-29;2012-02-29/2020-01-15
horndude77;2011-06-28/2020-01-15
meh;2011-06-28/2020-01-15
justinyost;2011-06-28/2020-01-15
rkh;2011-06-28/2020-01-15
earl;2011-06-28/2011-07-06;2011-07-06/2020-01-15
supahgreg;2011-07-03/2020-01-15
christophermanning;2011-07-03/2020-01-15
sarahhodne;2011-07-03/2020-01-15
bilderbuchi;2011-07-03/2020-01-15
Zlender;2011-07-05/2020-01-15
tautologico;2011-07-05/2020-01-15
softprops;2011-07-06/2017-02-22;2017-02-22/2020-01-15
CyberShadow;2011-07-06/2020-01-15
Ziaw;2011-07-08/2020-01-15
Visgean;2011-07-13/2020-01-15
jonsterling;2011-07-13/2020-01-15
lkuper;2011-07-15/2011-07-17;2011-07-17/2020-01-15
bmabey;2011-07-21/2020-01-15
Sharpie;2011-07-22/2020-01-15
avdg;2011-07-24/2020-01-15
flaviusb;2011-07-28/2020-01-15
leto;2011-07-28/2020-01-15
tekkub;2011-07-30/2020-01-15
anaisbetts;2011-08-03/2011-08-11;2011-08-11/2011-11-23;2011-11-23/2012-03-28;2012-03-28/2013-07-11;2013-07-11/2020-01-15
kprevas;2011-08-05/2020-01-15
ognevsky;2011-08-09/2020-01-15
petros;2011-08-19/2011-09-22;2011-09-22/2020-01-15
pjhyett;2011-08-27/2020-01-15
beckje01;2011-08-29/2020-01-15
Uberi;2011-09-01/2020-01-15
kevinsawicki;2011-09-01/2013-01-15;2013-01-15/2013-02-13;2013-02-13/2013-02-21;2013-02-21/2014-06-18;2014-06-20/2020-01-15
stof;2011-09-06/2011-12-07;2011-12-07/2017-04-20;2017-04-20/2020-01-15
mgdm;2011-09-21/2020-01-15
robsimmons;2011-09-23/2020-01-15
tmcw;2011-10-06/2020-01-15
maieul;2011-10-14/2014-07-31;2014-07-31/2014-08-14;2014-08-14/2020-01-15
zmanji;2011-10-23/2020-01-15
kepstin;2011-10-25/2020-01-15
alloy;2011-11-09/2017-02-20;2017-02-20/2020-01-15
trishume;2011-11-16/2020-01-15
FredrikL;2011-11-17/2020-01-15
gsmcwhirter;2011-11-22/2020-01-15
sunaku;2011-11-23/2020-01-15
tmm1;2011-11-24/2020-01-15
tclem;2011-12-07/2011-12-09;2011-12-09/2019-04-17;2019-04-17/2020-01-15
arturdryomov;2011-12-14/2020-01-15
frewsxcv;2011-12-15/2020-01-15
sbisbee;2011-12-15/2020-01-15
dom96;2011-12-27/2020-01-15
earwig;2012-01-22/2020-01-15
brynary;2012-01-22/2020-01-15
thorade;2012-01-25/2015-07-07;2015-07-07/2020-01-15
utkarshkukreti;2012-01-25/2020-01-15
robnewman;2012-02-03/2020-01-15
leafo;2012-02-09/2012-08-30;2012-08-30/2013-01-08;2013-01-08/2020-01-15
caged;2012-02-13/2020-01-15
thomshouse;2012-02-14/2020-01-15
MeirKriheli;2012-02-15/2020-01-15
rankida;2012-02-15/2020-01-15
zhensydow;2012-02-17/2020-01-15
abevoelker;2012-02-09/2012-02-17;2012-02-17/2012-03-21;2012-03-21/2020-01-15
mavam;2012-02-22/2020-01-15
jaxzin;2012-02-25/2012-03-11;2012-03-11/2012-03-19;2012-03-19/2020-01-15
pmoura;2012-03-02/2013-08-19;2013-08-19/2014-09-12;2014-09-12/2020-01-15
jstrachan;2012-03-05/2012-03-21;2012-03-21/2020-01-15
jerstlouis;2012-03-14/2020-01-15
semperos;2012-03-19/2020-01-15
trq;2012-03-25/2020-01-15
baoshan;2012-03-28/2020-01-15
lparenteau;2012-03-27/2012-03-29;2012-03-29/2012-04-27;2012-04-27/2012-05-14;2012-05-14/2012-05-22;2012-05-22/2013-03-14;2013-03-14/2020-01-15
aseemk;2012-04-03/2020-01-15
pao;2012-04-03/2012-04-05;2012-04-05/2020-01-15
rodjek;2012-04-09/2020-01-15
vmg;2012-04-09/2012-04-29;2012-04-29/2012-06-20;2012-06-20/2014-06-16;2014-06-16/2014-06-24;2014-06-27/2014-07-02;2014-07-02/2014-09-10;2014-09-11/2014-09-17;2014-09-17/2014-10-12;2014-10-13/2014-11-02;2014-11-02/2014-11-13;2014-11-14/2014-11-16;2014-11-17/2014-11-24;2014-11-24/2014-12-16;2014-12-16/2015-06-26;2015-06-26/2015-09-04;2015-09-04/2015-09-14;2015-09-14/2015-09-16;2015-09-16/2015-09-25;2015-09-25/2015-09-28;2015-09-28/2016-03-11;2016-03-11/2020-01-15
igrigorik;2012-04-09/2020-01-15
bakkdoor;2012-04-27/2020-01-15
thestinger;2012-05-08/2012-10-26;2012-10-26/2020-01-15
horchler;2012-05-08/2020-01-15
pwaller;2012-05-10/2020-01-15
rsanheim;2012-05-21/2020-01-15
johan;2012-06-06/2013-02-22;2013-02-22/2020-01-15
ianmjones;2012-06-06/2020-01-15
michaelficarra;2012-06-19/2020-01-15
chochos;2012-07-05/2020-01-15
borgified;2012-07-13/2020-01-15
tnm;2012-07-14/2013-01-02;2013-01-02/2013-01-08;2013-01-09/2013-01-28;2013-01-28/2013-02-01;2013-02-01/2013-02-12;2013-02-12/2013-02-14;2013-02-14/2013-02-16;2013-02-18/2013-02-21;2013-02-23/2013-02-25;2013-02-27/2013-03-03;2013-03-04/2013-03-06;2013-03-08/2013-03-10;2013-03-10/2013-03-12;2013-03-14/2013-03-17;2013-03-19/2013-03-23;2013-03-23/2013-03-26;2013-03-26/2013-04-02;2013-04-02/2013-04-04;2013-04-04/2013-04-17;2013-04-17/2013-04-24;2013-04-24/2013-04-27;2013-04-27/2013-04-29;2013-04-29/2013-05-03;2013-05-03/2013-05-06;2013-05-06/2013-05-11;2013-05-11/2013-05-22;2013-05-22/2013-05-27;2013-05-27/2013-05-31;2013-05-31/2013-06-06;2013-06-06/2013-06-10;2013-06-10/2013-06-19;2013-06-19/2013-06-24;2013-06-24/2013-07-07;2013-07-08/2013-07-12;2013-07-12/2013-07-14;2013-07-15/2013-07-17;2013-07-17/2013-07-20;2013-07-21/2013-07-26;2013-07-26/2013-07-30;2013-07-30/2013-08-02;2013-08-03/2013-08-06;2013-08-06/2013-08-14;2013-08-16/2013-08-18;2013-08-20/2013-08-26;2013-08-28/2013-09-02;2013-09-04/2013-09-06;2013-09-06/2013-09-09;2013-09-09/2013-09-19;2013-09-20/2013-09-26;2013-09-26/2013-10-02;2013-10-02/2013-10-13;2013-10-13/2013-10-17;2013-10-17/2013-10-23;2013-10-23/2013-10-28;2013-11-01/2013-11-05;2013-11-08/2013-11-10;2013-11-11/2013-11-16;2013-11-17/2013-11-20;2013-11-20/2013-11-24;2013-11-24/2013-12-04;2013-12-05/2013-12-07;2013-12-12/2013-12-14;2013-12-17/2013-12-19;2013-12-24/2013-12-27;2014-01-04/2014-01-06;2014-01-06/2014-01-09;2014-01-09/2014-01-11;2014-01-11/2014-01-13;2014-01-14/2014-01-16;2014-01-16/2014-01-21;2014-01-21/2014-01-24;2014-01-26/2014-01-29;2014-01-29/2014-02-06;2014-02-06/2014-02-09;2014-02-09/2014-02-13;2014-02-13/2014-02-15;2014-02-17/2014-02-20;2014-02-21/2014-02-25;2014-02-26/2014-03-03;2014-03-03/2014-03-06;2014-03-06/2014-03-08;2014-03-09/2014-03-12;2014-03-13/2014-03-16;2014-03-16/2014-10-10;2014-10-10/2015-04-16;2015-04-16/2020-01-15
seldridge;2012-07-20/2020-01-15
jeanlouisboudart;2012-07-21/2020-01-15
remi;2012-07-23/2020-01-15
oxan;2012-08-09/2020-01-15
brcooley;2012-08-14/2020-01-15
tiwe-de;2012-08-14/2020-01-15
bfontaine;2012-08-17/2013-02-17;2013-02-17/2014-02-03;2014-02-04/2020-01-15
strangewarp;2012-08-18/2013-01-08;2013-01-08/2020-01-15
stevepiercy;2012-08-19/2012-12-05;2012-12-05/2012-12-07;2012-12-07/2012-12-18;2012-12-18/2013-01-02;2013-01-02/2020-01-15
db0company;2012-08-27/2020-01-15
jcazevedo;2012-08-28/2020-01-15
rtomayko;2012-09-11/2020-01-15
ptrv;2012-09-10/2020-01-15
reactormonk;2012-09-13/2020-01-15
seanupton;2012-09-18/2020-01-15
afronski;2012-09-21/2020-01-15
DrItanium;2012-10-22/2020-01-15
wagenet;2012-11-13/2020-01-15
bhuga;2012-11-19/2020-01-15
johanatan;2012-11-26/2020-01-15
andyli;2012-11-26/2014-05-17;2014-05-17/2020-01-15
DominikTo;2012-12-02/2020-01-15
mislav;2012-12-04/2012-12-06;2012-12-06/2015-09-21;2015-09-21/2020-01-15
tobin;2012-10-02/2020-01-15
stuarthalloway;2012-12-18/2013-01-09;2013-01-09/2020-01-15
mndrix;2012-12-22/2013-08-30;2013-08-30/2014-03-17;2014-03-17/2020-01-15
rofl0r;2013-01-02/2020-01-15
paulmillr;2013-01-03/2013-01-08;2013-01-08/2020-01-15
BPScott;2013-01-07/2013-01-31;2013-01-31/2020-01-15
tucnak;2013-01-10/2013-02-23;2013-02-23/2013-03-17;2013-03-17/2020-01-15
HerbertKoelman;2013-01-10/2020-01-15
mrorii;2013-01-13/2020-01-15
nicolasdanet;2013-01-17/2020-01-15
skalnik;2013-01-17/2013-02-26;2013-02-26/2020-01-15
dveeden;2013-01-21/2013-02-25;2013-02-25/2020-01-15
zacstewart;2013-01-22/2020-01-15
moorepants;2013-01-30/2020-01-15
cjdrake;2013-01-31/2020-01-15
vincentwoo;2013-02-03/2020-01-15
ntkme;2013-01-30/2015-03-08;2015-03-09/2015-03-24;2015-03-24/2020-01-15
evanmiller;2013-02-08/2020-01-15
REAS;2013-02-13/2013-02-24;2013-02-24/2013-03-09;2013-03-09/2020-01-15
rdeltour;2013-02-15/2013-02-25;2013-02-25/2013-03-15;2013-03-15/2020-01-15
tinnet;2013-02-16/2020-01-15
erik;2013-02-18/2020-01-15
refractalize;2013-02-22/2020-01-15
elehcim;2013-02-22/2013-02-26;2013-02-26/2020-01-15
kevinjalbert;2013-02-23/2020-01-15
JDutil;2013-02-23/2020-01-15
PulsarBlow;2013-02-23/2020-01-15
soimort;2013-02-27/2020-01-15
brianmario;2013-02-27/2014-05-11;2014-05-12/2014-06-04;2014-06-05/2014-06-07;2014-06-07/2014-06-10;2014-06-10/2020-01-15
upsuper;2013-03-02/2020-01-15
pborreli;2013-03-03/2020-01-15
DHowett;2012-11-22/2013-03-06;2013-03-06/2020-01-15
brson;2013-03-06/2020-01-15
gentoo90;2013-03-07/2020-01-15
dwarfland;2013-03-08/2013-04-03;2013-04-03/2013-04-27;2013-04-27/2020-01-15
richo;2013-03-13/2020-01-15
stuartpb;2013-03-16/2015-03-24;2015-03-24/2020-01-15
Giacom;2013-03-25/2013-12-04;2013-12-04/2020-01-15
gjtorikian;2013-03-25/2013-09-24;2013-09-25/2013-10-13;2013-10-13/2013-12-08;2013-12-09/2013-12-22;2013-12-22/2014-11-24;2014-11-24/2014-11-28;2014-11-28/2014-12-01;2014-12-01/2014-12-03;2014-12-07/2014-12-09;2014-12-09/2014-12-16;2014-12-16/2015-02-22;2015-02-24/2015-03-25;2015-03-25/2015-04-01;2015-04-04/2015-04-06;2015-04-06/2015-06-05;2015-06-05/2015-06-20;2015-06-20/2015-07-15;2015-07-15/2016-04-14;2016-04-14/2017-02-20;2017-02-20/2020-01-15
sshirokov;2013-04-04/2020-01-15
mihaip;2013-04-17/2020-01-15
liluo;2013-04-19/2013-08-30;2013-08-30/2013-11-17;2013-11-17/2020-01-15
relrod;2013-04-21/2013-10-31;2013-10-31/2014-04-22;2014-04-22/2020-01-15
waltherg;2013-04-27/2020-01-15
josegonzalez;2013-04-30/2020-01-15
ppannuto;2013-05-06/2013-12-05;2013-12-05/2020-01-15
Drup;2013-05-13/2020-01-15
wjlroe;2013-05-13/2020-01-15
AdamFerguson;2013-05-16/2020-01-15
Gozala;2013-05-21/2020-01-15
Turbo87;2013-05-27/2020-01-15
mmullis;2013-05-30/2020-01-15
MatthewFluet;2013-05-31/2020-01-15
aaronpuchert;2013-01-18/2013-06-02;2013-06-02/2013-09-25;2013-09-25/2013-11-13;2013-11-13/2013-12-03;2013-12-03/2020-01-15
chriskuehl;2013-06-10/2013-11-05;2013-11-05/2015-03-11;2015-03-11/2020-01-15
zzet;2013-06-17/2013-09-09;2013-09-09/2020-01-15
jasonbot;2013-06-18/2020-01-15
hkdobrev;2013-06-18/2013-07-01;2013-07-01/2013-11-09;2013-11-09/2013-11-23;2013-11-23/2013-12-14;2013-12-14/2020-01-15
rschiang;2013-06-22/2020-01-15
timjb;2013-06-29/2013-09-19;2013-09-19/2013-11-05;2013-11-05/2020-01-15
cono;2013-07-08/2020-01-15
Aaron1011;2013-07-10/2020-01-15
alaingilbert;2013-07-11/2020-01-15
timm;2013-07-12/2020-01-15
haileys;2013-07-17/2013-09-06;2013-09-06/2013-10-16;2013-10-16/2013-12-03;2013-12-04/2015-02-25;2015-02-25/2020-01-15
jayphelps;2013-07-18/2015-01-16;2015-01-16/2020-01-15
windley;2013-07-19/2020-01-15
jsocol;2013-07-22/2020-01-15
vszakats;2013-07-24/2013-11-05;2013-11-05/2015-07-13;2015-07-13/2015-07-15;2015-07-15/2020-01-15
calavera;2013-07-26/2020-01-15
HQ063;2013-07-30/2013-08-04;2013-08-04/2020-01-15
xandkar;2013-08-02/2015-12-15;2015-12-16/2020-01-15
kethomassen;2013-08-05/2013-09-09;2013-09-10/2020-01-15
adityam;2013-08-08/2013-08-29;2013-08-29/2020-01-15
robin850;2013-08-09/2020-01-15
abahgat;2013-08-14/2020-01-15
sethvargo;2013-08-15/2014-12-18;2014-12-18/2020-01-15
julik;2013-04-08/2020-01-15
larsbrinkhoff;2013-07-31/2013-08-24;2013-08-24/2013-09-09;2013-09-09/2013-10-02;2013-10-02/2014-01-28;2014-01-28/2014-09-19;2014-09-19/2014-09-25;2014-09-25/2014-09-30;2014-09-30/2014-11-12;2014-11-12/2014-11-27;2014-11-27/2014-12-05;2014-12-05/2014-12-08;2014-12-08/2015-01-08;2015-01-09/2015-02-01;2015-02-01/2015-02-03;2015-02-04/2015-02-10;2015-02-10/2015-02-14;2015-02-14/2015-02-16;2015-02-16/2015-02-20;2015-02-21/2015-03-04;2015-03-04/2015-03-18;2015-03-19/2015-03-21;2015-03-21/2015-03-25;2015-03-26/2015-04-06;2015-04-06/2015-04-10;2015-04-11/2015-04-13;2015-04-13/2015-04-19;2015-04-19/2015-05-04;2015-05-04/2015-05-06;2015-05-06/2015-05-12;2015-05-12/2015-05-25;2015-05-25/2015-05-28;2015-05-29/2015-06-12;2015-06-12/2015-08-13;2015-08-14/2015-08-30;2015-08-31/2015-11-18;2015-11-19/2016-06-20;2016-06-20/2016-06-30;2016-06-30/2016-07-11;2016-07-11/2016-07-13;2016-07-13/2016-07-29;2016-07-29/2016-09-07;2016-09-07/2016-09-09;2016-09-09/2016-09-14;2016-09-15/2016-10-03;2016-10-03/2016-10-12;2016-10-12/2016-10-25;2016-10-25/2017-02-02;2017-02-02/2020-01-15
Dav1dde;2013-08-22/2020-01-15
zulus;2013-08-23/2020-01-15
acgetchell;2013-09-01/2020-01-15
Mouq;2013-09-02/2020-01-15
johnjcamilleri;2013-09-03/2013-09-27;2013-09-27/2019-05-10;2019-05-10/2020-01-15
r0man;2013-09-03/2020-01-15
matkoniecz;2013-09-05/2020-01-15
webhat;2013-09-05/2014-05-13;2014-05-13/2020-01-15
faithanne;2013-09-06/2020-01-15
Jaxan;2013-09-13/2013-09-21;2013-09-21/2014-10-05;2014-10-05/2020-01-15
le717;2013-09-20/2020-01-15
robstoll;2013-09-27/2020-01-15
thorn0;2013-09-30/2020-01-15
glts;2013-09-30/2020-01-15
andygrunwald;2013-04-30/2020-01-15
Jaykul;2013-10-12/2013-10-14;2013-10-14/2020-01-15
SparkysWidgets;2013-10-14/2014-03-12;2014-03-12/2020-01-15
olivergondza;2013-10-14/2020-01-15
WestleyArgentum;2013-10-18/2020-01-15
qqshfox;2013-02-22/2020-01-15
sstephenson;2013-10-18/2020-01-15
Sheeo;2013-10-22/2020-01-15
jeabakker;2013-10-25/2020-01-15
danluu;2013-10-26/2020-01-15
lukaselmer;2013-10-28/2013-11-06;2013-11-06/2020-01-15
PaulBone;2013-03-08/2020-01-15
hoelzro;2013-10-29/2013-11-18;2013-11-18/2013-12-04;2013-12-04/2014-01-03;2014-01-03/2014-01-25;2014-01-25/2014-11-26;2014-11-26/2020-01-15
Bartvds;2013-08-14/2020-01-15
myguidingstar;2013-04-15/2013-11-05;2013-11-05/2020-01-15
frans-k;2013-11-05/2020-01-15
kashif;2013-11-05/2020-01-15
bricker;2013-11-06/2020-01-15
GordonSmith;2013-08-19/2013-11-06;2013-11-06/2020-01-15
GreatEmerald;2013-11-09/2020-01-15
afischer;2013-11-09/2020-01-15
eschulte;2013-09-15/2013-11-09;2013-11-09/2020-01-15
wjk;2013-11-10/2020-01-15
jvanegmond;2013-11-14/2020-01-15
standage;2013-11-15/2020-01-15
jimhester;2013-11-18/2014-01-02;2014-01-02/2020-01-15
computmaxer;2013-11-22/2013-12-05;2013-12-05/2020-01-15
mikepurvis;2013-11-23/2020-01-15
natcl;2013-11-24/2020-01-15
elofgren;2013-12-03/2013-12-05;2013-12-05/2020-01-15
sgallagher;2013-12-06/2020-01-15
remixz;2013-12-07/2020-01-15
Flyingmana;2013-12-08/2020-01-15
akre54;2013-12-11/2020-01-15
waddlesplash;2013-12-10/2020-01-15
bkeepers;2013-12-10/2014-04-16;2014-04-16/2014-04-21;2014-04-22/2014-05-09;2014-05-09/2014-08-05;2014-08-05/2014-09-03;2014-09-03/2014-09-10;2014-09-10/2014-09-16;2014-09-16/2014-09-26;2014-09-26/2014-09-29;2014-09-29/2014-10-17;2014-10-17/2014-10-31;2014-10-31/2014-11-03;2014-11-03/2014-11-06;2014-11-08/2014-11-11;2014-11-11/2014-11-13;2014-11-13/2014-11-17;2014-11-20/2014-11-24;2014-11-24/2014-11-26;2014-11-29/2014-12-03;2014-12-03/2014-12-05;2014-12-05/2014-12-09;2014-12-12/2014-12-19;2014-12-19/2014-12-22;2014-12-22/2014-12-27;2014-12-27/2015-01-02;2015-01-02/2015-01-09;2015-01-10/2015-01-16;2015-01-16/2015-01-29;2015-01-29/2015-02-04;2015-02-04/2015-02-06;2015-02-06/2015-02-09;2015-02-09/2015-02-17;2015-02-17/2015-02-27;2015-02-27/2015-03-05;2015-03-05/2015-03-08;2015-03-08/2015-04-10;2015-04-10/2015-04-17;2015-04-18/2015-07-08;2015-07-08/2015-09-22;2015-09-22/2015-10-07;2015-10-07/2015-10-16;2015-10-16/2015-10-20;2015-10-20/2016-02-19;2016-02-19/2016-03-18;2016-03-18/2016-04-16;2016-04-16/2020-01-15
mmhelloworld;2013-12-11/2020-01-15
ethanwhite;2013-12-12/2020-01-15
dasmithii;2013-12-13/2014-03-11;2014-03-11/2020-01-15
arfon;2013-12-16/2013-12-21;2013-12-21/2013-12-23;2013-12-23/2013-12-30;2013-12-30/2014-01-03;2014-01-03/2014-02-18;2014-02-18/2014-04-21;2014-04-25/2014-04-27;2014-04-27/2014-05-02;2014-05-07/2014-05-13;2014-05-13/2014-05-22;2014-05-22/2014-05-27;2014-05-27/2014-05-30;2014-05-31/2014-06-02;2014-06-04/2014-06-06;2014-06-06/2014-06-09;2014-06-09/2014-06-16;2014-06-16/2014-06-18;2014-06-24/2014-06-26;2014-06-26/2014-07-01;2014-07-05/2014-07-07;2014-07-07/2014-07-09;2014-07-11/2014-07-15;2014-07-15/2014-07-22;2014-07-23/2014-07-28;2014-07-29/2014-08-06;2014-08-06/2014-08-11;2014-08-11/2014-08-13;2014-08-15/2014-08-18;2014-08-19/2014-08-21;2014-08-21/2014-08-28;2014-08-28/2014-09-04;2014-09-05/2014-09-10;2014-09-13/2014-09-15;2014-09-18/2014-09-20;2014-09-20/2014-09-22;2014-09-22/2014-09-24;2014-09-25/2014-09-29;2014-09-30/2014-10-03;2014-10-03/2014-10-10;2014-10-10/2014-10-13;2014-10-17/2014-10-19;2014-10-21/2014-10-23;2014-10-24/2014-10-26;2014-10-27/2014-10-29;2014-11-01/2014-11-03;2014-11-06/2014-11-17;2014-11-19/2014-11-21;2014-11-21/2014-11-25;2014-11-27/2014-11-29;2014-12-03/2014-12-06;2014-12-08/2014-12-10;2014-12-10/2014-12-12;2014-12-12/2014-12-17;2014-12-18/2014-12-31;2015-01-03/2015-01-08;2015-01-10/2015-01-12;2015-01-12/2015-01-15;2015-01-18/2015-01-20;2015-01-20/2015-01-23;2015-01-24/2015-01-26;2015-02-01/2015-02-04;2015-02-08/2015-02-10;2015-02-12/2015-02-16;2015-02-16/2015-02-24;2015-02-27/2015-03-01;2015-03-06/2015-03-12;2015-03-21/2015-03-23;2015-03-27/2015-03-30;2015-04-03/2015-04-05;2015-04-07/2015-04-10;2015-04-11/2015-04-13;2015-04-13/2015-04-16;2015-04-16/2015-04-20;2015-04-21/2015-05-02;2015-05-02/2015-05-04;2015-05-06/2015-05-12;2015-05-13/2015-05-15;2015-05-15/2015-05-18;2015-05-21/2015-05-27;2015-05-28/2015-05-31;2015-05-31/2015-06-04;2015-06-04/2015-06-12;2015-06-12/2015-06-15;2015-06-17/2015-06-30;2015-07-01/2015-07-04;2015-07-04/2015-07-08;2015-07-08/2015-07-10;2015-07-14/2015-07-16;2015-07-16/2015-07-20;2015-07-21/2015-07-25;2015-07-25/2015-07-29;2015-07-30/2015-08-04;2015-08-07/2015-08-10;2015-08-13/2015-08-18;2015-08-20/2015-08-26;2015-08-26/2015-09-01;2015-09-03/2015-09-08;2015-09-09/2015-09-23;2015-09-23/2015-09-27;2015-09-27/2015-10-05;2015-10-05/2015-10-11;2015-10-12/2015-10-19;2015-10-23/2015-10-26;2015-10-26/2015-11-05;2015-11-05/2015-11-10;2015-11-10/2015-11-13;2015-11-13/2015-11-16;2015-11-16/2015-11-20;2015-11-20/2015-11-23;2015-11-23/2015-12-02;2015-12-03/2015-12-08;2015-12-09/2015-12-14;2015-12-14/2015-12-16;2015-12-16/2015-12-18;2015-12-18/2016-01-03;2016-01-03/2016-01-07;2016-01-07/2016-01-15;2016-01-15/2016-01-17;2016-01-18/2016-01-22;2016-01-23/2016-02-01;2016-02-01/2016-02-03;2016-02-03/2016-02-05;2016-02-05/2016-02-12;2016-02-13/2016-02-19;2016-02-20/2016-02-24;2016-02-24/2016-02-27;2016-02-29/2016-03-04;2016-03-04/2016-03-08;2016-03-10/2016-03-12;2016-03-12/2016-03-17;2016-03-21/2016-03-23;2016-03-23/2016-03-25;2016-03-25/2016-03-28;2016-03-29/2016-04-03;2016-04-03/2016-04-14;2016-04-15/2016-04-29;2016-04-29/2016-05-06;2016-05-07/2016-05-09;2016-05-10/2016-06-02;2016-06-03/2016-06-05;2016-06-05/2016-06-07;2016-06-07/2016-06-13;2016-06-13/2016-06-18;2016-06-18/2016-06-21;2016-06-21/2016-06-25;2016-06-25/2016-06-27;2016-06-27/2016-07-02;2016-07-03/2016-07-10;2016-07-10/2016-07-12;2016-07-14/2016-07-29;2016-07-29/2016-08-03;2016-08-03/2016-08-10;2016-08-10/2016-08-19;2016-08-19/2016-08-24;2016-08-26/2016-09-04;2016-09-04/2016-09-06;2016-09-06/2016-09-12;2016-09-14/2016-09-21;2016-09-23/2016-09-26;2016-09-26/2016-10-01;2016-10-01/2016-10-06;2016-10-06/2016-10-09;2016-10-10/2016-10-12;2016-10-12/2016-10-17;2016-10-17/2016-10-22;2016-10-22/2016-10-25;2016-10-30/2016-11-01;2016-11-02/2016-11-04;2016-11-04/2016-12-13;2016-12-13/2017-01-09;2017-01-09/2020-01-15
rhunter;2013-10-07/2020-01-15
zhemao;2013-12-17/2020-01-15
rlidwka;2013-12-19/2020-01-15
cndreisbach;2013-12-22/2020-01-15
ChimeraCoder;2013-12-23/2020-01-15
wadetandy;2013-12-24/2020-01-15
natebrennand;2013-12-24/2020-01-15
ktdreyer;2013-12-27/2020-01-15
joshterrell805;2013-12-27/2020-01-15
emma-burrows;2014-01-01/2020-01-15
kevmoo;2013-12-31/2020-01-15
berkerpeksag;2013-12-14/2020-01-15
s0meone;2013-12-31/2020-01-15
GiamPy5;2014-01-04/2020-01-15
ruben2020;2014-01-04/2020-01-15
rognierbenoit;2014-01-09/2020-01-15
mihneadb;2014-01-13/2020-01-15
lawrencewoodman;2014-01-14/2020-01-15
edechter;2014-01-14/2016-02-22;2016-02-22/2020-01-15
hikari-no-yume;2014-01-19/2014-04-28;2014-04-28/2020-01-15
tiye;2014-01-23/2020-01-15
izuzak;2014-01-24/2014-02-17;2014-02-17/2020-01-15
abuiles;2014-01-25/2020-01-15
bbarker;2014-01-25/2018-01-13;2018-01-13/2020-01-15
pchaigno;2014-02-01/2014-02-10;2014-02-11/2014-02-21;2014-02-21/2014-02-25;2014-02-25/2014-03-04;2014-03-04/2014-03-24;2014-03-24/2014-03-28;2014-03-28/2014-04-22;2014-04-22/2014-04-24;2014-04-24/2014-04-27;2014-04-28/2014-05-04;2014-05-05/2014-05-07;2014-05-07/2014-06-01;2014-06-01/2014-06-03;2014-06-03/2014-06-10;2014-06-10/2014-06-13;2014-06-14/2014-06-19;2014-06-24/2014-06-28;2014-06-28/2014-07-09;2014-07-09/2014-08-01;2014-08-01/2014-08-03;2014-08-04/2014-08-14;2014-08-14/2014-09-02;2014-09-02/2014-09-05;2014-09-05/2014-09-15;2014-09-15/2014-09-25;2014-09-26/2014-10-15;2014-10-15/2014-10-21;2014-10-24/2014-10-27;2014-10-27/2014-10-29;2014-10-29/2014-11-13;2014-11-13/2014-11-17;2014-11-18/2014-11-25;2014-11-26/2014-11-29;2014-11-29/2014-12-02;2014-12-07/2014-12-11;2014-12-11/2014-12-16;2014-12-16/2014-12-27;2014-12-28/2015-01-02;2015-01-04/2015-01-06;2015-01-06/2015-01-10;2015-01-11/2015-01-17;2015-01-17/2015-01-23;2015-01-25/2015-01-27;2015-01-27/2015-01-31;2015-02-04/2015-02-06;2015-02-09/2015-02-15;2015-02-15/2015-02-21;2015-02-22/2015-02-26;2015-02-26/2015-02-28;2015-03-02/2015-03-05;2015-03-06/2015-03-14;2015-03-14/2015-04-05;2015-04-06/2015-04-08;2015-04-08/2015-04-10;2015-04-10/2015-04-19;2015-04-19/2015-04-22;2015-04-22/2015-04-25;2015-04-25/2015-05-01;2015-05-01/2015-05-04;2015-05-04/2015-05-10;2015-05-10/2015-05-30;2015-05-30/2015-06-06;2015-06-06/2015-06-12;2015-06-12/2015-06-18;2015-06-18/2015-06-21;2015-06-21/2015-06-28;2015-06-28/2015-07-04;2015-07-05/2015-07-12;2015-07-12/2015-07-20;2015-07-20/2015-08-04;2015-08-04/2015-08-06;2015-08-06/2015-08-09;2015-08-09/2015-08-13;2015-08-14/2015-08-18;2015-08-19/2015-08-21;2015-08-21/2015-08-24;2015-08-24/2015-09-03;2015-09-03/2015-09-05;2015-09-05/2015-10-04;2015-10-04/2015-10-13;2015-10-13/2015-10-22;2015-10-22/2015-12-05;2015-12-05/2015-12-08;2015-12-08/2015-12-20;2015-12-20/2015-12-23;2015-12-23/2016-01-03;2016-01-03/2016-01-10;2016-01-10/2016-01-16;2016-01-17/2016-01-31;2016-01-31/2016-02-03;2016-02-03/2016-02-19;2016-02-19/2016-03-09;2016-03-09/2016-03-12;2016-03-12/2016-03-19;2016-03-20/2016-04-26;2016-04-27/2016-04-29;2016-04-29/2016-05-03;2016-05-06/2016-06-21;2016-06-22/2016-06-26;2016-06-28/2016-07-01;2016-07-01/2016-07-12;2016-07-12/2016-07-14;2016-07-14/2016-08-24;2016-08-24/2016-08-27;2016-08-27/2016-09-04;2016-09-04/2016-09-11;2016-09-11/2016-09-13;2016-09-14/2016-09-24;2016-09-27/2016-10-09;2016-10-09/2016-10-22;2016-10-22/2016-11-01;2016-11-01/2016-11-18;2016-11-18/2016-11-29;2016-11-29/2016-12-07;2016-12-07/2016-12-12;2016-12-12/2017-01-03;2017-01-03/2017-01-24;2017-01-24/2017-02-13;2017-02-13/2017-02-15;2017-02-15/2017-03-10;2017-03-10/2017-03-14;2017-03-14/2017-04-20;2017-04-20/2017-05-25;2017-05-25/2017-08-06;2017-08-06/2017-10-06;2017-10-06/2017-10-17;2017-10-17/2017-10-31;2017-10-31/2017-11-04;2017-11-04/2017-12-02;2017-12-02/2018-01-01;2018-01-01/2018-01-07;2018-01-07/2018-01-16;2018-01-16/2018-02-13;2018-02-13/2018-02-19;2018-02-19/2018-04-02;2018-04-02/2018-04-17;2018-04-17/2018-07-01;2018-07-01/2018-08-15;2018-08-17/2018-08-19;2018-08-19/2018-08-25;2018-08-25/2018-09-03;2018-09-03/2018-10-05;2018-10-05/2018-10-15;2018-10-15/2018-10-29;2018-10-29/2018-11-12;2018-11-12/2018-12-10;2018-12-10/2018-12-18;2018-12-18/2019-01-09;2019-01-09/2019-03-05;2019-03-05/2019-08-12;2019-08-12/2019-11-14;2019-11-14/2020-01-15
greystate;2014-02-04/2014-03-11;2014-03-11/2020-01-15
cgranade;2014-02-07/2020-01-15
tenbits;2014-02-12/2014-11-06;2014-11-06/2014-12-05;2014-12-05/2020-01-15
midraed;2014-02-14/2020-01-15
waveform80;2014-02-17/2020-01-15
couchand;2014-02-21/2020-01-15
veganstraightedge;2014-02-26/2020-01-15
albertlyu;2014-02-26/2014-03-13;2014-03-13/2020-01-15
whitten;2014-02-28/2020-01-15
developerinlondon;2014-03-06/2014-03-08;2014-03-08/2020-01-15
bweir;2014-03-13/2014-05-04;2014-05-05/2020-01-15
DavidSkrundz;2014-03-14/2020-01-15
waywardmonkeys;2014-03-14/2020-01-15
draegtun;2014-03-21/2014-03-27;2014-03-28/2014-04-02;2014-04-02/2020-01-15
garyb;2014-03-21/2014-04-24;2014-04-24/2020-01-15
CrimsonTautology;2014-03-23/2020-01-15
akissinger;2014-04-02/2020-01-15
dragonmux;2014-04-03/2014-06-10;2014-06-10/2014-06-26;2014-06-27/2014-07-14;2014-07-14/2014-09-03;2014-09-03/2020-01-15
Mikulas;2014-04-03/2020-01-15
juliangehring;2014-04-03/2014-06-06;2014-06-06/2020-01-15
fingolfin;2014-04-04/2014-09-15;2014-09-15/2014-11-10;2014-11-10/2020-01-15
sebgod;2014-04-06/2014-04-18;2014-04-18/2014-04-22;2014-04-22/2014-11-11;2014-11-11/2014-12-15;2014-12-15/2020-01-15
spderosso;2014-04-08/2014-07-01;2014-07-01/2020-01-15
kohenkatz;2014-04-11/2020-01-15
lucaswerkmeister;2014-04-11/2014-10-02;2014-10-02/2020-01-15
nkt;2014-04-15/2014-04-26;2014-04-26/2020-01-15
jkutner;2014-04-16/2020-01-15
snormore;2014-04-16/2014-04-22;2014-04-22/2020-01-15
rick;2014-04-17/2014-04-21;2014-04-21/2014-04-23;2014-04-23/2014-05-05;2014-05-05/2020-01-15
wcandillon;2014-04-21/2015-06-08;2015-06-08/2015-06-11;2015-06-11/2020-01-15
CNG;2014-04-22/2020-01-15
parkr;2014-04-24/2020-01-15
killmous;2014-04-27/2020-01-15
rolinh;2014-04-29/2020-01-15
Oldes;2014-04-29/2020-01-15
NN---;2014-05-01/2014-05-05;2014-05-05/2014-05-07;2014-05-07/2017-03-14;2017-03-14/2020-01-15
apaleslimghost;2014-05-01/2020-01-15
nox;2014-03-13/2020-01-15
tdeitch;2014-05-08/2020-01-15
alflanagan;2014-05-09/2020-01-15
azenla;2014-05-13/2014-05-16;2014-05-16/2020-01-15
Madsn;2014-05-13/2020-01-15
ilovb;2014-05-16/2020-01-15
kostko;2014-05-19/2020-01-15
jrha;2014-05-20/2014-08-19;2014-08-19/2017-07-03;2017-07-03/2020-01-15
jkeirstead;2014-05-21/2020-01-15
alindeman;2014-05-22/2014-06-02;2014-06-03/2014-06-09;2014-06-11/2020-01-15
christianbundy;2014-05-21/2014-05-30;2014-05-30/2020-01-15
felixphew;2014-05-25/2020-01-15
JoshTheGeek;2014-05-26/2014-07-02;2014-07-03/2020-01-15
ferrall;2014-05-28/2020-01-15
orthopteroid;2014-06-03/2020-01-15
akashivskyy;2014-06-03/2020-01-15
DX-MON;2014-06-05/2014-09-03;2014-09-03/2020-01-15
simonwistow;2014-06-06/2020-01-15
NiklasRosenstein;2014-06-06/2020-01-15
dalehenrich;2014-06-07/2014-06-09;2014-06-09/2014-12-19;2014-12-19/2020-01-15
woodruffw;2014-06-09/2014-07-08;2014-07-08/2020-01-15
metopa;2014-06-10/2014-06-14;2014-06-14/2020-01-15
keplersj;2014-06-12/2015-07-11;2015-07-11/2015-10-11;2015-10-11/2016-03-24;2016-03-24/2016-04-15;2016-04-15/2016-05-09;2016-05-09/2020-01-15
jdennes;2014-06-15/2017-08-02;2017-08-02/2020-01-15
diekmann;2014-06-17/2020-01-15
cstrahan;2014-06-17/2020-01-15
kmaehashi;2014-06-19/2020-01-15
geekflyer;2014-06-22/2020-01-15
neersighted;2014-06-23/2020-01-15
maximusvladimir;2014-06-23/2014-06-26;2014-06-26/2020-01-15
lbajolet;2014-06-27/2014-12-02;2014-12-02/2015-01-08;2015-01-08/2017-05-15;2017-05-15/2020-01-15
alokedesai;2014-06-28/2020-01-15
GWRon;2014-07-01/2020-01-15
claytono;2014-07-02/2020-01-15
thomasvandoren;2014-07-03/2014-07-05;2014-07-05/2014-07-10;2014-07-10/2014-08-12;2014-08-12/2015-04-10;2015-04-11/2020-01-15
arthurvr;2014-07-07/2014-07-11;2014-07-11/2020-01-15
joshaber;2014-07-15/2020-01-15
grindhold;2014-07-20/2020-01-15
seancoyne;2014-07-25/2014-08-14;2014-08-14/2020-01-15
rdbatch02;2014-07-27/2020-01-15
KoffeinFlummi;2014-07-27/2020-01-15
gwadej;2014-07-28/2020-01-15
peol;2014-07-28/2020-01-15
emmax86;2014-07-28/2020-01-15
buildersbrewery;2014-08-06/2020-01-15
cflee;2014-08-06/2020-01-15
cdlm;2014-08-07/2020-01-15
wilg;2014-07-26/2020-01-15
joeyspin;2014-08-14/2020-01-15
holman;2014-08-14/2020-01-15
edmundito;2014-08-16/2014-09-06;2014-09-06/2014-09-14;2014-09-14/2015-02-03;2015-02-04/2020-01-15
t-b;2014-08-19/2020-01-15
StoneCypher;2014-08-21/2020-01-15
DennisMcWherter;2014-08-23/2020-01-15
mjjohnson;2014-08-24/2020-01-15
ankitr;2014-09-13/2020-01-15
rlespinasse;2014-09-17/2014-10-11;2014-10-11/2020-01-15
vivekgalatage;2014-09-21/2020-01-15
bwestlin;2014-09-21/2020-01-15
kr;2014-09-22/2015-09-03;2015-09-03/2020-01-15
ztmr;2014-10-04/2020-01-15
laomaiweng;2014-10-13/2020-01-15
aroben;2014-10-14/2014-10-23;2014-10-23/2014-10-29;2014-10-29/2014-11-06;2014-11-07/2014-11-10;2014-11-10/2014-11-12;2014-11-13/2014-11-17;2014-11-21/2014-11-26;2014-11-26/2014-12-01;2014-12-01/2014-12-11;2014-12-11/2014-12-17;2014-12-19/2014-12-22;2014-12-22/2014-12-30;2014-12-31/2015-01-02;2015-01-02/2015-01-05;2015-01-09/2015-01-14;2015-01-14/2015-01-16;2015-01-16/2015-01-26;2015-01-26/2015-02-09;2015-02-10/2015-02-12;2015-02-13/2015-02-16;2015-02-16/2015-02-19;2015-02-20/2015-03-06;2015-03-06/2015-03-09;2015-03-09/2015-05-19;2015-05-19/2015-11-04;2015-11-05/2020-01-15
tricknotes;2014-10-14/2020-01-15
briandela;2014-10-19/2020-01-15
hearsilent;2014-10-19/2020-01-15
creasty;2014-10-19/2020-01-15
jwatzman;2014-08-06/2020-01-15
ngn;2014-10-24/2014-10-27;2014-10-27/2020-01-15
wil93;2014-10-25/2020-01-15
Verteiron;2014-10-26/2020-01-15
danijar;2014-11-01/2014-11-03;2014-11-03/2020-01-15
geoff-nixon;2014-10-17/2020-01-15
techniq;2014-11-03/2020-01-15
baroquebobcat;2014-11-03/2020-01-15
blakeembrey;2014-11-06/2015-08-20;2015-08-20/2020-01-15
techhat;2014-11-16/2015-01-24;2015-01-24/2020-01-15
mgaitan;2014-11-18/2020-01-15
mrego;2014-11-19/2020-01-15
fnkr;2014-11-20/2020-01-15
roodboi;2014-11-20/2020-01-15
fushnisoft;2014-11-24/2014-11-26;2014-11-27/2015-02-17;2015-02-17/2020-01-15
anpar;2014-11-28/2014-11-30;2014-11-30/2020-01-15
lsf37;2014-11-30/2014-12-04;2014-12-04/2015-04-10;2015-04-10/2020-01-15
ellemenno;2014-11-12/2014-11-17;2014-11-17/2014-11-27;2014-11-28/2014-12-01;2014-12-01/2020-01-15
wmertens;2014-12-01/2020-01-15
karel-brinda;2014-12-05/2020-01-15
lostcolony;2014-12-07/2020-01-15
othree;2014-12-10/2020-01-15
lutoma;2014-12-10/2020-01-15
robrix;2014-12-11/2019-10-03;2019-10-03/2020-01-15
arctic5;2014-12-14/2020-01-15
Mailaender;2014-12-14/2014-12-26;2014-12-26/2014-12-28;2014-12-28/2015-01-01;2015-01-01/2015-01-03;2015-01-03/2015-05-03;2015-05-03/2020-01-15
hawkw;2014-12-16/2020-01-15
Dadido3;2014-12-17/2020-01-15
joaquincasares;2014-12-19/2014-12-22;2014-12-22/2015-01-05;2015-01-05/2020-01-15
archywillhe;2014-12-25/2020-01-15
rpardee;2014-12-30/2020-01-15
deadfoxygrandpa;2015-01-01/2020-01-15
floscher;2015-01-02/2015-01-06;2015-01-06/2020-01-15
thotypous;2015-01-03/2020-01-15
rwtolbert;2014-12-27/2020-01-15
phuicy;2015-01-14/2020-01-15
danmichaelo;2014-12-06/2020-01-15
Frigolit;2015-01-15/2020-01-15
hartsantler;2015-01-17/2020-01-15
JJ;2015-01-18/2018-04-11;2018-04-11/2020-01-15
mamodom;2015-01-18/2020-01-15
hyperair;2015-01-23/2020-01-15
vors;2015-01-28/2018-05-27;2018-05-27/2020-01-15
infininight;2015-01-28/2020-01-15
steinwaywhw;2015-01-31/2020-01-15
felipecrv;2015-02-04/2020-01-15
lqez;2015-02-05/2020-01-15
Shoelace;2015-02-06/2015-02-09;2015-02-09/2020-01-15
honzabrecka;2015-02-10/2020-01-15
phillipberndt;2015-02-11/2020-01-15
nwellnhof;2015-02-13/2015-02-25;2015-02-25/2020-01-15
xbony2;2015-02-15/2020-01-15
ScrimpyCat;2015-02-20/2020-01-15
CodingAnarchy;2015-02-21/2020-01-15
soonhokong;2015-02-22/2015-02-24;2015-02-24/2020-01-15
hoosierEE;2015-02-24/2020-01-15
brandonwamboldt;2015-02-25/2020-01-15
deviantintegral;2015-02-25/2020-01-15
vitaut;2015-02-03/2015-02-25;2015-02-26/2015-03-20;2015-03-20/2015-04-16;2015-04-16/2020-01-15
munrocape;2015-02-28/2020-01-15
redj;2015-02-23/2020-01-15
tarebyte;2015-03-05/2015-03-08;2015-03-09/2020-01-15
aquileia;2015-03-06/2020-01-15
chezwicker;2015-03-07/2015-03-14;2015-03-14/2020-01-15
xPaw;2015-03-10/2020-01-15
tesch1;2015-03-16/2015-03-24;2015-03-24/2020-01-15
phase;2015-03-17/2015-04-01;2015-04-01/2015-10-21;2015-10-21/2020-01-15
samoht;2015-03-13/2020-01-15
shaneog;2015-03-21/2020-01-15
shaunlebron;2015-03-21/2020-01-15
amclain;2015-02-10/2015-03-22;2015-03-22/2020-01-15
drautb;2015-03-24/2020-01-15
dorian;2015-03-24/2020-01-15
lpil;2015-03-25/2016-01-04;2016-01-04/2020-01-15
csimons;2015-03-25/2020-01-15
ptoomey3;2015-03-25/2020-01-15
makenowjust;2015-03-26/2020-01-15
joewiz;2015-03-26/2020-01-15
lepture;2015-03-31/2020-01-15
untitaker;2015-03-31/2020-01-15
ifarbod;2015-03-31/2020-01-15
danp;2015-04-02/2020-01-15
powerman;2015-04-06/2020-01-15
3flex;2015-04-15/2020-01-15
DavidJFelix;2015-04-16/2015-04-20;2015-04-20/2020-01-15
danielgtaylor;2015-04-29/2020-01-15
apennebaker-ni;2015-05-01/2020-01-15
mbdoud;2015-05-02/2020-01-15
vog;2015-04-30/2020-01-15
mcandre;2015-05-03/2020-01-15
aivus;2015-05-06/2020-01-15
mephaust;2015-05-09/2015-05-13;2015-05-13/2020-01-15
vighnesh1987;2015-05-12/2015-05-14;2015-05-14/2020-01-15
KrauseFx;2015-05-13/2020-01-15
SimenB;2015-05-20/2016-11-29;2016-11-29/2017-05-10;2017-05-10/2020-01-15
yanalunaterra;2015-05-21/2015-05-23;2015-05-23/2020-01-15
CalebFenton;2015-05-27/2020-01-15
tamird;2015-05-28/2020-01-15
jakepetroules;2015-06-02/2020-01-15
edm00se;2015-06-05/2015-07-14;2015-07-14/2020-01-15
rneatherway;2015-06-09/2020-01-15
Ryman;2015-06-10/2020-01-15
drewcrawford;2015-06-18/2020-01-15
bashor;2015-05-28/2020-01-15
ianamason;2015-07-01/2020-01-15
mattn;2015-07-01/2015-07-03;2015-07-03/2020-01-15
BrunoDutertre;2015-07-01/2020-01-15
ryanpavlick;2015-06-06/2020-01-15
miek;2015-07-11/2015-10-11;2015-10-11/2020-01-15
ziggi;2015-07-18/2015-07-20;2015-07-20/2020-01-15
hdgarrood;2015-07-19/2020-01-15
joelparkerhenderson;2015-07-20/2020-01-15
yyx990803;2015-07-21/2015-07-25;2015-07-25/2020-01-15
imsys;2015-08-05/2020-01-15
ammaraskar;2015-08-10/2020-01-15
aep-shoutlet;2015-08-11/2020-01-15
benbalter;2015-08-20/2015-08-26;2015-08-26/2020-01-15
a0viedo;2015-08-19/2020-01-15
LeonaMorro;2015-08-21/2020-01-15
mandel;2015-08-24/2015-08-26;2015-08-26/2020-01-15
matejak;2015-08-24/2015-08-27;2015-08-27/2015-08-30;2015-08-30/2015-09-01;2015-09-01/2020-01-15
jtbandes;2015-08-26/2020-01-15
manveru;2015-08-28/2020-01-15
jamiebuilds;2015-08-31/2020-01-15
Alhadis;2015-09-01/2015-11-23;2015-11-23/2015-11-25;2015-11-25/2015-11-27;2015-11-27/2016-03-29;2016-03-29/2016-03-31;2016-03-31/2016-04-08;2016-04-09/2016-05-04;2016-05-04/2016-05-06;2016-05-06/2016-05-22;2016-05-23/2016-05-27;2016-05-27/2016-05-29;2016-05-29/2016-06-01;2016-06-01/2016-06-03;2016-06-05/2016-06-13;2016-06-16/2016-06-21;2016-06-21/2016-07-20;2016-07-21/2016-08-02;2016-08-02/2016-08-19;2016-08-19/2016-08-28;2016-08-28/2016-09-06;2016-09-06/2016-09-08;2016-09-12/2016-09-15;2016-09-15/2016-09-17;2016-09-17/2016-10-04;2016-10-07/2016-10-10;2016-10-12/2016-10-17;2016-10-17/2016-10-29;2016-10-29/2016-11-02;2016-11-02/2016-12-07;2016-12-07/2017-01-11;2017-01-11/2017-02-02;2017-02-02/2017-04-28;2017-04-29/2017-05-17;2017-05-17/2017-05-30;2017-05-30/2017-06-20;2017-06-20/2017-07-03;2017-07-03/2017-07-07;2017-07-07/2017-07-22;2017-07-22/2017-08-02;2017-08-02/2017-08-08;2017-08-08/2017-08-16;2017-08-16/2017-08-24;2017-08-24/2017-09-17;2017-09-17/2017-11-17;2017-11-17/2018-03-02;2018-03-02/2018-04-06;2018-04-06/2018-04-11;2018-04-11/2018-05-01;2018-05-01/2018-05-21;2018-05-21/2018-05-28;2018-05-28/2018-07-06;2018-07-06/2018-08-12;2018-08-12/2018-08-17;2018-08-17/2018-08-24;2018-08-24/2018-09-03;2018-09-03/2018-09-25;2018-09-25/2018-11-01;2018-11-01/2018-12-10;2018-12-10/2018-12-18;2018-12-18/2019-01-10;2019-01-10/2019-01-14;2019-01-14/2019-01-31;2019-01-31/2019-02-04;2019-02-04/2019-03-02;2019-03-02/2019-03-06;2019-03-06/2019-04-04;2019-04-04/2019-05-10;2019-05-10/2019-05-21;2019-05-21/2019-05-29;2019-05-29/2019-06-19;2019-06-19/2019-07-19;2019-07-19/2019-08-12;2019-08-12/2019-08-23;2019-08-23/2019-10-11;2019-10-11/2019-10-24;2019-10-24/2019-11-04;2019-11-04/2019-12-06;2019-12-06/2020-01-14
ismailarilik;2015-09-02/2020-01-15
scttnlsn;2015-09-02/2020-01-15
pcantrell;2015-08-19/2020-01-15
miksen;2015-09-04/2020-01-15
wizawu;2015-09-21/2015-09-30;2015-09-30/2015-10-02;2015-10-03/2020-01-15
jaredpetersen;2015-09-24/2020-01-15
iblech;2015-09-25/2015-11-16;2015-11-16/2020-01-15
tokenrove;2015-10-03/2020-01-15
fbonzon;2015-10-09/2020-01-15
lucky;2015-10-09/2017-07-22;2017-07-22/2020-01-15
hipikat;2015-10-12/2020-01-15
berdario;2015-10-23/2020-01-15
redroot;2015-10-29/2020-01-15
Redth;2015-10-31/2020-01-15
matiasinsaurralde;2015-11-03/2020-01-15
meatballhat;2015-11-08/2020-01-15
soc;2015-11-19/2020-01-15
ppwwyyxx;2015-11-22/2020-01-15
marceloramires;2015-11-26/2015-12-05;2015-12-05/2015-12-07;2015-12-07/2020-01-15
scottclowe;2015-12-03/2020-01-15
williamd1k0;2015-12-13/2016-02-23;2016-02-23/2016-02-26;2016-02-26/2016-02-28;2016-02-28/2016-03-17;2016-03-17/2020-01-15
humzashah;2015-12-18/2020-01-15
jrnold;2015-12-25/2015-12-28;2015-12-29/2020-01-15
nwolverson;2015-12-29/2020-01-15
aqnouch;2016-01-01/2020-01-15
c-lipka;2016-01-10/2016-02-27;2016-02-27/2020-01-15
mrmonday;2016-01-11/2020-01-15
chrisarcand;2016-01-16/2020-01-15
jamesqo;2016-01-21/2016-03-21;2016-03-22/2016-03-24;2016-03-24/2020-01-15
pyk;2016-01-28/2016-02-01;2016-02-01/2020-01-15
AbigailBuccaneer;2016-01-28/2017-09-07;2017-09-07/2020-01-15
scop;2016-02-14/2020-01-15
kusma;2016-02-19/2016-02-22;2016-02-22/2016-03-09;2016-03-09/2020-01-15
Dominator008;2016-02-19/2016-03-01;2016-03-01/2016-04-15;2016-04-15/2020-01-15
jglick;2016-03-04/2020-01-15
mlinksva;2016-03-09/2020-01-15
PJB3005;2016-04-03/2020-01-15
BruceKnowsHow;2016-04-15/2020-01-15
jirutka;2016-05-06/2020-01-15
jkrems;2016-05-06/2020-01-15
snh;2016-05-11/2020-01-15
russell-stripe;2016-05-18/2020-01-15
nwhetsell;2016-05-29/2017-01-03;2017-01-03/2017-02-22;2017-02-22/2017-09-17;2017-09-17/2019-03-12;2019-03-12/2020-01-15
MathBunny;2016-06-07/2020-01-15
sahildua2305;2016-06-22/2016-06-25;2016-06-25/2016-06-27;2016-06-27/2016-06-30;2016-07-01/2016-07-05;2016-07-05/2016-07-17;2016-07-17/2016-07-24;2016-07-24/2020-01-15
liavt;2016-06-25/2017-03-14;2017-03-14/2020-01-15
cozos;2016-06-28/2016-06-30;2016-06-30/2020-01-15
jbrooksuk;2016-07-07/2016-07-11;2016-07-11/2020-01-15
chrislgarry;2016-07-13/2020-01-15
idrougge;2016-07-17/2020-01-14
ajlangley;2016-08-13/2020-01-15
nixel2007;2016-08-19/2020-01-15
ad-si;2016-08-31/2020-01-15
akhtars;2016-08-31/2020-01-15
JoshCheek;2016-09-23/2020-01-15
alexruperez;2016-09-28/2020-01-15
scottmangiapane;2016-10-05/2020-01-15
sanssecours;2016-10-31/2020-01-15
danilaml;2016-11-12/2017-01-03;2017-01-03/2020-01-15
brandonblack;2016-11-14/2016-11-22;2016-11-22/2016-12-07;2016-12-07/2016-12-23;2016-12-23/2017-01-09;2017-01-09/2017-01-12;2017-01-12/2017-01-24;2017-01-24/2017-01-31;2017-01-31/2017-02-15;2017-02-16/2017-02-22;2017-02-22/2020-01-15
askreet;2016-11-29/2020-01-15
saantiaguilera;2016-11-29/2020-01-15
meganemura;2016-11-29/2016-12-01;2016-12-01/2017-01-03;2017-01-03/2020-01-15
Crissov;2016-12-06/2020-01-15
ykzts;2016-12-07/2020-01-15
jredville;2016-12-07/2020-01-15
zonuexe;2016-12-07/2017-01-04;2017-01-04/2020-01-15
freebroccolo;2016-12-23/2020-01-15
samcv;2016-12-23/2017-01-03;2017-01-03/2020-01-15
yutannihilation;2017-01-03/2020-01-15
astavale;2017-01-03/2020-01-15
vmarkovtsev;2016-06-15/2020-01-15
zbrock;2016-06-17/2020-01-15
cjgdev;2016-08-23/2020-01-15
lidilidian;2016-12-01/2020-01-15
javierhonduco;2017-01-24/2017-03-23;2017-03-23/2020-01-15
fix-fix;2017-02-02/2020-01-15
thezim;2017-02-02/2020-01-15
stoe;2017-02-03/2020-01-15
lildude;2017-02-13/2017-02-15;2017-02-15/2017-03-16;2017-03-16/2017-05-03;2017-05-03/2017-05-05;2017-05-05/2017-05-10;2017-05-10/2017-05-16;2017-05-16/2017-05-25;2017-05-26/2017-06-20;2017-06-20/2017-07-22;2017-07-22/2017-08-10;2017-08-10/2017-08-16;2017-08-16/2017-08-24;2017-08-24/2017-10-10;2017-10-10/2017-10-13;2017-10-13/2017-10-15;2017-10-15/2017-11-28;2017-11-28/2017-12-11;2017-12-11/2017-12-21;2017-12-21/2018-01-12;2018-01-12/2018-01-15;2018-01-15/2018-01-18;2018-01-18/2018-01-26;2018-01-26/2018-01-30;2018-01-30/2018-02-16;2018-02-16/2018-03-29;2018-03-29/2018-04-03;2018-04-03/2018-04-12;2018-04-12/2018-04-24;2018-04-24/2018-05-30;2018-05-30/2018-06-20;2018-06-20/2018-06-22;2018-06-22/2018-06-25;2018-06-25/2018-07-06;2018-07-06/2018-07-21;2018-07-21/2018-08-12;2018-08-12/2018-09-19;2018-09-19/2018-10-01;2018-10-01/2018-10-17;2018-10-17/2018-11-05;2018-11-05/2018-11-08;2018-11-08/2018-11-12;2018-11-12/2018-11-14;2018-11-14/2018-11-22;2018-11-22/2018-12-10;2018-12-10/2019-01-16;2019-01-16/2019-02-08;2019-02-08/2019-03-05;2019-03-05/2019-03-12;2019-03-14/2019-04-01;2019-04-01/2019-04-03;2019-04-04/2019-04-10;2019-04-10/2019-05-31;2019-05-31/2019-06-04;2019-06-04/2019-06-06;2019-06-06/2019-06-19;2019-06-19/2019-08-12;2019-08-12/2019-08-14;2019-08-14/2019-08-21;2019-08-21/2019-08-23;2019-08-23/2019-08-27;2019-08-27/2019-08-29;2019-08-30/2019-10-11;2019-10-11/2019-10-23;2019-10-23/2019-11-04;2019-11-04/2019-12-05;2019-12-05/2019-12-08;2019-12-08/2019-12-11;2019-12-11/2020-01-15
Phineas;2017-02-15/2020-01-15
alexlouden;2017-02-20/2020-01-15
tgjones;2017-02-22/2017-04-20;2017-04-20/2020-01-15
TingPing;2017-02-22/2020-01-15
ararslan;2017-02-22/2017-11-09;2017-11-09/2020-01-15
klpn;2017-03-13/2020-01-15
siegy22;2017-03-14/2020-01-15
mlrawlings;2017-03-17/2020-01-15
rdwampler;2017-03-22/2020-01-15
rafer;2017-03-22/2020-01-15
MartinNowak;2017-03-30/2020-01-15
smola;2017-04-06/2017-04-26;2017-04-26/2017-07-10;2017-07-10/2017-07-20;2017-07-20/2017-07-22;2017-07-22/2018-07-21;2018-07-21/2018-07-23;2018-07-23/2018-08-20;2018-08-20/2018-09-03;2018-09-03/2019-03-01;2019-03-01/2019-11-14;2019-11-14/2019-12-05;2019-12-05/2020-01-15
hnryjms;2017-04-20/2020-01-15
dmoisset;2017-04-20/2020-01-15
sandyarmstrong;2017-04-20/2020-01-15
mstefarov;2017-04-22/2020-01-15
cpojer;2017-04-22/2020-01-15
binki;2017-04-24/2020-01-15
MichaelGrafnetter;2017-04-24/2020-01-15
ngarnier;2017-04-26/2020-01-15
tschf;2017-04-26/2020-01-15
thesave;2017-04-26/2020-01-15
jelder;2017-04-28/2020-01-15
sergeyklay;2017-05-10/2020-01-15
multiprecision;2017-05-15/2020-01-15
rkoeninger;2017-05-16/2017-06-21;2017-06-21/2017-09-07;2017-09-07/2017-10-31;2017-10-31/2020-01-15
rkirsling;2017-05-20/2020-01-15
goodmind;2017-05-29/2020-01-15
MahmoudFayed;2017-06-24/2020-01-15
jlec;2017-06-26/2020-01-15
davidaylaian;2017-06-30/2020-01-15
tbodt;2017-06-30/2018-04-18;2018-04-18/2020-01-15
thewilkybarkid;2017-07-03/2020-01-15
iWader;2017-08-09/2020-01-15
Hardmath123;2017-08-17/2020-01-15
PatrickJS;2017-09-07/2020-01-15
DoctorWhoof;2017-09-07/2018-01-11;2018-01-11/2020-01-15
seppestas;2017-09-07/2018-01-23;2018-01-23/2020-01-15
mathewmariani;2017-09-07/2020-01-15
AnthonyDGreen;2017-09-07/2020-01-15
bmeck;2017-09-07/2020-01-15
MarcianoPreciado;2017-09-07/2020-01-15
am11;2017-09-07/2020-01-15
menduz;2017-09-07/2020-01-15
krk;2017-09-17/2020-01-15
adaedra;2017-09-21/2020-01-15
yohny;2017-10-08/2020-01-15
dcmoore-gd;2017-10-12/2020-01-15
cjllanwarne;2017-10-14/2020-01-15
codecat;2017-10-14/2020-01-15
MaickelHubner;2017-10-14/2020-01-15
tessarin;2017-10-23/2019-10-03;2019-10-03/2020-01-15
sylveon;2017-10-31/2019-08-21;2019-08-21/2020-01-15
prertik;2017-11-14/2020-01-15
jin;2017-11-15/2020-01-15
mr-c;2017-11-16/2020-01-15
wesinator;2017-11-16/2018-09-03;2018-09-03/2018-10-05;2018-10-05/2019-01-08;2019-01-08/2019-01-31;2019-01-31/2020-01-15
ai;2017-11-26/2020-01-15
freak4pc;2017-11-28/2020-01-15
NachoSoto;2017-11-29/2020-01-15
pditommaso;2018-01-09/2020-01-15
egorzhdan;2018-01-11/2020-01-15
yuya-takeyama;2018-01-11/2020-01-15
oldmud0;2018-01-11/2020-01-15
oktapodia;2018-01-12/2020-01-15
josh-padnick;2018-01-12/2020-01-15
rajendraarora16;2018-01-20/2020-01-15
dylex;2018-01-25/2020-01-15
gauravsavadi;2018-01-26/2020-01-15
zwilias;2018-01-28/2020-01-15
tobiasvl;2018-01-31/2020-01-15
njsmith;2018-02-08/2020-01-15
MikeMcQuaid;2018-02-16/2020-01-15
damieng;2018-02-16/2020-01-15
jasonmalinowski;2018-02-21/2020-01-15
odanoburu;2018-02-21/2020-01-15
nicolasstucki;2018-02-28/2020-01-15
stringfellow;2018-03-06/2020-01-15
benwiley4000;2018-03-28/2020-01-15
jsta;2018-03-28/2020-01-15
nishtahir;2018-03-28/2020-01-15
stanhu;2018-04-01/2020-01-15
Gama11;2018-04-06/2018-04-08;2018-04-08/2020-01-15
bb010g;2018-04-15/2020-01-15
vkmita;2018-05-02/2020-01-15
yznima;2018-05-02/2020-01-15
Tyil;2018-05-02/2020-01-15
ioanrogers;2018-05-02/2020-01-15
burke;2018-05-21/2020-01-15
gabru-md;2018-05-21/2020-01-15
CAD97;2018-05-22/2020-01-15
jatoben;2018-05-27/2020-01-15
sangaman;2018-06-18/2020-01-15
chances;2018-06-21/2020-01-15
aaronfranke;2018-07-09/2020-01-15
mastahyeti;2018-07-09/2020-01-15
tenderlove;2018-07-12/2020-01-15
jcchu;2018-07-21/2020-01-15
TypicalFence;2018-07-21/2020-01-15
CAM-Gerlach;2018-08-11/2020-01-15
RobQuistNL;2018-08-11/2018-09-03;2018-09-03/2018-12-01;2018-12-01/2020-01-15
Slowki;2018-09-19/2020-01-15
externl;2018-09-25/2020-01-15
davejagoda;2018-10-05/2020-01-15
eager;2018-10-05/2020-01-15
vladfaust;2018-10-09/2020-01-15
mgrachev;2018-10-15/2020-01-15
AlexanderLS;2018-10-29/2020-01-15
jayhesselberth;2018-10-29/2020-01-15
X6B0ISI09wD4;2018-10-29/2019-05-28;2019-05-28/2019-08-12;2019-08-12/2020-01-15
leighlondon;2018-11-01/2020-01-15
timotheecour;2018-11-07/2020-01-15
NickMRamirez;2018-11-07/2020-01-15
worldbeater;2018-11-07/2020-01-15
pmaddams;2018-11-12/2019-03-01;2019-03-01/2020-01-15
0xpr03;2018-11-14/2020-01-15
udaykadaboina;2018-12-10/2020-01-15
TimWolla;2019-01-08/2020-01-15
jfo;2019-01-08/2020-01-15
kant;2019-01-11/2020-01-15
anantn;2019-01-31/2020-01-15
bzz;2019-01-31/2020-01-15
mems;2019-02-07/2020-01-15
sjml;2019-03-01/2020-01-15
sorawee;2019-03-01/2020-01-15
Arcensoth;2019-03-01/2020-01-15
crisluengo;2019-03-01/2020-01-15
jamiekyle-eb;2019-03-01/2020-01-15
sparkprime;2019-03-12/2020-01-15
edmorley;2019-03-13/2020-01-15
M4444;2019-04-04/2020-01-15
SPGoding;2019-04-04/2020-01-15
ajaybhargavb;2019-04-04/2020-01-15
Ferido07;2019-04-04/2020-01-15
fgblomqvist;2019-04-04/2020-01-15
y33-j3T;2019-04-08/2020-01-15
beau-witter;2019-05-10/2020-01-15
sellout;2019-05-10/2019-05-31;2019-05-31/2020-01-15
jsiwek;2019-05-10/2020-01-15
atakanyenel;2019-05-10/2020-01-15
jaredlll08;2019-05-10/2020-01-15
faloi;2019-05-10/2020-01-15
afeld;2019-05-17/2020-01-15
steebchen;2019-05-17/2020-01-15
Piroro-hs;2019-05-17/2020-01-15
MrSmoke;2019-05-28/2020-01-15
joshumax;2019-05-28/2020-01-15
daimor;2019-05-28/2020-01-15
umanghome;2019-05-28/2020-01-15
jonmast;2019-05-28/2020-01-15
sciguy14;2019-05-29/2020-01-15
jimmckay;2019-05-31/2020-01-15
jhawthorn;2019-05-31/2020-01-15
CHTJonas;2019-05-31/2020-01-15
azjezz;2019-06-04/2019-11-28;2019-11-28/2020-01-15
PanAeon;2019-06-19/2020-01-15
FreHu;2019-08-12/2020-01-15
S-YOU;2019-08-12/2020-01-15
jjergus;2019-08-12/2020-01-15
ukos-git;2019-08-12/2020-01-15
RoiArthurB;2019-08-12/2020-01-15
jpienaar;2019-08-19/2019-11-29;2019-11-29/2020-01-15
davidsansome;2019-08-19/2020-01-15
ObserverOfTime;2019-10-03/2019-12-05;2019-12-05/2020-01-15
MCJack123;2019-10-03/2020-01-15
tsandall;2019-10-03/2020-01-15
sfreilich;2019-10-11/2020-01-15
Turnerj;2019-10-11/2020-01-15
Weakky;2019-10-11/2020-01-15
Et7f3;2019-10-11/2020-01-15
GianlucaGuarini;2019-10-12/2020-01-15
gen-angry;2019-10-13/2020-01-15
malytomas;2019-10-23/2020-01-15
vinriviere;2019-10-23/2020-01-15
lbonanomi;2019-10-24/2020-01-15
friedc;2019-11-14/2020-01-14
Jessidhia;2019-11-14/2020-01-15
amiralies;2019-11-28/2020-01-15
ghiculescu;2019-11-29/2020-01-15
Nuttymoon;2019-12-04/2020-01-15
zspitz;2019-12-05/2020-01-15
xfix;2020-01-06/2020-01-15
Akryum;2020-01-06/2020-01-15
jpcima;2020-01-06/2020-01-15
guillaumebrunerie
nh13
