defunkt;2010-11-10/2010-11-19;2010-11-19/2011-02-22;2011-02-22/2011-04-29;2011-04-29/2011-08-30;2011-08-30/2011-09-01;2011-09-02/2011-12-05;2011-12-05/2012-04-18;2012-04-18/2020-01-15
zombor;2010-11-08/2020-01-15
bry4n;2010-11-08/2020-01-15
adamv;2010-11-08/2020-01-15
cfurrow;2010-11-08/2020-01-15
mrtazz;2010-11-08/2011-01-09;2011-01-09/2020-01-15
nvie;2010-11-08/2020-01-15
nu7hatch;2010-11-08/2020-01-15
soffes;2010-11-08/2020-01-15
yaroslav;2010-11-08/2020-01-15
bshaffer;2010-11-08/2020-01-15
intabulas;2010-11-08/2020-01-15
rentzsch;2010-11-08/2020-01-15
oxlade39;2010-11-08/2020-01-15
jgeiger;2010-11-08/2020-01-15
amrnt;2010-11-08/2020-01-15
rondevera;2010-11-09/2020-01-15
jgv;2010-11-09/2020-01-15
cbrammer;2010-11-09/2020-01-15
cdlm;2010-11-09/2020-01-15
jeffrydegrande;2010-11-08/2020-01-15
mikepark;2010-11-09/2020-01-15
pvande;2010-11-09/2020-01-15
benbjohnson;2010-11-08/2020-01-15
postmodern;2010-11-09/2020-01-15
jperras;2010-11-08/2020-01-15
lloydpick;2010-11-09/2020-01-15
peat;2010-11-09/2020-01-15
gAmUssA;2010-11-09/2020-01-15
apetresc;2010-11-09/2020-01-15
tomafro;2010-11-09/2020-01-15
kappa;2010-11-09/2020-01-15
rtaycher;2010-11-09/2020-01-15
cskau;2010-11-09/2020-01-15
dima767;2010-11-09/2020-01-15
jmalonzo;2010-11-10/2020-01-15
fhemberger;2010-11-10/2020-01-15
jezdez;2010-11-10/2020-01-15
cored;2010-11-10/2020-01-15
bnoordhuis;2010-11-10/2020-01-15
d2s;2010-11-12/2010-11-22;2010-11-23/2020-01-15
wesbaker;2010-11-12/2020-01-15
jaspervdj;2010-11-11/2020-01-15
seenmyfate;2010-11-11/2020-01-15
trapd00r;2010-11-17/2020-01-15
tmilewski;2010-11-18/2020-01-15
wdang;2010-11-21/2010-11-23;2010-11-23/2020-01-15
sepehr;2010-11-20/2010-11-23;2010-11-23/2020-01-15
avsm;2010-11-20/2020-01-15
andreasf;2010-11-21/2020-01-15
joshuajabbour;2010-11-19/2020-01-15
donatj;2010-11-21/2020-01-15
dcolish;2010-11-21/2020-01-15
hosamaly;2010-11-15/2020-01-15
bgrainger;2010-11-22/2020-01-15
rolpereira;2010-11-21/2020-01-15
josegonzalez;2010-11-20/2020-01-15
tzellman;2010-11-20/2020-01-15
joachifm;2010-11-23/2020-01-15
meisam;2011-01-19/2020-01-15
jmikola;2010-12-13/2020-01-15
MatrixFrog;2011-01-20/2020-01-15
oschrenk;2011-01-14/2011-04-08;2011-04-08/2012-10-15;2012-10-15/2013-11-15;2013-11-15/2013-11-20;2013-11-20/2020-01-15
damienalexandre;2011-02-16/2020-01-15
lucapette;2011-02-14/2020-01-15
koffeinfrei;2011-02-11/2020-01-15
aerykk;2011-02-11/2020-01-15
horndude77;2011-02-07/2020-01-15
rip747;2010-11-26/2020-01-15
ahmedkotb;2010-12-04/2020-01-15
raphaelschaad;2010-12-07/2020-01-15
martinciu;2010-11-24/2020-01-15
Nooby;2011-02-05/2020-01-15
davidmpaz;2011-01-05/2020-01-15
iven;2010-12-18/2020-01-15
stamm;2010-12-12/2020-01-15
jdodds;2010-12-08/2020-01-15
sjaeckel;2011-03-03/2011-03-14;2011-03-14/2020-01-15
mibe;2011-03-08/2011-05-27;2011-05-27/2011-06-05;2011-06-05/2011-07-12;2011-07-12/2011-07-20;2011-07-20/2011-08-02;2011-08-02/2012-08-14;2012-08-14/2020-01-15
russoz;2011-03-13/2020-01-15
mcavallo;2011-03-29/2020-01-15
misaelnieto;2011-04-05/2020-01-15
weppos;2011-04-08/2020-01-15
bripkens;2011-04-15/2011-08-09;2011-08-09/2012-05-16;2012-05-16/2020-01-15
callingshotgun;2011-04-27/2020-01-15
impleri;2011-05-01/2020-01-15
philippbosch;2011-05-10/2020-01-15
anaxamaxan;2011-05-12/2020-01-15
ovargas27;2011-05-13/2020-01-15
onecrayon;2011-05-17/2020-01-15
elyscape;2011-05-20/2020-01-15
jbolduan;2011-05-24/2020-01-15
the-kenny;2011-05-25/2020-01-15
cboutter;2011-05-22/2011-05-27;2011-05-27/2020-01-15
indexzero;2011-05-30/2020-01-15
kremalicious;2011-06-03/2020-01-15
x3ro;2011-06-11/2011-07-27;2011-07-27/2012-05-10;2012-05-10/2012-06-29;2012-06-29/2020-01-15
industria;2011-06-13/2020-01-15
DavidOliver;2011-06-17/2020-01-15
DenisGorbachev;2011-06-27/2020-01-15
L42y;2011-07-09/2020-01-15
willmot;2011-07-13/2020-01-15
jasoncawood;2011-07-13/2020-01-15
halfninja;2011-08-02/2020-01-15
atrauzzi;2011-08-04/2020-01-15
chrisdone;2011-08-07/2020-01-15
rtraverso86;2011-08-16/2020-01-15
bobbungee;2011-08-17/2020-01-15
stuartdb;2011-08-17/2020-01-15
ReidCarlberg;2011-08-30/2020-01-15
SamWhited;2011-09-01/2014-02-24;2014-02-24/2015-01-17;2015-01-17/2020-01-15
fboulay;2011-05-27/2020-01-15
jmertic;2011-09-08/2020-01-15
reinout;2011-09-09/2020-01-15
otac0n;2011-09-14/2020-01-15
j16r;2011-09-14/2020-01-15
pangratz;2011-10-21/2011-12-12;2011-12-12/2012-04-19;2012-04-19/2020-01-15
mankoff;2011-10-22/2020-01-15
ikeike443;2011-10-27/2020-01-15
dtrebbien;2011-11-06/2020-01-15
nkh;2011-11-08/2020-01-15
frankel;2011-12-04/2020-01-15
thiagocaiubi;2011-12-11/2020-01-15
tomparle;2011-12-29/2020-01-15
aoberoi;2012-01-06/2020-01-15
caarlos0;2012-01-12/2020-01-15
rikkert;2012-01-13/2020-01-15
philwareham;2012-01-17/2020-01-15
rpavlik;2012-01-18/2020-01-15
IQAndreas;2012-01-23/2020-01-15
JoshuaEstes;2012-02-02/2020-01-15
EugeneKay;2012-02-02/2020-01-15
jja;2012-02-06/2020-01-15
roryhardy;2012-02-20/2012-04-15;2012-04-15/2012-07-03;2012-07-03/2020-01-15
Aqua-Ye;2012-03-03/2020-01-15
hjfactory;2012-03-08/2020-01-15
joshminnie;2012-03-08/2020-01-15
jrhorn424;2012-03-09/2020-01-15
thizzle;2012-03-16/2020-01-15
shieldo;2011-10-18/2020-01-15
jasonkarns;2012-03-19/2020-01-15
cmoore;2012-04-01/2020-01-15
philipproplesch;2012-04-03/2020-01-15
ogier;2012-04-10/2020-01-15
adilmughal;2012-04-10/2020-01-15
allonhadaya;2012-04-11/2020-01-15
kanduvisla;2012-04-11/2020-01-15
matheussl;2012-04-12/2020-01-15
yrashk;2012-04-18/2020-01-15
bakkdoor;2012-04-19/2020-01-15
safwanc;2012-04-19/2020-01-15
mgold;2012-04-19/2020-01-15
torbjoernk;2012-04-20/2020-01-15
macagua;2012-04-20/2020-01-15
OliverLetterer;2012-04-21/2020-01-15
torifat;2012-04-21/2020-01-15
svkampen;2012-04-28/2013-01-13;2013-01-13/2020-01-15
danashan;2012-04-13/2020-01-15
stig;2012-05-01/2020-01-15
AD7six;2012-05-08/2020-01-15
jcowgill;2012-05-13/2013-11-04;2013-11-04/2020-01-15
attilabukor;2012-05-22/2020-01-15
misham;2012-05-29/2020-01-15
svanschu;2012-06-04/2020-01-15
MaxNanasy;2012-06-04/2020-01-15
Baztoune;2012-06-05/2020-01-15
GantMan;2012-06-22/2013-11-04;2013-11-04/2020-01-15
agassi;2012-06-23/2020-01-15
azzlack;2012-06-25/2020-01-15
borekb;2012-06-26/2020-01-15
thenew;2012-07-02/2020-01-15
rhysd;2012-07-06/2020-01-15
lmjabreu;2012-07-15/2020-01-15
hugocf;2012-07-16/2020-01-15
huxuan;2012-07-23/2020-01-15
benfrain;2012-07-24/2020-01-15
NameFILIP;2012-07-31/2020-01-15
rb2;2012-08-01/2020-01-15
jspahrsummers;2012-08-03/2012-08-09;2012-08-09/2012-08-27;2012-08-27/2013-01-22;2013-01-22/2013-07-02;2013-07-03/2013-11-05;2013-11-05/2013-11-11;2013-11-13/2020-01-15
exalted;2012-08-03/2012-08-22;2012-08-22/2012-08-27;2012-08-27/2020-01-15
jschmid;2012-08-06/2020-01-15
malleor;2012-08-08/2020-01-15
ecarreras;2012-08-08/2020-01-15
AArnott;2012-08-08/2012-08-11;2012-08-11/2014-04-14;2014-04-14/2015-12-27;2015-12-27/2020-01-15
honzajavorek;2012-08-18/2020-01-15
jonhkr;2012-08-22/2020-01-15
MichaelMBishop;2012-08-31/2020-01-15
nateabele;2012-09-01/2020-01-15
tnm;2012-09-10/2012-09-23;2012-09-23/2013-05-26;2013-05-26/2020-01-15
nap;2012-09-30/2020-01-15
StanislawSwierc;2012-10-01/2020-01-15
rbxbx;2012-10-11/2020-01-15
BFTrick;2012-10-15/2013-11-08;2013-11-08/2020-01-15
adrie-dh;2012-10-16/2020-01-15
johnmccutchan;2012-10-27/2020-01-15
mwitek;2012-10-29/2020-01-15
michaelminter;2012-10-30/2020-01-15
pronebird;2012-11-08/2020-01-15
Visgean;2012-11-12/2013-11-12;2013-11-12/2020-01-15
zhaojunmeng;2012-11-14/2020-01-15
duncandee;2012-11-16/2020-01-15
neilkelty;2012-11-17/2020-01-15
mfloryan;2012-11-20/2020-01-15
larsw;2012-11-22/2020-01-15
amalrik;2012-11-22/2020-01-15
nanadevelopment;2012-12-13/2020-01-15
haacked;2012-12-17/2012-12-19;2012-12-19/2013-01-22;2013-01-22/2013-01-24;2013-01-24/2014-02-28;2014-02-28/2020-01-15
rsanheim;2012-12-19/2020-01-15
thedaniel;2012-12-19/2013-01-21;2013-01-21/2020-01-15
jshou;2012-04-19/2020-01-15
strugee;2012-12-23/2020-01-15
karenetheridge;2013-01-08/2015-02-02;2015-02-02/2020-01-15
SimonSimCity;2013-01-09/2020-01-15
abrodkin;2013-01-10/2020-01-15
manquer;2013-01-13/2020-01-15
alloy;2013-01-15/2020-01-15
sheabunge;2013-01-19/2013-11-11;2013-11-11/2020-01-15
andbristol;2013-01-22/2020-01-15
steveoh;2013-01-22/2020-01-15
bardware;2013-01-19/2020-01-15
sim0629;2013-01-09/2020-01-15
neogic;2012-12-11/2020-01-15
khellang;2012-08-15/2020-01-15
stack72;2012-04-19/2020-01-15
vtbassmatt;2012-09-10/2020-01-15
spraints;2013-01-22/2020-01-15
kristof-mattei;2012-10-19/2020-01-15
Bigboybad;2013-01-22/2020-01-15
zellux;2013-01-24/2020-01-15
shanselman;2013-01-24/2020-01-15
bdukes;2013-01-25/2013-04-11;2013-04-11/2020-01-15
hallco978;2013-01-29/2020-01-15
stuartpb;2013-02-18/2014-01-03;2014-01-03/2014-01-07;2014-01-07/2014-02-28;2014-02-28/2014-10-01;2014-10-01/2014-11-12;2014-11-12/2020-01-15
fibo;2013-02-21/2020-01-15
fidelski;2013-02-25/2020-01-15
AlainFolletete;2013-03-01/2020-01-15
nysa;2013-03-06/2013-08-28;2013-08-28/2020-01-15
xnt;2013-03-13/2020-01-15
zafarella;2013-03-14/2020-01-15
simonbuehler;2013-03-15/2020-01-15
rmblstrp;2013-04-02/2020-01-15
kristens;2013-04-11/2020-01-15
erran;2013-04-12/2020-01-15
rayshan;2013-04-14/2020-01-15
seabre;2013-04-21/2013-11-08;2013-11-08/2020-01-15
finnjohnsen;2013-04-22/2020-01-15
andr1972;2013-04-24/2020-01-15
msgerbush;2013-05-03/2020-01-15
arcresu;2013-05-08/2013-05-10;2013-05-10/2013-11-06;2013-11-12/2014-01-30;2014-02-01/2014-02-03;2014-02-03/2014-02-06;2014-02-06/2014-02-10;2014-02-10/2014-02-12;2014-02-13/2014-02-17;2014-02-17/2014-02-19;2014-02-20/2014-02-28;2014-02-28/2014-03-02;2014-03-02/2014-03-06;2014-03-06/2014-03-08;2014-03-08/2014-03-16;2014-03-16/2014-03-18;2014-03-19/2014-03-21;2014-03-21/2014-03-26;2014-03-26/2014-03-31;2014-04-01/2014-04-03;2014-04-04/2014-04-06;2014-04-06/2014-04-11;2014-04-12/2014-04-14;2014-04-16/2014-04-19;2014-04-19/2014-04-23;2014-04-24/2014-04-27;2014-04-27/2014-04-29;2014-04-29/2014-05-06;2014-05-07/2014-05-10;2014-05-11/2014-05-26;2014-05-26/2014-05-28;2014-05-30/2014-06-12;2014-06-12/2014-06-18;2014-06-18/2014-06-24;2014-06-25/2014-06-27;2014-06-27/2014-07-08;2014-07-08/2014-07-11;2014-07-12/2014-07-16;2014-07-16/2014-07-18;2014-07-18/2014-08-13;2014-08-15/2014-08-19;2014-08-19/2014-08-22;2014-08-22/2014-08-24;2014-08-25/2014-09-01;2014-09-02/2014-09-04;2014-09-04/2014-09-07;2014-09-07/2014-09-09;2014-09-09/2014-09-11;2014-09-11/2014-09-15;2014-09-15/2014-09-18;2014-09-18/2014-09-30;2014-09-30/2014-10-12;2014-10-12/2014-10-20;2014-10-20/2014-11-06;2014-11-06/2014-11-08;2014-11-08/2014-11-12;2014-11-13/2014-11-29;2014-11-29/2014-12-01;2014-12-01/2014-12-11;2014-12-12/2014-12-21;2014-12-21/2014-12-23;2014-12-23/2015-01-07;2015-01-08/2015-01-14;2015-01-16/2015-01-21;2015-01-22/2015-01-24;2015-01-24/2015-02-05;2015-02-06/2015-02-08;2015-02-08/2015-03-01;2015-03-01/2015-03-15;2015-03-15/2015-03-17;2015-03-17/2015-03-31;2015-03-31/2015-04-17;2015-04-17/2015-04-19;2015-04-19/2015-04-30;2015-04-30/2015-05-02;2015-05-02/2015-05-07;2015-05-07/2015-05-14;2015-05-14/2015-05-30;2015-05-30/2015-06-02;2015-06-02/2015-06-11;2015-06-11/2015-06-24;2015-06-24/2015-06-28;2015-06-28/2015-07-06;2015-07-06/2015-07-15;2015-07-15/2015-09-23;2015-09-23/2015-10-05;2015-10-05/2015-10-19;2015-10-19/2020-01-15
stationkeeping;2013-05-09/2020-01-15
pxqr;2013-05-09/2020-01-15
manojlds;2013-05-10/2020-01-15
conradolega;2013-05-21/2020-01-15
MrBogomips;2013-05-22/2020-01-15
lexbailey;2013-05-23/2013-11-13;2013-11-13/2020-01-15
abergs;2013-05-29/2020-01-15
sayedihashimi;2013-06-07/2014-10-08;2014-10-08/2015-05-06;2015-05-06/2015-05-19;2015-05-19/2020-01-15
filipelenfers;2013-06-13/2020-01-15
fsw;2013-06-14/2020-01-15
jkodumal;2013-06-16/2020-01-15
leek;2013-06-25/2020-01-15
nichtich;2013-06-28/2020-01-15
analogrelay;2013-06-28/2015-12-01;2015-12-01/2020-01-15
matzew;2013-07-02/2020-01-15
Bengt;2013-07-03/2020-01-15
mquigley;2013-07-07/2020-01-15
modocache;2013-07-10/2015-06-09;2015-06-09/2020-01-15
caique;2013-07-11/2020-01-15
jonathanwindle-zz;2013-07-16/2020-01-15
titanous;2013-07-19/2020-01-15
shivam5992;2013-07-25/2020-01-15
zyrx;2013-07-31/2020-01-15
aldo-roman;2013-08-12/2020-01-15
Blaisorblade;2013-08-15/2020-01-15
haileys;2013-08-26/2020-01-15
mikemanger;2013-08-30/2014-02-25;2014-02-25/2020-01-15
chiragsanghavi;2013-09-04/2013-11-13;2013-11-13/2014-03-07;2014-03-07/2020-01-15
lunks;2013-09-09/2020-01-15
bdewater;2013-09-17/2020-01-15
fivef;2013-09-18/2020-01-15
boidanny;2013-09-18/2020-01-15
juristr;2013-09-23/2020-01-15
yatskevich;2013-09-25/2013-11-12;2013-11-12/2020-01-15
NickHodges;2013-09-25/2013-11-27;2013-11-27/2020-01-15
micole;2013-09-26/2020-01-15
sjwoodr;2013-09-27/2013-11-27;2013-11-27/2020-01-15
lancechentw;2013-09-27/2020-01-15
rye;2013-10-03/2013-11-27;2013-11-27/2020-01-15
izuzak;2013-10-06/2013-10-08;2013-10-08/2014-03-27;2014-03-27/2020-01-15
rutice;2013-10-12/2020-01-15
Utumno;2013-10-12/2020-01-15
torokmark;2013-10-13/2020-01-15
mildis;2013-10-16/2020-01-15
eddiegroves;2013-10-21/2020-01-15
xiaogaozi;2013-10-22/2020-01-15
harshadsabne;2013-10-30/2020-01-15
healsdata;2013-11-03/2013-11-06;2013-11-06/2020-01-15
niik;2013-11-04/2013-11-12;2013-11-12/2013-12-16;2013-12-16/2014-01-30;2014-01-30/2014-02-13;2014-02-13/2014-04-23;2014-04-23/2017-03-02;2017-03-02/2020-01-15
aroben;2013-11-08/2013-11-11;2013-11-12/2013-11-27;2013-11-27/2014-01-07;2014-01-07/2014-02-06;2014-02-07/2014-02-28;2014-02-28/2014-03-06;2014-03-06/2020-01-15
snisarg;2013-11-04/2020-01-15
martinblech;2013-09-08/2014-07-23;2014-07-23/2020-01-15
jamiehumphries;2013-11-04/2014-04-03;2014-04-03/2015-07-01;2015-07-01/2020-01-15
cobyism;2013-11-05/2020-01-15
tamird;2013-11-04/2020-01-15
shiftkey;2013-11-04/2014-02-18;2014-02-18/2014-08-12;2014-08-12/2014-11-16;2014-11-16/2014-11-23;2014-11-23/2014-12-12;2014-12-12/2015-02-05;2015-02-05/2015-02-20;2015-02-20/2015-02-22;2015-02-22/2015-05-06;2015-05-08/2015-05-14;2015-05-14/2015-05-17;2015-05-17/2015-05-26;2015-05-26/2015-06-17;2015-06-17/2015-06-23;2015-06-24/2015-06-30;2015-06-30/2015-07-02;2015-07-02/2015-07-15;2015-07-15/2015-07-23;2015-07-23/2015-07-30;2015-07-31/2015-08-07;2015-08-07/2015-08-18;2015-08-18/2015-08-21;2015-08-21/2015-08-23;2015-08-23/2015-09-05;2015-09-05/2015-09-10;2015-09-10/2015-10-03;2015-10-06/2015-10-11;2015-10-11/2015-10-14;2015-10-16/2015-10-19;2015-10-19/2015-10-22;2015-10-22/2015-10-24;2015-10-24/2015-10-28;2015-10-29/2015-10-31;2015-10-31/2015-11-02;2015-11-05/2015-11-07;2015-11-07/2015-11-09;2015-11-09/2015-11-12;2015-11-13/2015-11-16;2015-11-16/2015-11-19;2015-11-20/2015-11-29;2015-12-02/2015-12-04;2015-12-04/2015-12-06;2015-12-07/2015-12-10;2015-12-10/2015-12-13;2015-12-14/2015-12-17;2015-12-17/2015-12-21;2015-12-21/2015-12-27;2015-12-27/2016-01-01;2016-01-01/2016-01-04;2016-01-04/2016-01-11;2016-01-13/2016-01-15;2016-01-15/2016-01-18;2016-01-18/2016-01-21;2016-01-24/2016-01-26;2016-01-28/2016-02-03;2016-02-04/2016-02-08;2016-02-08/2016-02-10;2016-02-12/2016-02-14;2016-02-14/2016-02-16;2016-02-16/2016-02-18;2016-02-18/2016-02-24;2016-02-28/2016-03-04;2016-03-04/2016-03-06;2016-03-10/2016-03-13;2016-03-13/2016-03-16;2016-03-16/2016-03-18;2016-03-18/2016-03-21;2016-03-21/2016-03-25;2016-03-27/2016-03-31;2016-03-31/2016-04-03;2016-04-03/2016-04-15;2016-04-17/2016-04-19;2016-04-19/2016-04-21;2016-04-21/2016-04-26;2016-04-26/2016-04-28;2016-04-28/2016-05-01;2016-05-01/2016-05-08;2016-05-08/2016-05-10;2016-05-12/2016-05-16;2016-05-16/2016-05-18;2016-05-18/2016-05-20;2016-05-21/2016-06-07;2016-06-07/2016-06-10;2016-06-10/2016-06-12;2016-06-12/2016-06-16;2016-06-16/2016-06-26;2016-06-26/2016-07-01;2016-07-01/2016-07-03;2016-07-03/2016-07-10;2016-07-11/2016-07-13;2016-07-14/2016-07-18;2016-07-18/2016-07-21;2016-07-22/2016-07-25;2016-07-25/2016-07-28;2016-07-28/2016-08-07;2016-08-08/2016-08-14;2016-08-15/2016-08-17;2016-08-17/2016-08-21;2016-08-21/2016-08-25;2016-08-25/2016-08-30;2016-08-30/2016-09-06;2016-09-06/2016-09-08;2016-09-08/2016-09-12;2016-09-13/2016-09-26;2016-09-27/2016-10-03;2016-10-04/2016-10-15;2016-10-15/2016-10-17;2016-10-19/2016-10-23;2016-10-23/2016-10-26;2016-10-26/2016-10-28;2016-10-28/2016-11-02;2016-11-03/2016-11-06;2016-11-08/2016-11-14;2016-11-16/2016-11-21;2016-11-21/2016-11-25;2016-11-25/2016-11-27;2016-11-27/2016-11-30;2016-11-30/2016-12-02;2016-12-02/2016-12-06;2016-12-07/2016-12-09;2016-12-09/2016-12-13;2016-12-13/2016-12-21;2016-12-21/2017-01-07;2017-01-08/2017-01-11;2017-01-12/2017-01-16;2017-01-16/2017-01-24;2017-01-25/2017-01-28;2017-01-29/2017-01-31;2017-02-03/2017-02-09;2017-02-10/2017-02-15;2017-02-17/2017-02-20;2017-02-20/2017-02-22;2017-02-22/2017-02-28;2017-02-28/2017-03-07;2017-03-07/2017-03-12;2017-03-13/2017-03-23;2017-03-23/2017-03-28;2017-03-28/2017-04-03;2017-04-04/2017-04-14;2017-04-14/2017-04-17;2017-04-17/2017-04-19;2017-04-19/2017-04-24;2017-04-24/2017-05-07;2017-05-07/2017-05-10;2017-05-10/2017-05-12;2017-05-12/2017-05-15;2017-05-15/2017-05-20;2017-05-22/2017-05-30;2017-05-31/2017-06-06;2017-06-06/2017-06-09;2017-06-10/2017-07-24;2017-07-26/2017-07-30;2017-08-01/2017-08-11;2017-08-11/2017-08-13;2017-08-15/2017-08-18;2017-08-18/2017-08-21;2017-08-21/2017-08-23;2017-08-23/2017-08-29;2017-08-29/2017-09-03;2017-09-03/2017-09-09;2017-09-09/2017-09-12;2017-09-12/2017-09-17;2017-09-17/2017-09-20;2017-09-21/2017-10-09;2017-10-09/2017-10-16;2017-10-16/2017-10-19;2017-10-19/2017-10-23;2017-10-23/2017-10-29;2017-10-29/2017-11-08;2017-11-08/2017-11-18;2017-11-18/2017-11-20;2017-11-20/2017-11-29;2017-11-29/2018-01-01;2018-01-02/2018-01-04;2018-01-04/2018-01-12;2018-01-12/2018-01-17;2018-01-17/2018-02-01;2018-02-01/2018-02-03;2018-02-04/2018-02-06;2018-02-07/2018-02-12;2018-02-12/2018-02-22;2018-02-22/2018-03-03;2018-03-03/2018-03-05;2018-03-05/2018-03-11;2018-03-11/2018-03-13;2018-03-13/2018-03-15;2018-03-15/2018-03-18;2018-03-18/2018-03-24;2018-03-25/2018-03-29;2018-03-29/2018-03-31;2018-04-01/2018-04-07;2018-04-08/2018-04-11;2018-04-14/2018-04-16;2018-04-16/2018-04-30;2018-04-30/2018-05-02;2018-05-03/2018-05-11;2018-05-11/2018-05-13;2018-05-14/2018-05-20;2018-05-20/2018-05-26;2018-05-26/2018-05-28;2018-05-28/2018-06-11;2018-06-11/2018-06-17;2018-06-19/2018-06-21;2018-06-21/2018-06-28;2018-06-28/2018-06-30;2018-06-30/2018-07-02;2018-07-02/2018-07-04;2018-07-05/2018-07-10;2018-07-10/2018-08-01;2018-08-01/2018-08-03;2018-08-03/2018-08-07;2018-08-07/2018-08-10;2018-08-10/2018-08-16;2018-08-16/2018-08-22;2018-08-22/2018-08-26;2018-08-26/2018-09-04;2018-09-04/2018-09-09;2018-09-09/2018-09-12;2018-09-12/2018-09-15;2018-09-15/2018-09-18;2018-09-18/2018-09-21;2018-09-21/2018-09-27;2018-09-27/2018-10-12;2018-10-13/2018-10-22;2018-10-22/2018-10-24;2018-10-24/2018-10-27;2018-10-28/2018-11-06;2018-11-06/2018-11-09;2018-11-09/2018-11-13;2018-11-13/2018-11-22;2018-11-23/2018-12-16;2018-12-16/2018-12-18;2018-12-19/2018-12-24;2018-12-24/2018-12-31;2018-12-31/2019-01-07;2019-01-07/2019-01-09;2019-01-09/2019-01-22;2019-01-23/2019-01-25;2019-01-26/2019-01-29;2019-01-29/2019-01-31;2019-01-31/2019-02-09;2019-02-09/2019-02-15;2019-02-15/2019-02-25;2019-02-25/2019-11-08;2019-11-08/2020-01-15
Skyr;2012-09-20/2020-01-15
nikr;2013-05-01/2020-01-15
vvolkgang;2013-11-08/2016-03-27;2016-03-27/2020-01-15
cjerdonek;2013-01-17/2020-01-15
kerimdzhanov;2013-11-08/2020-01-15
hkdobrev;2013-08-19/2020-01-15
benmoss;2013-11-09/2020-01-15
jephir;2013-11-11/2020-01-15
milas;2013-11-11/2020-01-15
tiredpixel;2013-11-11/2020-01-15
jean;2013-11-12/2020-01-15
borntyping;2013-08-05/2020-01-15
llonchj;2013-11-12/2020-01-15
vikraman;2013-09-18/2020-01-15
gillesdemey;2013-11-12/2020-01-15
jotajunior;2013-11-12/2013-12-02;2013-12-02/2020-01-15
alexkaratarakis;2013-11-13/2020-01-15
jkremser;2013-03-14/2020-01-15
rsolomo;2013-11-13/2020-01-15
kdeldycke;2013-11-13/2020-01-15
jaseemabid;2013-11-14/2013-11-19;2013-11-19/2020-01-15
j4y;2013-11-22/2020-01-15
mattrubin;2013-11-25/2020-01-15
jmillerdesign;2013-11-27/2020-01-15
minsOne;2013-11-27/2020-01-15
phmarek;2013-11-20/2020-01-15
richorama;2013-11-29/2015-01-21;2015-01-21/2020-01-15
hulet;2013-12-10/2014-06-19;2014-06-19/2020-01-15
sqlexception;2013-12-12/2020-01-15
EvandroLG;2013-12-14/2014-01-07;2014-01-07/2020-01-15
shawndavenport;2013-12-14/2020-01-15
andrewwutw;2013-12-17/2020-01-15
arinto;2013-12-24/2020-01-15
pimterry;2013-12-26/2020-01-15
mickeypuri;2014-01-01/2020-01-15
friederbluemle;2014-01-16/2015-11-02;2015-11-02/2020-01-15
cknoblauch;2014-01-17/2020-01-15
Bananeweizen;2014-01-18/2020-01-15
dlion;2014-01-20/2014-04-04;2014-04-04/2020-01-15
Lordovos;2014-01-22/2020-01-15
fredgate;2014-01-28/2020-01-15
diegoleme;2014-01-30/2020-01-15
0xcaff;2014-02-03/2020-01-15
ahmyi;2014-02-05/2014-06-17;2014-06-17/2020-01-15
cemmersb;2014-02-06/2020-01-15
jturmel;2014-02-10/2014-02-12;2014-02-12/2020-01-15
Arvur;2013-11-29/2014-01-15;2014-01-16/2014-02-03;2014-02-03/2014-02-13;2014-02-13/2014-05-28;2014-05-28/2015-02-03;2015-02-03/2015-10-22;2015-10-22/2015-11-16;2015-11-16/2020-01-15
IonicaBizau;2014-02-13/2020-01-15
bbodenmiller;2014-02-14/2014-02-18;2014-02-18/2014-04-13;2014-04-13/2014-07-10;2014-07-10/2014-09-20;2014-09-20/2014-11-06;2014-11-06/2014-12-11;2014-12-11/2015-05-10;2015-05-10/2016-09-20;2016-09-20/2017-03-10;2017-03-10/2020-01-15
simnalamburt;2014-02-18/2020-01-15
krtek;2014-02-19/2020-01-15
arjun024;2014-02-19/2020-01-15
tioui;2014-02-24/2014-02-28;2014-02-28/2020-01-15
tjgrilley;2014-02-28/2020-01-15
MisterJames;2014-02-27/2020-01-15
relrod;2014-02-24/2020-01-15
wzhishen;2014-02-28/2020-01-15
DenJohX;2014-02-28/2014-03-12;2014-03-12/2020-01-15
zman97211;2014-02-28/2020-01-15
hugovk;2014-03-06/2015-05-11;2015-05-11/2020-01-15
ashic;2014-03-06/2020-01-15
ssinss;2014-03-06/2020-01-15
devoncarew;2014-03-08/2014-09-09;2014-09-09/2014-09-18;2014-09-18/2020-01-15
hfm;2014-03-09/2020-01-15
kylef;2014-03-13/2014-03-18;2014-03-18/2014-04-24;2014-04-24/2020-01-15
teslitsky;2014-03-15/2014-04-08;2014-04-08/2020-01-15
munkhoff;2014-03-19/2020-01-15
maieul;2014-03-20/2014-04-04;2014-04-04/2014-07-31;2014-07-31/2015-02-05;2015-02-05/2015-07-18;2015-07-18/2016-01-27;2016-01-27/2020-01-15
StuntsPT;2014-03-21/2020-01-15
notbear;2014-03-24/2020-01-15
stevennoto;2014-03-25/2020-01-15
nnuhanovic;2014-03-31/2020-01-15
onion7878;2014-03-31/2020-01-15
JimRoepcke;2014-04-04/2020-01-15
cheddar;2014-04-04/2020-01-15
acrogenesis;2014-04-04/2020-01-15
nkt;2014-04-15/2014-06-21;2014-06-21/2020-01-15
3lvis;2014-04-15/2020-01-15
UltraWalker;2014-04-16/2020-01-15
stenskjaer;2014-04-17/2020-01-15
Pilchie;2014-04-17/2020-01-15
DaikiMaekawa;2014-04-17/2014-04-23;2014-04-23/2020-01-15
grossadamm;2014-04-18/2020-01-15
szpssky;2014-04-19/2020-01-15
bohdan-shulha;2014-04-23/2020-01-15
jacobcrigby;2014-04-23/2020-01-15
acelaya;2014-04-25/2014-05-11;2014-05-11/2020-01-15
sebgod;2014-04-27/2014-04-29;2014-04-29/2014-05-12;2014-05-12/2015-01-09;2015-01-09/2020-01-15
FuriKuri;2014-05-04/2020-01-15
matma;2014-05-07/2020-01-15
RX14;2014-05-06/2020-01-15
rasbt;2014-05-06/2020-01-15
sroberts;2014-05-07/2020-01-15
kbariotis;2014-05-08/2020-01-15
jamesottaway;2014-05-12/2020-01-15
coruus;2014-05-18/2020-01-15
giosh94mhz;2014-05-20/2020-01-15
drothmaler;2014-05-29/2020-01-15
cnd;2014-05-30/2014-07-08;2014-07-08/2020-01-15
theanalyst;2014-05-30/2020-01-15
MichalisK;2014-06-06/2020-01-15
thurask;2014-06-10/2014-06-14;2014-06-14/2014-09-13;2014-09-13/2014-09-23;2014-09-23/2020-01-15
coolya;2013-12-15/2020-01-15
SamyPesse;2014-06-14/2014-09-03;2014-09-03/2020-01-15
aelgru;2014-06-15/2020-01-15
charonn0;2014-06-19/2020-01-15
whoshuu;2014-06-23/2020-01-15
wojciechwasko;2014-06-24/2020-01-15
eugpermar;2014-06-25/2020-01-15
misterion;2014-07-01/2020-01-15
OsirisTerje;2014-07-02/2014-07-05;2014-07-05/2019-02-13;2019-02-13/2020-01-15
samskiter;2014-07-15/2020-01-15
peterfpeterson;2014-07-18/2020-01-15
fabianhjr;2014-07-18/2020-01-15
holman;2014-07-23/2020-01-15
ChemiKhazi;2014-07-26/2020-01-15
Glaived;2014-07-27/2014-09-01;2014-09-01/2020-01-15
habi;2014-07-29/2015-08-04;2015-08-04/2015-11-16;2015-11-16/2015-12-21;2015-12-21/2020-01-15
eddiejaoude;2014-07-31/2020-01-15
madskristensen;2014-08-04/2020-01-15
ma499;2014-08-08/2020-01-15
joreyaesh;2014-08-13/2020-01-15
Nainterceptor;2014-08-13/2020-01-15
sigo;2014-08-15/2020-01-15
mikejbrown;2014-08-19/2020-01-15
amcsi;2014-08-21/2020-01-15
malheleco;2014-08-21/2020-01-15
StoneCypher;2014-08-22/2020-01-15
Ironholds;2014-08-25/2014-09-01;2014-09-02/2020-01-15
starrify;2014-08-27/2020-01-15
cnbuff410;2014-09-01/2020-01-15
nicwortel;2014-09-02/2020-01-15
raphqu;2014-09-06/2020-01-15
jlgrock;2014-09-08/2020-01-15
vboctor;2014-09-09/2020-01-15
rafaelcanovas;2014-09-11/2020-01-15
arteymix;2014-09-14/2014-10-25;2014-10-25/2014-11-07;2014-11-07/2020-01-15
Fuhrmann;2014-09-17/2020-01-15
mturnwall;2014-09-17/2020-01-15
mlacorte;2014-09-22/2020-01-15
dmbaturin;2014-09-24/2020-01-15
creativesuspects;2014-09-29/2020-01-15
thunsaker;2014-09-30/2014-10-20;2014-10-20/2020-01-15
daroczig;2014-10-12/2020-01-15
iorionda;2014-10-15/2020-01-15
leandrodeleite;2014-10-16/2014-10-19;2014-10-19/2020-01-15
TreeRex;2014-10-15/2020-01-15
tomsquest;2014-10-16/2020-01-15
alexanderKhaustov;2014-10-17/2014-10-21;2014-10-21/2020-01-15
sidewinder94;2014-10-21/2014-11-18;2014-11-18/2020-01-15
jaxx;2014-10-24/2014-11-02;2014-11-02/2014-11-06;2014-11-06/2020-01-15
janno-p;2014-10-24/2020-01-15
jangorecki;2014-10-25/2020-01-15
parched;2014-10-26/2020-01-15
rogersuen;2014-10-27/2014-12-09;2014-12-09/2020-01-15
bitemyapp;2014-11-03/2020-01-15
jakubtuchol;2014-11-03/2020-01-15
renhx;2014-11-13/2020-01-15
andres-mancera;2014-11-13/2015-01-21;2015-01-22/2015-04-23;2015-04-23/2015-06-01;2015-06-01/2020-01-15
jakepetroules;2014-11-16/2020-01-15
adamliter;2014-11-20/2014-11-28;2014-11-28/2020-01-15
cake17;2014-11-20/2015-01-04;2015-01-04/2020-01-15
taspeotis;2014-11-23/2020-01-15
marcelkorpel;2014-11-23/2015-05-28;2015-05-28/2020-01-15
vladon;2014-12-01/2015-12-04;2015-12-04/2020-01-15
carlodri;2014-12-03/2020-01-15
Hillkorn;2014-12-04/2020-01-15
Frozenfire92;2014-12-05/2020-01-15
ovanschie;2014-12-05/2020-01-15
kechol;2014-12-08/2020-01-15
rafaelstz;2014-12-09/2015-01-21;2015-01-22/2016-11-18;2016-11-18/2018-11-27;2018-11-27/2020-01-15
clrke;2014-12-12/2020-01-15
mviranyi;2014-12-12/2015-01-05;2015-01-05/2020-01-15
aurmil;2014-12-17/2020-01-15
lighght;2014-12-20/2020-01-15
adamrights;2014-12-22/2020-01-15
segfly;2014-12-27/2020-01-15
msikma;2014-12-29/2016-01-21;2016-01-21/2020-01-15
adelq;2014-12-30/2020-01-15
jenrik;2015-01-02/2020-01-15
tral;2015-01-02/2015-01-07;2015-01-07/2020-01-15
morozilnic;2015-01-04/2020-01-15
julianpistorius;2015-01-07/2020-01-15
mbaltaks;2015-01-10/2020-01-15
masgo;2015-01-13/2020-01-15
stephenlacy;2015-01-13/2020-01-15
nwest;2015-01-15/2020-01-15
geoffschoeman;2015-01-16/2020-01-15
wafiq;2015-01-21/2020-01-15
tyutyutyu;2015-01-29/2015-11-03;2015-11-03/2020-01-15
elerch;2015-01-29/2015-02-04;2015-02-04/2020-01-15
joomalungma;2015-01-30/2020-01-15
skuschel;2015-02-02/2020-01-15
polamjag;2015-02-05/2020-01-15
pamrichmond;2015-02-05/2020-01-15
occidens;2015-02-11/2020-01-15
relekang;2015-02-12/2020-01-15
adamasantares;2015-02-13/2020-01-15
ptigwe;2015-02-17/2020-01-15
iamsebastian;2015-02-19/2020-01-15
wisitsaks;2015-02-20/2020-01-15
King2500;2015-02-21/2020-01-15
cdepillabout;2015-02-24/2015-06-30;2015-06-30/2020-01-15
Gurmeet-Singh;2015-03-01/2020-01-15
ch33f;2015-03-01/2016-05-11;2016-05-11/2020-01-15
bondolo;2015-03-02/2020-01-15
ergl;2015-03-05/2020-01-15
Lucretiel;2015-03-06/2015-03-16;2015-03-16/2020-01-15
jakejohns;2015-03-10/2020-01-15
riosc;2015-03-11/2020-01-15
dashed;2015-03-12/2020-01-15
tac0x2a;2015-03-14/2020-01-15
myurtoglu;2015-03-15/2020-01-15
DanNixon;2015-03-19/2020-01-15
igarcez;2015-03-23/2020-01-15
pegurnee;2015-03-26/2020-01-15
jcgay;2015-03-29/2020-01-15
shalecraig;2015-03-29/2020-01-15
tgkprog;2015-04-02/2020-01-15
Abizern;2015-04-03/2015-04-30;2015-04-30/2020-01-15
parkr;2015-04-08/2020-01-15
gjtorikian;2015-04-08/2016-01-17;2016-01-17/2020-01-15
lszeremeta;2015-04-09/2016-02-13;2016-02-13/2016-03-21;2016-03-21/2020-01-15
LazarusX;2015-04-14/2016-01-27;2016-01-27/2020-01-15
GingerGeek;2015-04-16/2020-01-15
julienbourdeau;2015-04-17/2020-01-15
Tandoori;2015-04-18/2020-01-15
gouthamve;2015-04-24/2015-04-30;2015-04-30/2020-01-15
usagizmo;2015-04-27/2020-01-15
gsnedders;2015-04-28/2020-01-15
LunicLynx;2015-05-06/2020-01-15
heyvito;2015-05-07/2020-01-15
damianh;2015-05-08/2020-01-15
lezed1;2015-05-14/2020-01-15
dash00;2015-05-15/2020-01-15
hcollet;2015-05-15/2015-05-18;2015-05-18/2015-07-15;2015-07-15/2020-01-15
fshauge;2015-05-16/2020-01-15
katrinleinweber;2015-05-20/2020-01-15
emlai;2015-05-23/2020-01-15
Konfekt;2015-05-29/2020-01-15
barraponto;2015-06-05/2020-01-15
skylerberg;2015-06-07/2020-01-15
Coeur;2015-06-08/2015-08-15;2015-08-15/2017-06-08;2017-06-08/2018-10-29;2018-10-29/2019-07-23;2019-07-23/2019-08-07;2019-08-07/2020-01-15
photodude;2015-06-11/2020-01-15
piccaso;2015-06-17/2020-01-15
tjrana;2015-06-18/2020-01-15
153957;2015-06-24/2020-01-15
todd;2015-06-25/2020-01-15
victorhaggqvist;2015-06-27/2015-09-30;2015-09-30/2020-01-15
nex3;2015-06-30/2020-01-15
JimiC;2015-07-13/2020-01-15
rdalkire;2015-07-22/2020-01-15
Caerbannog;2015-07-27/2016-03-06;2016-03-06/2020-01-15
manavm;2015-07-28/2015-08-04;2015-08-04/2015-08-10;2015-08-10/2020-01-15
svisser;2015-08-02/2020-01-15
kc9jud;2015-08-02/2020-01-15
boulajp;2015-08-04/2020-01-15
cyrbil;2015-08-06/2020-01-15
felipeplets;2015-08-11/2020-01-15
gbaron;2015-08-16/2020-01-15
wikibootup;2015-08-22/2020-01-15
damadmai;2015-08-22/2020-01-15
remyleone;2015-08-24/2020-01-15
raabf;2015-08-24/2020-01-15
starpeng;2014-03-09/2020-01-15
jnycz;2015-08-26/2020-01-15
bpasero;2015-08-31/2020-01-15
nagytech;2015-09-01/2020-01-15
m1stegmann;2015-09-02/2020-01-15
ScreamingDev;2015-09-11/2020-01-15
scott-wilson;2015-09-14/2020-01-15
quadroid;2015-09-15/2020-01-15
JimBobSquarePants;2015-09-15/2015-11-06;2015-11-06/2020-01-15
littleibex;2015-09-20/2020-01-15
lars-nielsen;2015-09-22/2020-01-15
jdennes;2015-09-23/2020-01-15
MartinNowak;2015-09-27/2020-01-15
justincampbell;2015-09-28/2020-01-15
robxu9;2015-10-01/2020-01-15
jimhester;2015-10-02/2020-01-15
czechboy0;2015-10-03/2016-02-26;2016-02-26/2020-01-15
vbfox;2015-10-04/2020-01-15
enzian;2015-10-07/2020-01-15
ArgentiApparatus;2015-10-08/2015-10-10;2015-10-10/2015-10-21;2015-10-21/2015-10-23;2015-10-24/2016-11-01;2016-11-01/2020-01-15
prestancedesign;2015-10-10/2020-01-15
jonathanchu;2015-10-12/2016-02-12;2016-02-12/2020-01-15
melonmanchan;2015-10-12/2016-02-12;2016-02-12/2020-01-15
vitorprado;2015-10-14/2020-01-15
joshuamabina;2015-10-15/2020-01-15
KrauseFx;2015-10-17/2015-11-11;2015-11-11/2020-01-15
rodrigues;2015-10-19/2020-01-15
insign;2015-10-23/2020-01-15
samsheff;2015-10-27/2015-10-29;2015-10-29/2020-01-15
jerodev;2015-10-28/2020-01-15
flashspys;2015-10-29/2020-01-15
tsteinholz;2015-10-29/2015-11-29;2015-11-29/2020-01-15
BGR360;2015-10-31/2020-01-15
christophmuellerorg;2015-11-02/2020-01-15
jucrouzet;2015-11-02/2015-11-05;2015-11-05/2020-01-15
JacerOmri;2015-11-03/2020-01-15
maidmaid;2015-11-04/2020-01-15
apriendeau;2015-11-04/2020-01-15
mike-duigou;2015-11-05/2020-01-15
chenyufeng1991;2015-11-09/2020-01-15
waynenilsen;2015-11-13/2016-10-03;2016-10-03/2020-01-15
mypetyak;2015-11-14/2020-01-15
nrbrook;2015-11-19/2020-01-15
lcorbasson;2015-11-20/2020-01-15
thomaseizinger;2015-11-26/2020-01-15
Dveim;2015-11-29/2020-01-15
julien731;2015-11-30/2020-01-15
cbadke;2015-11-30/2020-01-15
mkutyba;2015-12-03/2020-01-15
natestedman;2015-12-04/2020-01-15
camigreen;2015-12-05/2020-01-15
stephengroat;2015-12-06/2020-01-15
tim-hub;2015-12-10/2020-01-15
JelteF;2015-12-11/2020-01-15
jutaz;2015-12-13/2020-01-15
vltr;2015-12-13/2016-01-27;2016-01-27/2020-01-15
belyansky;2015-12-14/2020-01-15
rlee287;2015-12-17/2020-01-15
anderslundsgard;2015-12-28/2020-01-15
drasolka;2015-12-31/2020-01-15
dopefishh;2016-01-03/2017-02-28;2017-02-28/2020-01-15
adrfer;2016-01-03/2020-01-15
jelford;2016-01-10/2020-01-15
rogierslag;2016-01-10/2020-01-15
mimibar;2016-01-13/2020-01-15
arfon;2016-01-15/2020-01-15
prayagverma;2016-01-16/2020-01-15
levrik;2016-01-17/2020-01-15
chwarr;2016-01-22/2020-01-15
hzor3000;2016-01-23/2020-01-15
pisaacs;2016-01-23/2020-01-15
varhub;2016-01-25/2020-01-15
jcarsique;2015-07-16/2020-01-15
icylogic;2016-02-03/2020-01-15
mcandre;2016-02-06/2016-12-07;2016-12-07/2017-01-11;2017-01-11/2020-01-15
nloveladyallen;2016-02-07/2020-01-15
austinjalexander;2016-02-07/2020-01-15
Zenuka;2016-02-10/2016-02-12;2016-02-12/2020-01-15
RobertoNovelo;2016-02-10/2020-01-15
aep-shoutlet;2016-02-11/2020-01-15
Harrison-G;2016-02-12/2020-01-15
HIPERCUBE;2016-02-12/2020-01-15
saschanaz;2016-02-15/2020-01-15
luxidea;2016-02-16/2020-01-15
hmemcpy;2016-02-18/2020-01-15
guenti;2016-02-22/2020-01-15
ezekeal;2016-02-24/2020-01-15
toanant;2016-02-25/2016-03-07;2016-03-07/2020-01-15
rocketraman;2016-02-25/2020-01-15
jjst;2016-02-25/2020-01-15
aaroncaito;2016-02-26/2020-01-15
hippo91;2016-03-06/2020-01-15
tpluscode;2016-03-08/2020-01-15
ntakouris;2016-03-09/2020-01-15
timsueberkrueb;2016-03-09/2017-08-16;2017-08-16/2020-01-15
e-yes;2016-03-10/2020-01-15
hboon;2016-03-11/2016-03-13;2016-03-13/2020-01-15
DSIW;2016-03-15/2017-01-24;2017-01-24/2017-02-01;2017-02-01/2020-01-15
chrisamanse;2016-03-16/2020-01-15
evorion;2016-03-16/2020-01-15
dbburgess;2016-03-18/2020-01-15
yanniks;2016-03-21/2020-01-15
seanfisk;2016-03-24/2020-01-15
krzysiekpiasecki;2016-03-25/2016-03-27;2016-03-27/2020-01-15
p5764;2016-03-25/2020-01-15
rexim;2016-03-27/2020-01-15
geogdog;2016-04-01/2020-01-15
deepak;2016-04-15/2020-01-15
elifoster;2016-04-16/2020-01-15
BlueHatbRit;2016-04-15/2020-01-15
dybekm;2016-04-19/2020-01-15
ro31337;2016-04-21/2016-07-02;2016-07-02/2020-01-15
2Cubed;2016-04-24/2020-01-15
seungwonpark;2016-04-26/2016-07-12;2016-07-12/2020-01-15
jgm1986;2016-04-28/2020-01-15
jrnold;2016-04-29/2020-01-15
leeyiw;2016-05-05/2020-01-15
evfemist;2016-05-06/2020-01-15
RyanGlScott;2016-05-09/2017-07-20;2017-07-20/2017-11-29;2017-11-29/2020-01-15
yukozh;2016-05-11/2020-01-15
maxehmookau;2016-05-12/2020-01-15
wolffan;2016-05-13/2020-01-15
jiahao;2016-05-16/2020-01-15
0xBADDCAFE;2016-05-18/2020-01-15
jlokimlin;2016-05-20/2020-01-15
JSkimming;2016-05-23/2020-01-15
wmarquardt;2016-05-27/2016-06-03;2016-06-03/2017-02-02;2017-02-02/2020-01-15
FreeSlave;2016-06-06/2020-01-15
assem-ch;2016-06-12/2020-01-15
nocnokneo;2016-06-15/2020-01-15
NuLL3rr0r;2016-06-15/2020-01-15
rpistorello;2016-06-21/2020-01-15
mkobit;2016-06-24/2020-01-15
rejurime;2016-06-28/2020-01-15
thilaire;2016-06-29/2020-01-15
sammysfo;2016-07-06/2020-01-15
koppor;2016-07-10/2016-12-29;2016-12-29/2017-01-05;2017-01-05/2017-02-16;2017-02-16/2017-07-26;2017-07-26/2018-04-13;2018-04-13/2019-10-03;2019-10-03/2020-01-15
dochang;2016-07-14/2020-01-15
allentiak;2016-07-18/2016-07-21;2016-07-21/2020-01-15
cyrodjohn;2016-07-25/2020-01-15
tevfik6;2016-07-25/2020-01-15
kevinmost;2016-08-01/2020-01-15
sdhull;2016-08-08/2020-01-15
agrafix;2016-08-10/2020-01-15
bakeevdr;2016-08-12/2020-01-15
Shir0kamii;2016-08-14/2020-01-15
sherzodv;2016-08-16/2017-02-16;2017-02-16/2020-01-15
ymartin59;2016-08-16/2020-01-15
gfpoliva;2016-08-16/2020-01-15
kyle-pollock;2016-08-19/2020-01-15
cshubhamrao;2016-08-22/2020-01-15
matt77hias;2016-08-23/2020-01-15
robojona;2016-08-30/2020-01-15
AlexanderBrevig;2016-08-30/2018-09-18;2018-09-18/2020-01-15
Leandros;2016-09-06/2016-10-04;2016-10-04/2020-01-15
petermorlion;2016-09-07/2020-01-15
srgvg;2016-09-07/2020-01-15
kevcunnane;2016-09-09/2020-01-15
filipw;2016-09-12/2020-01-15
ukari;2016-09-13/2020-01-15
RehanSaeed;2016-09-15/2016-09-26;2016-09-26/2020-01-15
jfloff;2016-09-19/2020-01-15
MikeRalphson;2016-09-21/2020-01-15
stapelberg;2016-10-11/2020-01-15
JasonGross;2016-10-11/2019-11-08;2019-11-08/2019-11-25;2019-11-25/2020-01-15
rhysforyou;2016-10-12/2018-11-06;2018-11-06/2020-01-15
morrislaptop;2016-10-12/2020-01-15
appleboy;2016-10-17/2017-01-27;2017-01-27/2020-01-15
jasongaylord;2016-10-17/2020-01-15
mrs-mrl;2016-10-19/2020-01-15
rkrp;2016-10-21/2020-01-15
denisdefreyne;2016-10-23/2017-08-29;2017-08-29/2020-01-15
israelroldan;2016-10-23/2020-01-15
briandfoy;2016-10-26/2020-01-15
troyp;2016-10-26/2020-01-15
luiscoms;2016-10-28/2020-01-15
benbalter;2016-10-28/2020-01-15
chaosdefinition;2016-10-31/2020-01-15
commscheck;2016-11-01/2020-01-15
calben;2016-11-02/2017-01-23;2017-01-23/2020-01-15
lucasgautheron;2016-11-03/2020-01-15
dkav;2016-11-04/2020-01-15
robsonpeixoto;2016-11-04/2020-01-15
chucklu;2016-11-07/2020-01-15
allevity;2016-11-07/2020-01-15
robinkanters;2016-11-13/2020-01-15
Stevoisiak;2016-11-15/2017-02-13;2017-02-13/2020-01-15
HenrikWM;2016-11-16/2020-01-15
davormas;2016-11-21/2020-01-15
Alice94;2016-11-24/2020-01-15
thomwiggers;2016-11-26/2020-01-15
rmax;2016-11-26/2020-01-15
mems;2016-11-30/2020-01-15
matthew-gerstman;2016-11-30/2020-01-15
sshaw;2016-12-02/2019-10-04;2019-10-04/2020-01-15
roubles;2016-12-06/2020-01-15
vkusvody;2016-12-06/2019-07-22;2019-07-22/2020-01-15
TennyZhuang;2016-12-13/2017-12-31;2017-12-31/2018-03-10;2018-03-10/2020-01-15
XnachO;2016-12-21/2020-01-15
brianteeman;2016-12-24/2020-01-15
yassu;2016-12-24/2020-01-15
exarus;2016-12-25/2020-01-15
ailisp;2016-12-27/2020-01-15
tcthien;2016-12-29/2017-02-03;2017-02-03/2020-01-15
acarabott;2017-01-02/2020-01-15
tjkemper;2017-01-03/2017-02-15;2017-02-15/2020-01-15
CrossVR;2017-01-06/2020-01-15
gep13;2017-01-10/2020-01-15
Ernest314;2017-01-12/2020-01-15
FionaHagen;2017-01-13/2020-01-15
Nihlus;2017-01-14/2020-01-15
msdx;2017-01-17/2020-01-15
FabrizioBrancati;2017-01-24/2017-08-22;2017-08-22/2020-01-15
noinkling;2017-01-25/2020-01-15
robipresotto;2017-01-26/2020-01-15
Jumbalaya;2017-01-27/2020-01-15
Arsfiqball;2017-01-28/2020-01-15
AlekSi;2017-01-30/2020-01-15
taeminhong;2017-01-31/2020-01-15
AndersDJohnson;2017-02-09/2020-01-15
erikghonyan;2017-02-09/2020-01-15
vmuriart;2017-02-15/2020-01-15
pmsosa;2017-02-20/2020-01-15
jlabarbera11;2017-02-22/2020-01-15
MichaelKogan;2017-02-28/2020-01-15
robinhultman;2017-03-01/2020-01-15
marcrocny;2017-03-02/2017-03-06;2017-03-06/2020-01-15
Yousha;2017-03-06/2017-10-23;2017-10-23/2019-01-08;2019-01-08/2019-01-27;2019-01-27/2019-10-31;2019-10-31/2020-01-15
gagallo7;2017-03-09/2020-01-15
kevmoo;2017-03-11/2018-03-02;2018-03-02/2020-01-15
Cantido;2017-03-12/2020-01-15
matt40k;2017-03-13/2020-01-15
jpdillingham;2017-03-19/2020-01-15
OmarShaikh42;2017-03-20/2020-01-15
random82;2017-03-21/2020-01-15
cptaffe;2017-03-23/2020-01-15
mansourcodes;2017-03-24/2020-01-15
raeglan;2017-03-28/2020-01-15
spencermathews;2017-03-28/2020-01-15
ghisvail;2017-04-01/2020-01-15
orzechow;2017-03-31/2020-01-15
Glordim;2017-04-23/2020-01-15
brettcannon;2017-05-06/2020-01-15
julienshepherd;2017-05-09/2017-05-17;2017-05-17/2020-01-15
vuolter;2017-05-10/2020-01-15
kzh125;2017-05-15/2020-01-15
KoynovStas;2017-05-21/2020-01-15
jwg4;2017-05-22/2017-06-21;2017-06-21/2020-01-15
keir-nellyer;2017-05-25/2020-01-15
weinihou;2017-05-26/2020-01-15
utkonos;2017-05-31/2017-06-06;2017-06-06/2020-01-15
AmadeusW;2017-06-09/2020-01-15
yannduran;2017-06-10/2020-01-15
soreng;2017-06-26/2020-01-15
danilcha;2017-07-06/2020-01-15
sobolevn;2017-07-08/2020-01-15
yetanotherchris;2017-07-14/2020-01-15
meyerlasse;2017-07-28/2020-01-15
jamesqo;2017-07-30/2020-01-15
ninsuo;2017-08-01/2020-01-15
Xeio;2017-08-11/2020-01-15
CodeNotFoundException;2017-08-12/2020-01-15
pei-lun;2017-08-14/2020-01-15
wirgen;2017-08-20/2020-01-15
renjithsraj;2017-08-29/2020-01-15
rdela;2017-08-31/2020-01-15
fabioricali;2017-09-07/2020-01-15
Ebola16;2017-09-12/2020-01-15
Ayase-252;2017-09-12/2020-01-15
jimbob7198;2017-09-20/2020-01-15
malhobayyeb;2017-10-08/2020-01-15
flowonyx;2017-10-15/2020-01-15
bndw;2017-10-24/2020-01-15
cliffordp;2017-10-27/2020-01-15
hantuzun;2017-10-29/2020-01-15
jsoref;2017-11-08/2020-01-15
ButchDean;2017-11-15/2020-01-15
Noctis-;2017-11-15/2020-01-15
xeoneux;2017-11-17/2020-01-15
halbich;2017-11-23/2020-01-15
cmower;2017-11-29/2020-01-15
augustoproiete;2017-11-29/2020-01-15
thiminhnhut;2017-11-29/2020-01-15
matzar;2017-11-29/2020-01-15
jrreed;2017-11-29/2020-01-15
t-my;2017-11-29/2020-01-15
tasken;2017-12-05/2020-01-15
enricosada;2017-12-13/2020-01-15
richarth;2017-12-15/2020-01-15
sllroberts;2017-12-15/2020-01-15
mostafasoufi;2017-12-20/2020-01-15
timonsku;2017-12-25/2020-01-15
wolf99;2017-12-26/2020-01-15
rafiw;2017-12-26/2020-01-15
mxschmitt;2018-01-01/2020-01-15
rgbkrk;2018-01-01/2020-01-15
justinhartman;2018-01-04/2019-05-12;2019-05-12/2020-01-15
mbukejlovic;2018-01-04/2020-01-15
jerzywie;2018-01-11/2020-01-15
cyliang;2018-01-12/2020-01-15
neetrath;2018-01-12/2020-01-15
meneguzzi;2018-01-16/2020-01-15
raterus;2018-01-19/2020-01-15
felixdivo;2018-01-26/2020-01-15
komaflash;2018-01-30/2020-01-15
chalin;2018-02-01/2020-01-15
raimon49;2018-02-04/2020-01-15
DKroot;2018-02-07/2020-01-15
dgabbe;2018-02-12/2020-01-15
davidebeatrici;2018-02-12/2020-01-15
CKGrafico;2018-02-22/2020-01-15
josharian;2018-02-23/2020-01-15
GusGA;2018-02-24/2020-01-15
jtogrul;2018-02-25/2020-01-15
fahall;2018-02-25/2018-03-07;2018-03-07/2020-01-15
BlueNalgene;2018-03-02/2020-01-15
patrickelectric;2018-03-11/2020-01-15
schnoddelbotz;2018-03-13/2020-01-15
mariuz;2018-03-15/2020-01-15
tirkarthi;2018-03-18/2020-01-15
areyer;2018-03-19/2020-01-15
gotonode;2018-03-24/2020-01-15
akelsch;2018-03-25/2020-01-15
linlux;2018-03-26/2020-01-15
chimame;2018-03-28/2020-01-15
Neargye;2018-03-28/2019-05-12;2019-05-12/2020-01-15
ikemo3;2018-03-30/2020-01-15
esaalii;2018-03-31/2020-01-15
jkodroff;2018-04-04/2018-05-13;2018-05-13/2020-01-15
twhitbeck;2018-04-05/2020-01-15
k4rtik;2018-04-05/2020-01-15
rivajunior;2018-04-07/2020-01-15
gzm55;2018-04-08/2018-06-19;2018-06-19/2020-01-15
matthewrdev;2018-04-09/2020-01-15
oscarandreu;2018-04-12/2020-01-15
juliancadi;2018-04-13/2018-04-15;2018-04-16/2020-01-15
redheness;2018-04-16/2020-01-15
owenblacker;2018-04-28/2020-01-15
thomaslima;2018-04-30/2020-01-15
14roiron;2018-05-01/2020-01-15
igorepst;2018-05-01/2020-01-15
nschonni;2018-05-02/2020-01-15
jefrydco;2018-05-06/2020-01-15
shastriUF;2018-05-09/2020-01-15
KenjiOhtsuka;2018-05-10/2020-01-15
eelregit;2018-04-03/2020-01-15
giggio;2018-05-19/2020-01-15
darrylabbate;2018-05-24/2020-01-15
segayuu;2018-05-25/2020-01-15
bcko;2018-05-28/2020-01-15
tejashah88;2018-05-27/2020-01-15
jayvdb;2018-06-05/2018-06-18;2018-06-18/2019-07-21;2019-07-21/2020-01-15
bamapookie;2018-06-11/2018-06-29;2018-06-29/2018-07-02;2018-07-02/2020-01-15
codethirteen;2018-06-14/2020-01-15
olets;2018-06-22/2020-01-15
fidmor89;2018-06-29/2018-07-01;2018-07-01/2020-01-15
iSWORD;2018-07-04/2020-01-15
AndyHee;2018-07-05/2020-01-15
EmreAtes;2018-07-10/2020-01-15
ofthelit;2018-08-01/2020-01-15
BlackStarX42;2018-08-03/2020-01-15
fabiofdsantos;2018-08-06/2020-01-15
StefanKrnajski;2018-08-08/2020-01-15
yueim;2018-08-14/2020-01-15
Peetz0r;2018-08-16/2020-01-15
GabrielC101;2018-08-18/2020-01-15
muzimuzhi;2018-08-21/2020-01-15
amigcamel;2018-08-22/2018-08-26;2018-08-26/2020-01-15
Niels-NTG;2018-08-25/2020-01-15
gurvircheema;2018-09-03/2020-01-15
alastairtree;2018-09-04/2020-01-15
sethmlarson;2018-09-09/2020-01-15
adamgauthier;2018-09-12/2020-01-15
lakerobin;2018-09-12/2020-01-15
Orbyt;2018-09-12/2020-01-15
stuckj;2018-09-14/2020-01-15
JeffCyr;2018-09-14/2020-01-15
Droni;2018-09-18/2020-01-15
whisperity;2018-09-21/2020-01-15
AurelienLavorel;2018-09-25/2020-01-15
KevinRaney;2018-09-27/2020-01-15
snakeice;2018-10-03/2020-01-15
valentine;2018-10-06/2020-01-15
kevinruscoe;2018-10-07/2020-01-15
dureyingenieria;2018-10-11/2020-01-15
chhh;2018-10-13/2020-01-15
FutureClemens;2018-10-18/2018-12-18;2018-12-18/2020-01-15
paxperscientiam;2018-10-20/2020-01-15
venatoria;2018-10-22/2018-10-27;2018-10-27/2020-01-15
kitsuyui;2018-10-23/2020-01-15
cwize1;2018-11-02/2020-01-15
1nfinite9;2018-11-07/2020-01-15
watilde;2018-11-08/2020-01-15
skident;2018-11-08/2020-01-15
cailloumajor;2018-11-09/2020-01-15
TwoBitAlchemist;2018-11-10/2020-01-15
rubberduck203;2015-08-08/2020-01-15
stevenleeS0ht;2018-11-26/2018-12-10;2018-12-10/2019-08-07;2019-08-07/2020-01-15
colearendt;2018-11-27/2020-01-15
tchajed;2018-11-29/2020-01-15
erdaltsksn;2018-11-29/2019-05-19;2019-05-19/2020-01-15
johnsoncodehk;2018-12-01/2018-12-31;2018-12-31/2020-01-15
theDrake;2018-12-02/2020-01-15
wldevries;2018-12-06/2020-01-15
marcusolini;2018-12-06/2020-01-15
ksmit799;2018-12-12/2020-01-15
HassanHashemi;2018-12-13/2018-12-16;2018-12-16/2018-12-18;2018-12-19/2020-01-15
medson;2018-12-14/2020-01-15
kesoji;2018-12-16/2020-01-15
dangu;2018-11-24/2018-12-18;2018-12-18/2020-01-15
aslamanver;2019-01-03/2020-01-15
nicholas-gs;2019-01-05/2020-01-15
shana;2019-01-08/2020-01-15
martonmiklos;2019-01-17/2019-01-21;2019-01-21/2019-01-31;2019-01-31/2019-09-20;2019-09-20/2019-10-09;2019-10-09/2020-01-15
locofocos;2019-01-22/2020-01-15
Flate;2019-01-22/2020-01-15
joaomlneto;2019-01-23/2020-01-15
pappasam;2019-01-25/2020-01-15
KexyBiscuit;2019-01-29/2020-01-15
happydude;2019-02-07/2020-01-15
kaasasolut;2019-02-25/2020-01-15
cemremengu;2019-03-08/2020-01-15
rohanvakharia;2019-03-08/2019-05-12;2019-05-12/2020-01-15
mcoblenz;2019-03-08/2020-01-15
slipo;2019-03-08/2020-01-15
Richienb;2019-03-11/2019-09-21;2019-09-21/2020-01-15
komlenic;2019-03-11/2020-01-15
qCring;2019-03-11/2020-01-15
JarryShaw;2019-03-11/2020-01-15
CoskunSunali;2019-03-11/2020-01-15
JFMG;2019-03-11/2020-01-15
taroxd;2019-03-13/2020-01-15
abdulhannanali;2019-03-14/2020-01-15
nguyendviet;2019-03-14/2020-01-15
nphmuller;2019-03-14/2020-01-15
okuramasafumi;2019-03-14/2020-01-15
ararslan;2019-03-14/2020-01-15
ndelvalle;2019-03-18/2020-01-15
prs513rosewood;2019-03-18/2020-01-15
jimmylewis;2019-03-20/2020-01-15
bcc32;2019-03-21/2020-01-15
LucasSteer;2019-03-23/2020-01-15
kevin51jiang;2019-03-27/2020-01-15
samrocketman;2019-04-07/2020-01-15
zy26;2019-04-22/2020-01-15
Anton-Sakovich;2019-04-24/2019-05-22;2019-05-22/2020-01-15
alefranz;2019-04-25/2020-01-15
syzzer;2019-04-28/2020-01-15
pogramos;2019-05-01/2020-01-15
aruanoguate;2019-05-02/2020-01-15
mahmud2011;2019-05-05/2020-01-15
jrc;2019-05-09/2020-01-15
FritzsHero;2019-05-09/2020-01-15
SimonSiefke;2019-05-10/2019-12-16;2019-12-16/2020-01-15
mestremuten;2019-05-12/2020-01-15
LotteMakesStuff;2019-05-12/2020-01-15
thatoddmailbox;2019-05-12/2020-01-15
nistix;2019-05-12/2020-01-15
byeonggukgong;2019-05-12/2020-01-15
dariusz-wozniak;2019-05-12/2020-01-15
AdmiralSnyder;2019-05-12/2020-01-15
scadgek;2019-05-12/2020-01-15
chaspy;2019-05-12/2020-01-15
MohHizzani;2019-05-16/2020-01-15
wilhelmtell;2019-05-16/2020-01-15
captainpete;2019-05-25/2020-01-15
bartlettD;2019-05-28/2020-01-15
jnavila;2019-06-01/2020-01-15
EffingFancy;2019-06-23/2020-01-15
ryanakca;2019-06-23/2020-01-15
alkhachatryan;2019-06-27/2020-01-15
sagatowski;2019-07-13/2019-10-14;2019-10-14/2019-12-05;2019-12-05/2020-01-15
Polda18;2019-07-16/2020-01-15
steveh-ivendi;2019-07-21/2020-01-15
openjck;2019-07-21/2020-01-15
heatblayze;2019-07-24/2020-01-15
nm17;2019-08-07/2020-01-15
maxxfrazer;2019-08-07/2020-01-15
qogn9daohs1;2019-08-07/2020-01-15
fulldecent;2019-08-20/2020-01-15
m-ou-se;2019-08-20/2020-01-15
jamieparkinson;2019-08-20/2020-01-15
slh24;2019-08-20/2020-01-15
mazunki;2019-09-10/2020-01-15
wesley-dean-flexion;2019-09-10/2020-01-15
theAkito;2019-09-10/2020-01-15
ImedAdel;2019-09-16/2020-01-15
AntoineGagne;2019-09-16/2020-01-15
mohsenoid;2019-09-20/2020-01-15
paulsmithkc;2019-09-20/2020-01-15
jzucker2;2019-09-20/2020-01-15
thedrow;2019-09-20/2019-11-08;2019-11-08/2020-01-15
MCSH;2019-10-03/2020-01-15
jekuer;2019-10-10/2020-01-15
gvvynplaine;2019-10-23/2020-01-15
karlhorky;2019-10-24/2020-01-15
Chiramisu;2019-11-07/2020-01-15
sean-nixon;2019-11-08/2020-01-15
ronaldgrn;2019-11-08/2020-01-15
raybuhr;2019-11-08/2020-01-15
Aikhjarto;2019-11-08/2020-01-15
davidkron;2019-11-17/2019-12-06;2019-12-06/2020-01-15
MichalDanielDobrzanski;2019-11-17/2020-01-15
mrg0029;2019-11-18/2020-01-15
helioseven;2019-11-27/2020-01-15
hshimoyama;2019-12-06/2020-01-15
anishagg17;2019-12-16/2020-01-15
tallero;2019-12-16/2020-01-15
networm;2019-12-16/2020-01-15
lkurzyniec;2019-12-16/2020-01-15
