sr;2011-12-24/2011-12-28;2011-12-28/2012-01-01;2012-01-03/2012-01-06;2012-01-06/2012-01-27;2012-01-27/2012-01-31;2012-01-31/2012-02-04;2012-02-05/2012-02-09;2012-02-11/2012-03-01;2012-03-01/2012-03-12;2012-03-12/2012-03-28;2012-03-28/2012-04-10;2012-04-11/2012-05-29;2012-05-29/2012-06-07;2012-06-07/2012-06-23;2012-06-24/2012-06-29;2012-06-29/2012-07-04;2012-07-04/2012-07-06;2012-07-06/2012-07-11;2012-07-11/2012-09-04;2012-09-05/2012-12-24;2012-12-24/2013-03-15;2013-03-15/2013-06-09;2013-06-09/2013-07-03;2013-07-03/2013-07-26;2013-07-26/2013-08-06;2013-08-06/2013-08-08;2013-08-08/2020-01-15
atmos;2011-12-19/2011-12-21;2011-12-21/2012-01-06;2012-01-06/2012-06-12;2012-06-12/2013-02-27;2013-02-27/2013-03-01;2013-03-01/2013-03-04;2013-03-04/2013-03-14;2013-03-14/2013-06-03;2013-06-03/2013-06-18;2013-06-18/2013-07-08;2013-07-09/2013-07-25;2013-07-25/2013-07-29;2013-07-29/2013-08-20;2013-08-20/2013-09-19;2013-09-20/2013-10-02;2013-10-03/2013-10-15;2013-10-15/2013-12-19;2013-12-19/2014-01-10;2014-01-10/2014-03-07;2014-03-07/2014-05-27;2014-05-27/2014-09-03;2014-09-03/2014-09-17;2014-09-17/2020-01-15
holman;2011-12-20/2020-01-15
tombell;2011-12-20/2011-12-22;2011-12-22/2012-12-19;2012-12-19/2020-01-15
danp;2011-12-20/2020-01-15
cloudbring;2011-12-20/2020-01-15
calavera;2011-12-21/2020-01-15
vivek;2011-12-21/2020-01-15
schisamo;2011-12-23/2020-01-15
jsmestad;2011-12-23/2012-01-07;2012-01-08/2020-01-15
shama;2012-01-01/2020-01-15
Mab879;2012-01-01/2020-01-15
chrismytton;2012-01-02/2020-01-15
dustyburwell;2012-01-05/2020-01-15
andres-torres-marroquin;2012-01-13/2020-01-15
mhfs;2012-01-27/2012-01-29;2012-01-29/2012-01-31;2012-01-31/2012-02-04;2012-02-04/2020-01-15
mcornick;2012-02-10/2020-01-15
lucasmazza;2012-02-29/2013-09-11;2013-09-11/2020-01-15
jmccartie;2012-03-12/2020-01-15
flype;2012-03-27/2020-01-15
priteau;2012-04-10/2020-01-15
schlamar;2012-04-11/2020-01-15
shayfrendt;2012-06-05/2020-01-15
jessedearing;2012-06-13/2020-01-15
ejholmes;2012-06-15/2012-06-28;2012-06-28/2012-09-12;2012-09-12/2020-01-15
jakedouglas;2012-05-22/2012-06-07;2012-06-08/2020-01-15
jspahrsummers;2012-08-24/2020-01-15
rsanheim;2012-08-31/2012-09-04;2012-09-04/2012-09-12;2012-09-12/2012-11-27;2012-11-27/2012-12-11;2012-12-12/2013-01-21;2013-01-21/2020-01-15
rileytg;2012-12-03/2012-12-11;2012-12-11/2020-01-15
mal;2012-11-28/2013-01-21;2013-01-21/2015-07-03;2015-07-03/2020-01-15
wfarr;2012-12-12/2014-04-28;2014-04-28/2014-05-01;2014-05-01/2020-01-15
maletor;2013-01-15/2020-01-15
Iristyle;2012-12-12/2012-12-18;2012-12-18/2013-01-02;2013-01-02/2020-01-15
masverba;2013-03-04/2020-01-15
ejfinneran;2013-05-29/2020-01-15
aroben;2013-06-18/2013-06-25;2013-06-26/2020-01-15
kassio;2013-08-13/2020-01-15
akatz;2013-09-06/2020-01-15
mattr-;2013-10-11/2014-09-20;2014-09-20/2014-10-04;2014-10-04/2014-10-27;2014-10-27/2014-11-05;2014-11-05/2014-11-14;2014-11-14/2015-01-24;2015-01-25/2015-02-21;2015-02-22/2015-03-15;2015-03-16/2015-09-21;2015-09-21/2015-10-14;2015-10-14/2016-02-02;2016-02-02/2016-02-10;2016-02-10/2016-03-19;2016-03-19/2016-05-10;2016-05-10/2017-06-05;2017-06-06/2017-09-12;2017-09-12/2018-01-08;2018-01-08/2018-01-29;2018-01-29/2018-04-06;2018-04-08/2018-10-08;2018-10-08/2018-12-05;2018-12-05/2019-04-17;2019-04-17/2019-06-08;2019-06-08/2020-01-15
parkr;2014-01-08/2014-01-10;2014-01-10/2020-01-15
tmm1;2014-02-05/2020-01-15
ChrisLundquist;2014-02-25/2014-03-14;2014-03-14/2014-03-17;2014-03-17/2020-01-15
bhuga;2014-03-07/2014-03-10;2014-03-10/2014-03-17;2014-03-17/2014-04-17;2014-04-17/2014-05-16;2014-05-16/2014-07-17;2014-07-17/2020-01-15
luxflux;2014-05-15/2020-01-15
calmyournerves;2014-05-16/2014-05-21;2014-05-21/2014-06-06;2014-06-06/2020-01-15
Mezzle;2014-05-22/2020-01-15
Reprazent;2014-07-24/2014-09-16;2014-09-17/2020-01-15
mbartmann;2014-05-02/2014-05-07;2014-05-07/2014-05-11;2014-05-11/2014-05-17;2014-05-17/2014-06-21;2014-06-21/2014-06-30;2014-06-30/2014-07-19;2014-07-19/2014-08-07;2014-08-07/2020-01-15
ellneal;2016-04-28/2020-01-15
dlackty;2017-06-05/2020-01-15
gargola;2018-01-29/2020-01-15
