aroben;2012-04-30/2012-05-02;2012-05-02/2012-05-10;2012-05-10/2012-05-30;2012-05-31/2012-06-05;2012-06-05/2012-06-07;2012-06-08/2012-06-11;2012-06-11/2012-06-25;2012-06-25/2020-01-15
anaisbetts;2012-04-30/2012-11-12;2012-11-12/2014-04-14;2014-04-14/2014-04-17;2014-04-17/2020-01-15
dscho;2012-05-04/2012-05-12;2012-05-12/2012-05-31;2012-05-31/2012-06-05;2012-06-07/2012-06-23;2012-06-23/2012-06-25;2012-06-26/2012-10-28;2012-10-28/2012-11-30;2012-11-30/2012-12-03;2012-12-03/2013-06-12;2013-06-12/2013-07-15;2013-07-15/2013-08-15;2013-08-15/2013-12-16;2013-12-16/2013-12-19;2013-12-20/2013-12-22;2013-12-23/2013-12-27;2013-12-28/2013-12-30;2013-12-30/2014-01-03;2014-01-03/2014-01-27;2014-01-28/2014-02-16;2014-02-18/2014-02-23;2014-02-23/2014-02-25;2014-02-25/2014-04-02;2014-04-02/2014-04-11;2014-04-11/2014-04-13;2014-04-13/2014-04-15;2014-04-15/2014-05-05;2014-05-05/2014-06-05;2014-06-05/2014-06-10;2014-06-10/2014-06-12;2014-06-13/2014-06-19;2014-06-20/2014-06-24;2014-06-25/2014-08-05;2014-08-05/2014-08-07;2014-08-07/2014-08-13;2014-08-14/2014-09-15;2014-09-15/2014-11-04;2014-11-04/2014-11-09;2014-11-09/2014-11-12;2014-11-12/2014-11-15;2014-11-15/2014-12-17;2014-12-17/2020-01-15
rpavlik;2012-05-22/2020-01-15
ciaranj;2012-05-29/2012-07-12;2012-07-12/2020-01-15
tclem;2012-05-31/2012-06-12;2012-06-12/2020-01-15
sschuberth;2011-05-14/2011-12-21;2011-12-21/2012-06-03;2012-06-03/2012-06-07;2012-06-07/2012-06-25;2012-06-25/2012-07-08;2012-07-08/2012-07-17;2012-07-17/2012-07-29;2012-07-29/2012-08-01;2012-08-01/2012-08-03;2012-08-03/2012-10-03;2012-10-04/2012-10-20;2012-10-21/2012-10-24;2012-10-24/2012-10-27;2012-10-27/2012-10-29;2012-10-29/2012-11-04;2012-11-04/2012-11-26;2012-11-26/2012-12-16;2012-12-17/2013-01-12;2013-01-12/2013-01-31;2013-01-31/2013-02-05;2013-02-05/2013-03-08;2013-03-08/2013-03-14;2013-03-15/2013-03-28;2013-03-28/2013-04-22;2013-04-22/2013-06-02;2013-06-03/2013-11-27;2013-11-27/2013-12-09;2013-12-12/2014-01-04;2014-01-04/2014-02-05;2014-02-05/2014-02-17;2014-02-17/2014-03-15;2014-03-15/2014-03-18;2014-03-18/2014-08-15;2014-08-15/2014-08-28;2014-08-28/2020-01-15
patthoyts;2012-06-07/2012-06-09;2012-06-09/2012-06-20;2012-06-21/2012-06-27;2012-06-28/2012-07-04;2012-07-06/2012-07-10;2012-07-10/2012-07-12;2012-07-12/2012-09-28;2012-09-28/2012-10-22;2012-10-23/2012-11-14;2012-11-14/2012-11-27;2012-11-27/2012-12-04;2012-12-04/2013-01-04;2013-01-04/2013-01-10;2013-01-10/2013-02-01;2013-02-02/2013-02-06;2013-02-06/2013-02-08;2013-02-08/2013-03-15;2013-03-15/2013-05-15;2013-05-15/2013-05-21;2013-05-21/2013-06-02;2013-06-03/2013-06-07;2013-06-07/2013-06-23;2013-06-23/2013-09-13;2013-09-13/2013-09-16;2013-09-16/2020-01-15
mikofski;2012-06-07/2020-01-15
csware;2012-06-24/2014-01-02;2014-01-02/2014-01-04;2014-01-04/2020-01-15
TaleTN;2012-07-05/2020-01-15
half-ogre;2012-07-16/2012-11-14;2012-11-14/2012-11-19;2012-11-19/2013-04-16;2013-04-16/2013-04-18;2013-04-18/2013-04-29;2013-04-29/2013-06-17;2013-06-17/2013-06-19;2013-06-19/2013-10-31;2013-11-01/2013-11-13;2013-11-13/2014-01-30;2014-01-31/2014-02-26;2014-02-26/2014-04-14;2014-04-14/2014-04-22;2014-04-22/2020-01-15
XhmikosR;2012-07-31/2020-01-15
johnstevenson;2012-10-24/2020-01-15
pointoforder;2012-11-23/2020-01-15
spraints;2012-12-06/2013-08-28;2013-08-28/2013-11-13;2013-11-13/2014-01-14;2014-01-14/2014-01-16;2014-01-16/2020-01-15
snaewe;2013-02-06/2013-08-15;2013-08-15/2013-09-17;2013-09-18/2014-02-21;2014-02-21/2020-01-15
haacked;2013-02-12/2013-10-31;2013-10-31/2014-01-31;2014-01-31/2014-10-16;2014-10-16/2020-01-15
kusma;2013-03-14/2013-05-23;2013-05-23/2014-04-15;2014-04-15/2014-06-05;2014-06-05/2014-06-13;2014-06-13/2020-01-15
rctay;2013-04-09/2020-01-15
ecki;2013-05-23/2013-12-30;2013-12-30/2020-01-15
kblees;2012-07-05/2014-08-07;2014-08-07/2014-08-15;2014-08-15/2020-01-15
shiftkey;2013-11-05/2013-11-13;2013-11-13/2014-03-10;2014-03-10/2014-05-29;2014-05-29/2014-06-13;2014-06-13/2014-09-01;2014-09-01/2014-10-01;2014-10-01/2014-12-19;2014-12-19/2020-01-15
mattyclarkson;2013-09-13/2020-01-15
ferstl;2013-12-08/2020-01-15
rburgstaler;2013-12-19/2020-01-15
n8felton;2014-02-18/2020-01-15
vfr-nl;2014-04-13/2020-01-15
bbodenmiller;2014-04-14/2014-11-09;2014-11-09/2020-01-15
ikkebr;2014-04-29/2020-01-15
stuyvenberg;2014-05-05/2020-01-15
t-b;2014-06-11/2014-07-25;2014-07-25/2014-08-05;2014-08-06/2014-08-13;2014-08-16/2014-09-25;2014-09-25/2014-09-29;2014-09-29/2020-01-15
ctrueden;2014-06-19/2020-01-15
shirosaki;2014-06-24/2020-01-15
madskristensen;2014-08-05/2020-01-15
joshvera;2014-09-09/2020-01-15
ADTC;2014-09-15/2020-01-15
niik;2014-10-01/2020-01-15
yuvale;2014-11-02/2020-01-15
Hobby-boy;2014-11-15/2020-01-15
