id;date;creator_login
35222;2009-07-10 12:37:40;kmlawson
304835;2010-09-06 20:03:12;pal
3514537;2012-03-05 21:45:20;leereilly
4472058;2012-05-08 12:52:17;jamesrcole
4472955;2012-05-08 13:49:53;jamesrcole
4515067;2012-05-10 15:07:00;simonmartinecon
4635203;2012-05-18 01:18:29;apoluektov
5304007;2012-06-27 18:47:48;jonmagic
5470796;2012-07-06 18:17:15;oalders
5615834;2012-07-13 22:50:09;sheerun
6118432;2012-08-09 02:35:57;ymendel
6809869;2012-09-12 05:56:48;matthewmccullough
7335427;2012-10-03 21:36:10;jordanmccullough
8050887;2012-11-02 05:07:27;randomecho
8077020;2012-11-03 05:41:36;randomecho
8531841;2012-11-21 05:37:37;randomecho
8567728;2012-11-22 05:49:33;randomecho
8644554;2012-11-25 06:25:03;randomecho
8844520;2012-11-30 06:06:43;randomecho
9190121;2012-12-11 18:53:07;randomecho
9484814;2012-12-22 16:49:15;randomecho
9654369;2013-01-03 20:01:22;randomecho
9712840;2013-01-06 04:13:03;randomecho
9720090;2013-01-06 20:45:17;randomecho
9974863;2013-01-15 11:10:07;randomecho
10404717;2013-01-29 04:37:23;randomecho
10405901;2013-01-29 05:58:51;randomecho
10406087;2013-01-29 06:10:18;matthewmccullough
10486688;2013-01-31 03:11:23;randomecho
10488583;2013-01-31 05:12:10;randomecho
10576956;2013-02-02 21:10:53;noslouch
10581449;2013-02-03 06:12:35;noslouch
10933220;2013-02-12 23:10:01;randomecho
11302485;2013-02-22 19:53:17;randomecho
11442431;2013-02-27 05:15:10;iquabius
12133649;2013-03-18 13:41:54;dorentus
12302288;2013-03-22 00:46:39;brntbeer
12429645;2013-03-26 00:33:47;brntbeer
12470302;2013-03-26 20:44:00;brntbeer
12844829;2013-04-05 13:15:49;deco81
13085797;2013-04-11 19:49:35;matthewmccullough
13133845;2013-04-12 18:43:28;brntbeer
13269293;2013-04-16 21:24:14;cobyism
13956776;2013-05-03 23:28:23;brntbeer
14215322;2013-05-11 00:49:16;lucatironi
14602410;2013-05-22 03:17:30;randomecho
14618989;2013-05-22 11:48:51;randomecho
16163728;2013-06-28 21:57:12;brntbeer
16181860;2013-06-29 23:58:28;brntbeer
17947723;2013-08-12 15:42:19;benbalter
18278738;2013-08-20 05:37:58;pathawks
23838086;2013-12-06 05:00:25;matthewmccullough
25105751;2014-01-06 14:54:14;mickaelandrieu
51903160;2014-12-13 23:32:16;adambutler
868847797;2021-04-27 13:26:47;T549
913756734;2021-06-07 16:57:09;T549
