technoweenie;2011-04-29/2011-05-01;2011-05-02/2011-05-05;2011-05-05/2011-05-12;2011-05-12/2011-06-23;2011-06-23/2011-08-17;2011-08-17/2011-09-01;2011-09-01/2011-09-15;2011-09-15/2011-10-07;2011-10-07/2011-10-19;2011-10-19/2011-10-26;2011-10-26/2011-10-28;2011-10-29/2011-10-31;2011-10-31/2011-11-02;2011-11-02/2011-11-09;2011-11-09/2011-11-15;2011-11-15/2011-11-17;2011-11-17/2011-11-22;2011-11-22/2011-11-29;2011-11-29/2011-12-02;2011-12-02/2011-12-08;2011-12-08/2011-12-21;2011-12-21/2011-12-23;2011-12-23/2012-01-10;2012-01-10/2012-01-27;2012-01-27/2012-02-01;2012-02-01/2012-02-10;2012-02-10/2012-02-16;2012-02-16/2012-02-21;2012-02-21/2012-02-29;2012-02-29/2012-03-12;2012-03-13/2012-03-18;2012-03-18/2012-03-23;2012-03-23/2012-03-26;2012-03-26/2012-04-15;2012-04-15/2012-04-27;2012-04-27/2012-05-08;2012-05-08/2012-05-30;2012-05-30/2012-06-13;2012-06-13/2012-06-21;2012-06-21/2012-07-04;2012-07-04/2012-08-31;2012-09-01/2012-09-04;2012-09-07/2012-09-10;2012-09-11/2012-09-18;2012-09-18/2012-10-02;2012-10-03/2012-10-09;2012-10-09/2012-10-24;2012-10-27/2012-10-29;2012-10-29/2012-10-31;2012-10-31/2012-11-02;2012-11-02/2012-11-27;2012-11-27/2012-11-29;2012-11-29/2012-12-03;2012-12-03/2013-01-06;2013-01-06/2013-01-08;2013-01-08/2013-01-24;2013-01-24/2013-01-31;2013-01-31/2013-02-05;2013-02-05/2013-02-13;2013-02-13/2013-03-01;2013-03-01/2013-03-19;2013-03-19/2013-05-06;2013-05-06/2013-07-19;2013-07-19/2013-09-09;2013-09-10/2013-09-25;2013-09-27/2013-09-30;2013-09-30/2013-10-03;2013-10-03/2013-11-01;2013-11-01/2013-11-04;2013-11-04/2013-11-11;2013-11-11/2013-12-20;2013-12-20/2014-04-08;2014-04-08/2020-01-15
tclem;2011-04-28/2011-05-02;2011-05-03/2011-05-10;2011-05-10/2011-05-12;2011-05-13/2011-05-16;2011-05-19/2011-05-25;2011-05-25/2011-06-01;2011-06-04/2011-06-06;2011-06-09/2011-06-11;2011-06-11/2011-06-16;2011-06-17/2011-06-20;2011-06-24/2011-06-27;2011-06-28/2011-06-30;2011-06-30/2011-07-11;2011-07-11/2011-07-21;2011-07-21/2011-07-26;2011-07-26/2011-07-28;2011-07-28/2011-08-06;2011-08-06/2011-08-10;2011-08-10/2011-08-15;2011-08-15/2011-09-05;2011-09-05/2011-09-07;2011-09-07/2011-11-10;2011-11-10/2012-03-14;2012-03-14/2012-09-04;2012-09-04/2013-10-04;2013-10-04/2013-10-31;2013-10-31/2013-11-06;2013-11-06/2014-02-15;2014-02-15/2014-02-17;2014-02-17/2014-03-04;2014-03-04/2014-03-06;2014-03-06/2014-03-08;2014-03-08/2014-08-14;2014-08-14/2020-01-15
kneath;2011-04-28/2020-01-15
Cameron423698;2011-05-03/2011-05-11;2011-05-12/2011-05-16;2011-05-19/2011-06-01;2011-06-01/2011-06-27;2011-06-28/2011-06-30;2011-06-30/2011-07-05;2011-07-05/2013-04-07;2013-04-07/2013-04-15;2013-04-15/2014-03-06;2014-03-06/2014-03-26;2014-03-26/2020-01-15
brianmario;2011-05-05/2020-01-15
schacon;2011-05-13/2011-05-18;2011-05-18/2011-05-25;2011-05-25/2011-05-28;2011-05-28/2011-06-17;2011-06-17/2011-06-20;2011-06-20/2011-11-22;2011-11-22/2020-01-15
mojombo;2011-05-26/2020-01-15
radar;2011-06-14/2011-09-27;2011-09-27/2020-01-15
kevinsawicki;2011-06-16/2011-08-11;2011-08-11/2011-08-15;2011-08-15/2011-08-19;2011-08-19/2011-08-23;2011-08-23/2011-09-25;2011-09-26/2011-09-28;2011-09-28/2011-10-11;2011-10-11/2012-01-25;2012-01-25/2015-06-30;2015-06-30/2015-09-04;2015-09-04/2020-01-15
mrduncan;2011-06-24/2020-01-15
atmos;2011-06-24/2011-06-28;2011-06-28/2012-03-14;2012-03-14/2012-09-05;2012-09-05/2013-03-20;2013-03-20/2013-04-02;2013-04-02/2013-06-19;2013-06-19/2013-11-14;2013-11-14/2013-11-27;2013-11-27/2013-12-04;2013-12-05/2014-01-06;2014-01-09/2014-02-20;2014-02-20/2014-03-04;2014-03-04/2014-03-11;2014-03-12/2014-03-19;2014-03-19/2014-03-24;2014-03-24/2014-03-26;2014-03-26/2014-03-31;2014-03-31/2014-04-06;2014-04-09/2014-05-04;2014-05-04/2014-05-09;2014-05-10/2014-05-14;2014-05-14/2014-05-19;2014-05-19/2014-05-25;2014-05-25/2014-05-29;2014-05-31/2014-06-02;2014-06-04/2014-06-11;2014-06-11/2014-07-29;2014-07-29/2014-08-13;2014-08-13/2014-08-15;2014-08-15/2014-09-24;2014-09-24/2014-09-30;2014-10-01/2014-10-21;2014-10-21/2014-11-24;2014-11-25/2020-01-15
jasoncostello;2011-06-28/2011-08-04;2011-08-05/2020-01-15
rossmeissl;2011-06-29/2020-01-15
tmm1;2011-07-01/2011-07-04;2011-07-04/2020-01-15
mrtazz;2011-07-14/2020-01-15
jverkoey;2011-08-05/2020-01-15
EddieRingle;2011-08-11/2020-01-15
weppos;2011-08-18/2020-01-15
holman;2011-08-23/2011-09-06;2011-09-06/2011-11-01;2011-11-01/2014-01-02;2014-01-02/2014-11-04;2014-11-05/2020-01-15
docmorelli;2011-07-18/2020-01-15
plu;2011-07-01/2020-01-15
piotrmurach;2011-10-16/2011-10-22;2011-10-22/2020-01-15
tim;2011-10-30/2020-01-15
Singletoned;2011-11-01/2020-01-15
meeech;2011-11-29/2020-01-15
Raynes;2011-11-30/2020-01-15
leedo;2012-01-15/2020-01-15
bguthrie;2012-01-24/2020-01-15
catsby;2012-02-06/2012-03-29;2012-03-29/2012-06-19;2012-06-19/2012-06-21;2012-06-21/2012-07-26;2012-07-26/2020-01-15
rastersize;2012-02-14/2020-01-15
lb1a;2012-02-20/2020-01-15
calavera;2012-02-20/2020-01-15
buley;2012-02-28/2020-01-15
copitux;2012-03-01/2020-01-15
rohit;2012-03-05/2020-01-15
joelverhagen;2012-03-12/2020-01-15
djmitche;2012-03-18/2020-01-15
tricknotes;2012-03-19/2012-05-17;2012-05-17/2012-05-28;2012-05-28/2013-01-06;2013-01-06/2020-01-15
andreazevedo;2012-03-21/2020-01-15
leereilly;2012-03-22/2014-05-27;2014-05-27/2014-05-30;2014-05-30/2014-06-09;2014-06-09/2014-08-27;2014-08-28/2015-06-04;2015-06-05/2015-06-11;2015-06-11/2020-01-15
wraithan;2012-03-28/2020-01-15
tylerstalder;2012-03-30/2020-01-15
jbarnette;2012-03-31/2012-05-11;2012-05-11/2020-01-15
skade;2012-04-01/2020-01-15
dmedvinsky;2012-04-03/2020-01-15
VxJasonxV;2012-04-12/2020-01-15
bgrainger;2012-04-16/2012-04-18;2012-04-18/2012-06-13;2012-06-13/2020-01-15
rauhryan;2012-04-16/2020-01-15
adammck;2012-04-23/2020-01-15
paul;2012-04-24/2012-07-06;2012-07-06/2020-01-15
pda;2012-05-07/2020-01-15
pvdb;2012-05-11/2020-01-15
pengwynn;2012-05-25/2012-05-30;2012-05-31/2012-06-05;2012-06-08/2012-06-11;2012-06-16/2012-06-18;2012-06-29/2012-07-03;2012-07-03/2012-07-06;2012-07-07/2012-07-12;2012-07-12/2012-07-18;2012-07-18/2012-07-20;2012-07-20/2012-07-23;2012-07-24/2012-07-26;2012-07-27/2012-08-07;2012-08-08/2012-08-14;2012-08-14/2012-08-18;2012-08-18/2012-08-30;2012-09-01/2012-09-07;2012-09-07/2012-09-09;2012-09-09/2012-09-11;2012-09-12/2012-09-21;2012-09-21/2012-09-24;2012-09-24/2012-09-28;2012-09-28/2012-09-30;2012-10-03/2012-10-06;2012-10-06/2012-10-08;2012-10-09/2012-10-11;2012-10-12/2012-10-15;2012-10-15/2012-10-17;2012-10-18/2012-10-23;2012-10-25/2012-10-30;2012-10-30/2012-11-02;2012-11-02/2012-11-07;2012-11-07/2012-11-11;2012-11-12/2012-11-14;2012-11-15/2012-11-19;2012-11-20/2012-11-23;2012-11-23/2012-11-27;2012-11-29/2012-12-01;2012-12-01/2012-12-04;2012-12-06/2012-12-08;2012-12-11/2012-12-14;2012-12-14/2012-12-18;2012-12-18/2012-12-29;2012-12-29/2013-01-03;2013-01-03/2013-01-06;2013-01-06/2013-01-08;2013-01-08/2013-01-12;2013-01-12/2013-01-14;2013-01-14/2013-01-16;2013-01-17/2013-01-19;2013-01-21/2013-01-25;2013-01-25/2013-01-28;2013-02-02/2013-02-04;2013-02-04/2013-02-09;2013-02-09/2013-02-13;2013-02-15/2013-02-19;2013-02-19/2013-02-21;2013-02-21/2013-02-23;2013-02-23/2013-02-27;2013-02-27/2013-03-03;2013-03-07/2013-03-10;2013-03-10/2013-03-16;2013-03-16/2013-03-18;2013-03-18/2013-03-22;2013-03-22/2013-04-02;2013-04-02/2013-04-10;2013-04-11/2013-04-14;2013-04-14/2013-04-16;2013-04-16/2013-04-24;2013-04-25/2013-05-01;2013-05-01/2013-05-06;2013-05-06/2013-05-12;2013-05-12/2013-05-16;2013-05-16/2013-05-27;2013-05-28/2013-05-31;2013-05-31/2013-06-06;2013-06-06/2013-06-10;2013-06-10/2013-06-14;2013-06-14/2013-06-24;2013-06-25/2013-07-01;2013-07-01/2013-07-07;2013-07-07/2013-07-09;2013-07-09/2013-07-12;2013-07-12/2013-07-15;2013-07-15/2013-07-17;2013-07-17/2013-07-21;2013-07-21/2013-07-23;2013-07-23/2013-08-06;2013-08-07/2013-08-13;2013-08-13/2013-08-22;2013-08-22/2013-09-11;2013-09-11/2013-09-13;2013-09-13/2013-09-22;2013-09-22/2013-10-05;2013-10-05/2013-10-08;2013-10-08/2013-10-18;2013-10-18/2013-10-23;2013-10-23/2013-11-05;2013-11-05/2013-11-13;2013-11-14/2013-12-12;2013-12-13/2013-12-19;2013-12-19/2013-12-26;2013-12-26/2014-01-29;2014-01-30/2014-02-03;2014-02-03/2014-02-10;2014-02-10/2014-02-24;2014-02-25/2014-02-28;2014-02-28/2014-03-04;2014-03-04/2014-03-13;2014-03-14/2014-03-17;2014-03-18/2014-03-26;2014-03-26/2014-04-03;2014-04-04/2014-04-08;2014-04-08/2014-04-14;2014-04-16/2014-05-09;2014-05-09/2014-06-05;2014-06-05/2014-06-10;2014-06-10/2014-08-06;2014-08-06/2015-01-08;2015-01-08/2015-01-12;2015-01-16/2015-01-19;2015-01-19/2015-02-17;2015-02-18/2015-04-21;2015-04-21/2015-05-05;2015-05-05/2015-07-07;2015-07-07/2015-07-28;2015-07-28/2015-09-11;2015-09-11/2015-10-16;2015-10-16/2016-01-01;2016-01-01/2016-01-04;2016-01-04/2016-01-09;2016-01-09/2020-01-15
sigmavirus24;2012-05-28/2012-05-30;2012-05-31/2012-06-05;2012-06-05/2012-06-08;2012-06-08/2012-06-18;2012-06-19/2012-06-22;2012-06-22/2012-06-26;2012-06-26/2012-07-26;2012-07-27/2012-09-28;2012-09-28/2012-10-27;2012-10-27/2012-11-27;2012-11-27/2013-02-02;2013-02-02/2013-02-15;2013-02-15/2013-12-15;2013-12-16/2020-01-15
narfdotpl;2012-06-07/2012-06-14;2012-06-15/2012-06-25;2012-06-25/2012-06-27;2012-06-27/2020-01-15
wulczer;2012-06-08/2020-01-15
denisdefreyne;2012-06-08/2012-06-24;2012-06-24/2015-05-09;2015-05-09/2015-11-12;2015-11-13/2020-01-15
softprops;2012-06-13/2013-07-08;2013-07-08/2020-01-15
tekkub;2012-06-15/2020-01-15
danramteke;2012-06-19/2020-01-15
davidjb;2012-06-22/2020-01-15
Mab879;2012-06-24/2020-01-15
vmg;2012-06-25/2020-01-15
mapio;2012-06-25/2020-01-15
jakedouglas;2012-06-25/2012-08-28;2012-08-29/2015-06-02;2015-06-02/2020-01-15
demianbrecht;2012-07-06/2012-12-28;2012-12-28/2013-01-08;2013-01-08/2020-01-15
jpaugh;2012-07-11/2020-01-15
rcs;2012-07-14/2012-12-31;2012-12-31/2020-01-15
jrsconfitto;2012-07-17/2013-10-31;2013-10-31/2020-01-15
musiKk;2012-07-20/2020-01-15
rsanheim;2012-07-20/2012-08-30;2012-08-31/2012-09-04;2012-09-04/2014-10-23;2014-10-23/2014-10-28;2014-10-29/2014-11-05;2014-11-05/2020-01-15
tobie;2012-07-23/2020-01-15
k33g;2012-07-25/2020-01-15
utahcon2;2012-07-27/2020-01-15
chris123457;2012-08-01/2020-01-15
stloyd;2012-08-07/2020-01-15
samdunne;2012-08-08/2020-01-15
kylestev;2012-08-18/2020-01-15
mnaberez;2012-09-01/2020-01-15
alexmv;2012-09-12/2020-01-15
robraux;2012-09-21/2020-01-15
bradchoate;2012-10-01/2020-01-15
tarsius;2012-10-01/2020-01-15
haacked;2012-10-12/2012-10-15;2012-10-15/2020-01-15
michaelliao;2012-10-17/2020-01-15
pezra;2012-10-18/2020-01-15
parndt;2012-10-23/2020-01-15
pangratz;2012-10-25/2020-01-15
issyl0;2012-10-26/2020-01-15
m4tthumphrey;2012-10-30/2020-01-15
michaeljoseph;2012-11-02/2020-01-15
doismellburning;2012-11-07/2020-01-15
izuzak;2012-11-12/2013-03-28;2013-03-28/2013-08-13;2013-08-13/2013-09-18;2013-09-18/2013-09-22;2013-09-22/2013-09-30;2013-09-30/2013-10-04;2013-10-04/2013-10-08;2013-10-08/2013-10-12;2013-10-13/2013-10-21;2013-10-22/2013-11-01;2013-11-05/2013-11-08;2013-11-08/2013-11-11;2013-11-11/2013-11-13;2013-11-15/2013-11-18;2013-11-18/2013-11-20;2013-11-20/2013-11-24;2013-11-24/2013-11-28;2013-11-29/2013-12-06;2013-12-06/2013-12-08;2013-12-08/2013-12-11;2013-12-13/2013-12-15;2013-12-17/2013-12-19;2013-12-20/2013-12-31;2014-01-01/2014-01-03;2014-01-03/2014-01-07;2014-01-08/2014-01-10;2014-01-10/2014-01-12;2014-01-14/2014-01-16;2014-01-17/2014-01-22;2014-01-23/2014-01-25;2014-01-26/2014-01-30;2014-01-30/2014-02-01;2014-02-02/2014-02-07;2014-02-07/2014-02-11;2014-02-12/2014-02-14;2014-02-15/2014-02-17;2014-02-17/2014-02-19;2014-02-21/2014-02-24;2014-02-25/2014-02-28;2014-02-28/2014-03-08;2014-03-08/2014-03-10;2014-03-10/2014-03-19;2014-03-19/2014-03-22;2014-03-22/2014-03-25;2014-03-25/2014-03-28;2014-03-28/2014-04-03;2014-04-03/2014-04-05;2014-04-05/2014-04-07;2014-04-07/2014-04-25;2014-04-26/2014-04-28;2014-04-29/2014-05-01;2014-05-01/2014-05-06;2014-05-06/2014-05-08;2014-05-09/2014-05-14;2014-05-14/2014-05-22;2014-05-22/2014-05-27;2014-05-28/2014-06-10;2014-06-10/2014-07-04;2014-07-04/2014-07-07;2014-07-08/2014-07-23;2014-07-23/2014-08-02;2014-08-02/2014-08-04;2014-08-04/2014-08-11;2014-08-11/2014-10-08;2014-10-08/2014-10-20;2014-10-20/2014-10-22;2014-10-23/2014-10-27;2014-10-27/2014-11-25;2014-11-25/2014-11-29;2014-12-03/2014-12-07;2014-12-07/2014-12-10;2014-12-10/2014-12-12;2014-12-12/2014-12-21;2014-12-21/2014-12-23;2014-12-24/2014-12-30;2014-12-30/2015-01-05;2015-01-05/2015-01-09;2015-01-10/2015-01-12;2015-01-13/2015-01-20;2015-01-22/2015-02-24;2015-02-24/2015-03-05;2015-03-05/2015-03-30;2015-03-30/2015-05-12;2015-05-12/2015-05-18;2015-05-18/2015-06-02;2015-06-05/2015-06-12;2015-06-12/2015-07-15;2015-07-17/2015-07-20;2015-07-22/2015-08-04;2015-08-04/2015-08-20;2015-08-20/2015-08-27;2015-08-31/2015-09-14;2015-09-14/2015-09-16;2015-09-16/2015-09-28;2015-09-28/2015-10-07;2015-10-07/2015-11-02;2015-11-02/2016-08-31;2016-08-31/2020-01-15
jspahrsummers;2012-11-12/2013-03-04;2013-03-04/2013-05-31;2013-05-31/2013-11-18;2013-11-18/2013-11-22;2013-11-22/2013-11-25;2013-11-25/2020-01-15
coderaiser;2012-11-19/2020-01-15
pablof7z;2012-11-20/2020-01-15
joeyw;2012-11-29/2013-12-08;2013-12-08/2013-12-19;2013-12-19/2014-01-09;2014-01-09/2015-12-20;2015-12-20/2020-01-15
randomecho;2012-12-08/2012-12-14;2012-12-14/2013-02-01;2013-02-01/2013-10-18;2013-10-18/2013-12-26;2013-12-26/2020-01-15
rick;2012-12-10/2020-01-15
michaelhood;2012-12-09/2020-01-15
pborreli;2012-12-10/2013-03-03;2013-03-03/2013-11-11;2013-11-11/2020-01-15
dubrie;2013-01-03/2020-01-15
bhuga;2013-01-16/2013-10-02;2013-10-02/2013-10-08;2013-10-08/2014-03-26;2014-03-27/2014-06-19;2014-06-19/2014-07-08;2014-07-09/2014-11-21;2014-11-21/2014-11-24;2014-11-24/2014-12-05;2014-12-05/2014-12-10;2014-12-10/2020-01-15
MattDrivenDev;2013-01-20/2020-01-15
streeter;2013-01-24/2020-01-15
tierra;2013-01-29/2020-01-15
kristof-mattei;2013-01-31/2020-01-15
rtomayko;2013-02-01/2020-01-15
agh;2013-02-01/2020-01-15
elkuku;2013-02-02/2013-06-17;2013-06-17/2020-01-15
gjtorikian;2013-02-28/2013-03-05;2013-03-07/2013-03-11;2013-03-11/2013-03-28;2013-03-28/2013-04-06;2013-04-06/2013-04-15;2013-04-18/2013-04-23;2013-04-23/2013-04-29;2013-04-29/2013-05-02;2013-05-02/2013-06-05;2013-06-05/2013-06-08;2013-06-08/2013-06-19;2013-06-19/2013-06-24;2013-06-24/2013-06-26;2013-06-26/2013-06-28;2013-06-28/2013-07-01;2013-07-02/2013-07-17;2013-07-17/2013-07-19;2013-07-19/2013-07-22;2013-07-22/2013-07-31;2013-07-31/2013-08-20;2013-08-20/2013-09-04;2013-09-04/2013-09-09;2013-09-09/2013-09-11;2013-09-11/2013-09-16;2013-09-16/2013-09-18;2013-09-18/2013-09-21;2013-09-21/2013-09-25;2013-09-25/2013-10-04;2013-10-04/2013-10-09;2013-10-09/2013-10-14;2013-10-14/2013-10-16;2013-10-16/2013-10-31;2013-11-02/2013-11-05;2013-11-06/2013-11-08;2013-11-09/2013-11-12;2013-11-13/2013-11-15;2013-11-15/2013-11-27;2013-11-27/2013-12-03;2013-12-03/2013-12-06;2013-12-06/2014-01-04;2014-01-04/2014-01-06;2014-01-06/2014-01-08;2014-01-09/2014-01-12;2014-01-12/2014-01-14;2014-01-14/2014-01-22;2014-01-22/2014-01-24;2014-01-25/2014-01-27;2014-01-28/2014-01-31;2014-02-01/2014-02-06;2014-02-06/2014-02-10;2014-02-13/2014-02-20;2014-02-21/2014-02-26;2014-02-26/2014-02-28;2014-02-28/2014-03-18;2014-03-18/2014-03-24;2014-03-26/2014-03-28;2014-03-29/2014-03-31;2014-03-31/2014-04-02;2014-04-02/2014-04-04;2014-04-04/2014-04-06;2014-04-06/2014-04-13;2014-04-14/2014-04-23;2014-04-23/2014-04-28;2014-04-28/2014-05-08;2014-05-09/2014-05-12;2014-05-12/2014-05-14;2014-05-15/2014-05-22;2014-05-22/2014-05-27;2014-05-28/2014-05-30;2014-05-30/2014-06-02;2014-06-06/2014-06-08;2014-06-14/2014-06-16;2014-06-20/2014-06-23;2014-06-23/2014-06-25;2014-06-25/2014-06-27;2014-06-27/2014-06-30;2014-06-30/2014-07-02;2014-07-02/2014-07-07;2014-07-08/2014-07-14;2014-07-14/2014-07-16;2014-07-16/2014-07-23;2014-07-24/2014-07-28;2014-08-01/2014-08-06;2014-08-07/2014-08-12;2014-08-14/2014-08-18;2014-08-21/2014-08-25;2014-08-30/2014-09-02;2014-09-02/2014-09-08;2014-09-10/2014-09-14;2014-09-14/2014-09-16;2014-09-19/2014-09-22;2014-09-22/2014-09-24;2014-09-24/2014-09-29;2014-09-29/2014-10-01;2014-10-01/2014-10-04;2014-10-04/2014-10-06;2014-10-06/2014-10-21;2014-10-22/2014-10-24;2014-10-24/2014-11-04;2014-11-05/2014-11-07;2014-11-07/2014-11-11;2014-11-11/2014-11-21;2014-11-21/2014-11-28;2014-11-28/2014-12-01;2014-12-01/2014-12-03;2014-12-03/2014-12-05;2014-12-05/2014-12-09;2014-12-10/2015-01-08;2015-01-09/2015-01-12;2015-01-12/2015-01-14;2015-01-14/2015-01-16;2015-01-17/2015-01-19;2015-01-23/2015-01-28;2015-01-28/2015-02-03;2015-02-04/2015-02-16;2015-02-17/2015-02-19;2015-02-19/2015-03-02;2015-03-03/2015-03-09;2015-03-14/2015-03-17;2015-03-17/2015-03-23;2015-03-23/2015-03-25;2015-03-25/2015-04-06;2015-04-06/2015-04-09;2015-04-09/2015-04-30;2015-04-30/2015-05-15;2015-05-15/2015-05-27;2015-05-28/2015-06-01;2015-06-04/2015-06-15;2015-06-15/2015-06-17;2015-06-17/2015-06-22;2015-06-22/2015-06-24;2015-06-24/2015-07-06;2015-07-07/2015-07-09;2015-07-10/2015-07-12;2015-07-12/2015-07-15;2015-07-15/2015-07-26;2015-07-26/2015-07-28;2015-07-30/2015-08-03;2015-08-05/2015-08-13;2015-08-13/2015-08-19;2015-08-20/2015-08-25;2015-08-25/2015-09-08;2015-09-08/2015-09-24;2015-09-24/2015-10-04;2015-10-04/2015-10-13;2015-10-13/2015-10-22;2015-10-22/2015-11-04;2015-11-04/2015-11-11;2015-11-13/2015-11-18;2015-11-18/2015-11-20;2015-11-20/2015-11-29;2015-11-30/2015-12-05;2015-12-05/2015-12-07;2015-12-08/2015-12-18;2015-12-18/2015-12-21;2015-12-22/2016-01-07;2016-01-07/2016-01-17;2016-01-18/2016-01-26;2016-01-26/2016-02-05;2016-02-05/2016-02-09;2016-02-09/2016-02-25;2016-02-25/2016-02-27;2016-02-27/2016-03-24;2016-03-24/2016-04-12;2016-04-12/2016-04-14;2016-04-14/2016-04-27;2016-04-27/2016-06-16;2016-06-16/2016-09-03;2016-09-03/2020-01-15
jasonrudolph;2013-03-02/2013-03-05;2013-03-08/2013-03-11;2013-03-11/2013-03-13;2013-03-13/2013-03-15;2013-03-18/2013-03-27;2013-03-29/2013-04-05;2013-04-06/2013-04-11;2013-04-12/2013-04-18;2013-04-20/2013-04-23;2013-04-23/2013-04-25;2013-04-27/2013-04-30;2013-05-01/2013-05-03;2013-05-03/2013-05-13;2013-05-13/2013-05-15;2013-05-15/2013-06-05;2013-06-05/2013-06-11;2013-06-12/2013-06-17;2013-06-19/2013-06-26;2013-06-26/2013-07-01;2013-07-02/2013-07-08;2013-07-08/2013-07-15;2013-07-19/2013-07-22;2013-07-22/2013-08-09;2013-08-09/2013-08-12;2013-08-14/2013-08-19;2013-08-21/2013-08-26;2013-08-28/2013-09-03;2013-09-03/2013-09-06;2013-09-06/2013-09-09;2013-09-09/2013-09-11;2013-09-11/2013-09-13;2013-09-13/2013-09-25;2013-09-25/2013-09-27;2013-09-28/2013-10-07;2013-10-09/2013-10-11;2013-10-11/2013-10-14;2013-10-18/2013-10-21;2013-10-23/2013-10-29;2013-10-29/2013-11-01;2013-11-06/2013-11-09;2013-11-09/2013-11-12;2013-11-12/2013-11-27;2013-11-27/2013-12-03;2013-12-03/2013-12-05;2013-12-05/2013-12-09;2013-12-10/2013-12-13;2013-12-13/2013-12-16;2013-12-19/2013-12-23;2013-12-23/2013-12-26;2013-12-26/2014-01-07;2014-01-10/2014-01-16;2014-01-16/2014-01-29;2014-01-29/2014-02-03;2014-02-03/2014-02-05;2014-02-05/2014-03-03;2014-03-05/2014-03-11;2014-03-13/2014-03-17;2014-03-17/2014-03-28;2014-03-28/2014-04-01;2014-04-01/2014-04-07;2014-04-10/2014-04-15;2014-04-15/2014-04-21;2014-04-25/2014-04-29;2014-04-29/2014-05-05;2014-05-06/2014-05-08;2014-05-08/2014-05-11;2014-05-12/2014-05-14;2014-05-14/2014-05-22;2014-05-22/2014-06-09;2014-06-09/2014-07-10;2014-07-10/2014-07-18;2014-07-18/2014-07-25;2014-07-25/2014-07-28;2014-07-28/2014-08-18;2014-08-18/2014-08-23;2014-08-23/2014-09-02;2014-09-02/2014-09-09;2014-09-09/2014-09-12;2014-09-12/2014-09-15;2014-09-15/2014-09-22;2014-09-22/2014-10-08;2014-10-08/2014-10-20;2014-10-20/2014-11-10;2014-11-10/2014-11-19;2014-11-20/2014-11-24;2014-11-24/2014-12-01;2014-12-02/2014-12-04;2014-12-05/2014-12-08;2014-12-08/2014-12-10;2014-12-10/2014-12-12;2014-12-12/2014-12-17;2014-12-17/2014-12-19;2014-12-19/2015-01-05;2015-01-08/2015-01-19;2015-01-19/2015-02-17;2015-02-18/2015-03-03;2015-03-03/2015-03-09;2015-03-09/2015-03-23;2015-03-24/2015-03-30;2015-03-30/2015-04-06;2015-04-06/2015-04-09;2015-04-09/2015-04-14;2015-04-17/2015-04-20;2015-04-20/2015-05-05;2015-05-05/2015-05-14;2015-05-15/2015-05-21;2015-05-22/2015-05-26;2015-05-26/2015-06-08;2015-06-08/2015-06-17;2015-06-17/2015-06-22;2015-06-23/2015-07-07;2015-07-10/2015-07-21;2015-07-21/2015-07-27;2015-07-27/2015-10-09;2015-10-09/2015-10-26;2015-10-26/2016-02-22;2016-02-23/2016-08-17;2016-08-17/2020-01-15
iangreenleaf;2013-03-01/2020-01-15
lehnerpat;2013-03-03/2020-01-15
gruen;2013-03-06/2020-01-15
evanj;2013-03-07/2020-01-15
dennisreimann;2013-03-06/2020-01-15
rsese;2013-03-09/2013-03-11;2013-03-11/2020-01-15
pauldipietro;2013-03-10/2020-01-15
nakajima;2013-03-18/2014-01-21;2014-01-21/2020-01-15
jdennes;2013-03-19/2013-05-28;2013-05-28/2013-06-14;2013-06-14/2013-06-19;2013-06-19/2013-07-07;2013-07-07/2013-08-06;2013-08-06/2013-08-12;2013-08-12/2013-08-15;2013-08-15/2013-09-11;2013-09-12/2013-11-11;2013-11-11/2013-11-14;2013-11-15/2013-11-20;2013-11-22/2013-11-24;2013-11-26/2013-11-29;2013-11-29/2013-12-05;2013-12-07/2014-01-03;2014-01-03/2014-01-08;2014-01-08/2014-01-13;2014-01-13/2014-01-22;2014-01-22/2014-03-08;2014-03-08/2015-01-09;2015-01-09/2015-06-15;2015-06-15/2015-09-01;2015-09-01/2016-01-01;2016-01-01/2020-01-15
richardkmichael;2013-03-22/2020-01-15
aaronpk;2013-04-01/2020-01-15
mroth;2013-04-06/2020-01-15
ymendel;2013-04-09/2013-04-23;2013-04-23/2013-05-02;2013-05-03/2013-05-05;2013-05-05/2014-02-24;2014-02-24/2015-03-24;2015-03-24/2015-04-07;2015-04-07/2020-01-15
dsheets;2013-04-10/2013-04-23;2013-04-23/2013-05-03;2013-05-03/2014-11-02;2014-11-02/2015-04-08;2015-04-09/2015-05-21;2015-05-21/2020-01-15
nandak522;2013-04-15/2020-01-15
runemadsen;2013-04-25/2020-01-15
foca;2013-04-30/2020-01-15
mmozuras;2013-05-11/2020-01-15
maxehmookau;2013-05-12/2020-01-15
willnorris;2013-05-31/2020-01-15
GithubGeekJoelLOL;2013-06-07/2020-01-15
jacobbednarz;2013-06-10/2013-06-19;2013-06-19/2014-02-11;2014-02-11/2014-04-07;2014-04-07/2020-01-15
waldyrious;2013-06-17/2020-01-15
alonswartz;2013-07-02/2020-01-15
btoews;2013-07-04/2013-07-09;2013-07-09/2013-08-09;2013-08-09/2013-08-14;2013-08-14/2013-08-26;2013-08-26/2013-09-25;2013-09-25/2020-01-15
kenwarner;2013-07-12/2020-01-15
cenkalti;2013-07-15/2020-01-15
AmeenAhmed;2013-07-16/2020-01-15
paulhammond;2013-07-17/2020-01-15
philschatz;2013-07-21/2020-01-15
shama;2013-08-22/2020-01-15
gregose;2013-08-25/2020-01-15
mastahyeti;2013-08-30/2014-09-02;2014-09-03/2014-09-05;2014-09-05/2014-09-11;2014-09-12/2015-06-10;2015-06-11/2015-06-16;2015-06-16/2020-01-15
tjschuck;2013-09-03/2013-10-16;2013-10-16/2020-01-15
danvine;2013-09-04/2020-01-15
ib-lundgren;2013-09-10/2020-01-15
jkeylu;2013-09-21/2020-01-15
kfr2;2013-10-04/2020-01-15
harshadsabne;2013-10-05/2014-04-30;2014-04-30/2020-01-15
kdaigle;2013-10-08/2013-12-19;2013-12-19/2014-01-28;2014-01-28/2014-02-07;2014-02-07/2014-02-11;2014-02-11/2014-02-17;2014-02-17/2014-02-21;2014-02-21/2014-02-24;2014-02-24/2014-06-30;2014-07-01/2014-07-07;2014-07-07/2014-07-25;2014-07-25/2014-09-02;2014-09-03/2014-09-10;2014-09-10/2014-10-08;2014-10-10/2014-10-16;2014-10-16/2014-12-03;2014-12-03/2014-12-06;2014-12-06/2014-12-10;2014-12-10/2015-05-12;2015-05-13/2015-06-04;2015-06-05/2015-06-09;2015-06-09/2015-06-15;2015-06-17/2015-06-23;2015-06-23/2015-06-29;2015-06-29/2015-07-17;2015-07-17/2015-07-20;2015-07-20/2015-07-22;2015-07-22/2015-07-28;2015-07-28/2015-08-17;2015-08-17/2015-09-21;2015-09-23/2015-10-06;2015-10-09/2020-01-15
claudiob;2013-10-10/2013-10-21;2013-10-22/2013-11-12;2013-11-12/2020-01-15
mazubieta;2013-10-14/2020-01-15
ghxiao;2013-10-18/2020-01-15
jacquev6;2013-10-21/2020-01-15
elskwid;2013-10-22/2013-11-05;2013-11-06/2020-01-15
tobiasahlin;2013-11-01/2013-11-04;2013-11-06/2013-11-08;2013-11-08/2013-11-18;2013-11-22/2013-11-25;2013-11-27/2013-12-05;2013-12-06/2014-01-12;2014-01-12/2014-01-27;2014-01-27/2014-04-08;2014-04-08/2014-05-11;2014-05-15/2014-05-22;2014-05-22/2014-05-25;2014-05-25/2020-01-15
devdiva;2013-10-31/2020-01-15
spraints;2013-11-01/2020-01-15
boidanny;2013-11-02/2020-01-15
knunery;2013-11-03/2020-01-15
metaliveblog;2013-11-08/2020-01-15
hatchan;2013-11-11/2020-01-15
shiftkey;2013-11-14/2016-06-07;2016-06-07/2016-06-15;2016-06-15/2020-01-15
tmcgilchrist;2013-11-15/2020-01-15
gabrielweyer;2013-11-16/2020-01-15
brycemcd;2013-11-23/2013-11-26;2013-11-26/2020-01-15
cmfcmf;2013-11-24/2020-01-15
ax3l;2013-11-27/2013-11-29;2013-11-29/2020-01-15
aviflax;2013-12-26/2020-01-15
alysonla;2013-12-15/2020-01-15
gabrielmiller;2014-01-08/2020-01-15
mislav;2014-01-09/2014-06-07;2014-06-07/2015-06-03;2015-06-03/2015-06-24;2015-06-25/2020-01-15
ajsb85;2014-01-22/2020-01-15
ihommani;2014-02-01/2020-01-15
arfon;2014-02-07/2014-10-21;2014-10-21/2014-11-26;2014-11-26/2014-12-09;2014-12-09/2015-04-14;2015-04-16/2020-01-15
zsalzbank;2014-02-11/2020-01-15
johnsheehan;2014-02-12/2020-01-15
mohamedattahri;2014-02-12/2020-01-15
bmoeskau;2014-02-12/2020-01-15
dsiddy;2014-02-12/2020-01-15
sgwill;2014-02-20/2020-01-15
spicycode;2014-02-21/2014-04-29;2014-04-29/2014-05-01;2014-05-01/2014-05-06;2014-05-06/2014-10-20;2014-10-20/2020-01-15
dbussink;2014-02-27/2014-03-04;2014-03-04/2016-08-03;2016-08-03/2020-01-15
benbalter;2014-03-06/2014-03-11;2014-03-12/2015-02-27;2015-02-27/2015-03-05;2015-03-07/2015-03-09;2015-03-09/2015-08-04;2015-08-05/2015-08-20;2015-08-20/2020-01-15
julia7662;2014-03-11/2014-03-13;2014-03-13/2020-01-15
jdpace;2014-03-12/2014-03-18;2014-03-18/2014-03-25;2014-03-25/2014-04-04;2014-04-04/2014-04-17;2014-04-18/2014-05-02;2014-05-02/2014-05-05;2014-05-05/2014-05-09;2014-05-09/2014-06-06;2014-06-07/2014-06-09;2014-06-09/2014-07-28;2014-07-29/2014-10-03;2014-10-03/2014-10-05;2014-10-06/2014-11-14;2014-11-14/2014-11-19;2014-11-19/2014-11-21;2014-11-21/2014-11-25;2014-11-26/2014-12-01;2014-12-03/2020-01-15
wilkinsona;2014-03-18/2020-01-15
linhr;2014-03-19/2020-01-15
owenthereal;2014-03-24/2020-01-15
nquinlan;2014-03-26/2020-01-15
Ortham;2014-03-26/2020-01-15
pixeloution;2014-03-28/2020-01-15
footmp;2014-03-29/2020-01-15
mps;2014-04-03/2014-07-28;2014-07-28/2020-01-15
hubot;2014-04-04/2014-04-08;2014-04-10/2015-01-07;2015-01-09/2015-01-12;2015-01-13/2015-01-19;2015-01-21/2015-01-23;2015-01-23/2015-01-28;2015-01-28/2015-02-03;2015-02-04/2015-02-16;2015-02-20/2015-02-24;2015-02-24/2015-03-02;2015-03-03/2015-03-09;2015-03-11/2015-03-13;2015-03-14/2015-03-17;2015-03-17/2015-03-23;2015-03-24/2015-03-30;2015-03-30/2015-04-03;2015-04-03/2015-04-06;2015-04-07/2015-04-09;2015-04-09/2015-04-16;2015-04-18/2015-04-20;2015-04-21/2015-04-27;2015-04-27/2015-04-30;2015-04-30/2015-05-05;2015-05-06/2015-05-08;2015-05-08/2015-05-12;2015-05-13/2015-05-15;2015-05-15/2015-05-18;2015-05-18/2015-05-21;2015-05-21/2015-05-26;2015-05-27/2015-06-02;2015-06-05/2015-06-10;2015-06-12/2015-06-16;2015-06-17/2015-06-20;2015-06-20/2015-06-22;2015-06-23/2015-06-25;2015-06-25/2015-06-30;2015-06-30/2015-07-07;2015-07-07/2015-07-10;2015-07-10/2015-07-17;2015-07-17/2015-07-21;2015-07-22/2015-07-27;2015-07-28/2015-08-04;2015-08-04/2015-08-25;2015-08-26/2015-08-29;2015-09-01/2015-09-03;2015-09-03/2015-09-07;2015-09-08/2015-09-11;2015-09-11/2015-09-14;2015-09-14/2015-09-17;2015-09-17/2015-09-21;2015-09-24/2015-09-28;2015-09-28/2015-10-04;2015-10-04/2015-10-07;2015-10-07/2015-10-09;2015-10-09/2015-10-13;2015-10-13/2015-10-15;2015-10-16/2015-10-19;2015-10-19/2015-10-23;2015-10-23/2015-10-26;2015-10-26/2015-11-06;2015-11-07/2015-11-09;2015-11-09/2015-11-11;2015-11-11/2015-11-13;2015-11-13/2015-11-17;2015-11-17/2015-11-20;2015-11-20/2015-11-29;2015-12-01/2015-12-03;2015-12-05/2015-12-07;2015-12-08/2015-12-10;2015-12-10/2015-12-13;2015-12-13/2015-12-15;2015-12-16/2015-12-18;2015-12-18/2015-12-22;2015-12-22/2015-12-24;2015-12-24/2015-12-28;2015-12-29/2016-01-04;2016-01-05/2016-01-07;2016-01-07/2016-01-11;2016-01-11/2016-01-16;2016-01-17/2016-01-22;2016-01-22/2016-01-25;2016-01-27/2016-02-02;2016-02-02/2016-02-04;2016-02-05/2016-02-10;2016-02-11/2016-09-08;2016-09-08/2020-01-15
konklone;2014-04-06/2020-01-15
MandaBrown;2014-04-14/2020-01-15
azizshamim;2014-04-16/2014-04-21;2014-04-23/2014-04-25;2014-04-25/2020-01-15
pnelson;2014-04-25/2020-01-15
denis-sokolov;2014-04-27/2020-01-15
thebinarypenguin;2014-05-27/2020-01-15
thomasballinger;2014-06-02/2020-01-15
fprochazka;2014-06-10/2020-01-15
alindeman;2014-06-13/2020-01-15
jondlm;2014-06-19/2020-01-15
cirosantilli;2014-06-24/2020-01-15
milo;2014-06-26/2020-01-15
zorbash;2014-07-02/2014-10-08;2014-10-08/2020-01-15
e-jigsaw;2014-07-07/2020-01-15
WestleyArgentum;2014-07-23/2020-01-15
azenla;2014-08-01/2020-01-15
shayfrendt;2014-08-15/2020-01-15
sutt0n;2014-08-23/2020-01-15
neilprosser;2014-08-24/2020-01-15
brancz;2014-08-30/2020-01-15
ptoomey3;2014-09-16/2014-10-07;2014-10-07/2014-10-13;2014-10-13/2014-10-15;2014-10-15/2014-10-21;2014-10-21/2014-11-18;2014-11-18/2014-11-20;2014-11-20/2014-12-03;2014-12-03/2014-12-08;2014-12-08/2015-02-02;2015-02-03/2015-02-19;2015-02-20/2015-03-23;2015-03-23/2020-01-15
mbabker;2014-09-19/2020-01-15
lucasconstantino;2014-09-22/2020-01-15
carlesjove;2014-09-29/2020-01-15
alexsoft;2014-10-08/2020-01-15
lildude;2014-10-09/2020-01-15
nickrobson;2014-10-27/2020-01-15
Vdragon;2014-10-30/2020-01-15
redbmk;2014-12-06/2020-01-15
mikemaccana;2014-12-08/2020-01-15
jeremyruppel;2014-12-10/2020-01-15
DDropinski;2014-12-17/2020-01-15
willsmythe;2015-01-09/2020-01-15
sdepold;2015-01-11/2020-01-15
fixe;2015-01-12/2020-01-15
zw;2015-01-19/2020-01-15
mtodd;2015-01-20/2020-01-15
tamsky;2015-01-28/2020-01-15
sm11963;2015-02-01/2020-01-15
troyswanson;2015-02-04/2020-01-15
glasser;2015-02-16/2020-01-15
vasujain;2015-02-19/2020-01-15
kelunik;2015-03-03/2020-01-15
mgriffin;2015-03-06/2020-01-15
imjasonh;2015-03-09/2020-01-15
buckelij;2015-03-09/2015-04-18;2015-04-18/2015-07-27;2015-07-27/2015-07-29;2015-07-29/2015-08-03;2015-08-03/2015-08-05;2015-08-05/2015-08-10;2015-08-11/2020-01-15
daveaglick;2015-03-11/2020-01-15
fnordfish;2015-02-26/2020-01-15
IonicaBizau;2015-03-17/2015-03-23;2015-03-23/2020-01-15
winniehell;2015-03-29/2020-01-15
jatoben;2015-04-03/2020-01-15
djoume;2015-04-09/2020-01-15
alorma;2015-04-16/2015-04-24;2015-04-24/2015-08-29;2015-08-29/2015-08-31;2015-08-31/2020-01-15
nuclearsandwich;2015-04-24/2015-07-08;2015-07-08/2020-01-15
bkeepers;2015-04-27/2020-01-15
nickh;2015-05-05/2015-06-17;2015-06-17/2015-06-23;2015-06-23/2015-09-16;2015-09-17/2020-01-15
jonrohan;2015-05-04/2015-05-06;2015-05-06/2015-08-26;2015-08-26/2020-01-15
AnnAddicks;2015-05-08/2020-01-15
stevepeak;2015-05-11/2015-05-13;2015-05-13/2020-01-15
SamMarkowitz;2015-05-12/2020-01-15
emulienfou;2015-05-17/2016-03-15;2016-03-15/2020-01-15
keavy;2015-06-10/2015-06-16;2015-06-17/2015-06-26;2015-06-26/2015-08-11;2015-08-12/2015-08-17;2015-08-17/2016-03-14;2016-03-14/2020-01-15
whiteinge;2015-06-11/2020-01-15
jammur;2015-07-26/2020-01-15
stevemao;2015-07-08/2020-01-15
gonzohunter;2015-08-05/2020-01-15
Shredder121;2015-08-26/2015-09-17;2015-09-17/2015-09-20;2015-09-20/2015-09-22;2015-09-22/2016-01-26;2016-01-26/2016-02-05;2016-02-05/2016-02-27;2016-02-27/2016-03-10;2016-03-10/2016-03-16;2016-03-16/2016-03-22;2016-03-23/2016-04-12;2016-04-13/2016-04-23;2016-04-23/2016-06-14;2016-06-14/2020-01-15
aroben;2015-09-04/2020-01-15
mdread;2015-09-04/2020-01-15
brntbeer;2015-09-11/2015-09-13;2015-09-14/2015-09-21;2015-09-21/2015-09-23;2015-09-23/2020-01-15
michaelstewart;2015-10-23/2020-01-15
dmitshur;2015-11-02/2016-06-20;2016-06-20/2020-01-15
tarebyte;2015-12-05/2016-03-15;2016-03-17/2016-06-09;2016-06-09/2020-01-15
drazisil;2015-12-08/2020-01-15
kytrick;2015-12-08/2020-01-15
illicitonion;2015-12-12/2020-01-15
mellybess;2015-12-18/2015-12-22;2015-12-22/2015-12-28;2015-12-28/2020-01-15
humzashah;2015-12-18/2020-01-15
yu1ro;2016-01-25/2020-01-15
MikeMcQuaid;2016-01-27/2016-05-02;2016-05-02/2016-05-12;2016-05-12/2016-05-19;2016-05-19/2016-06-15;2016-06-15/2016-06-20;2016-06-20/2016-08-08;2016-08-08/2020-01-15
thejonanshow;2016-01-26/2020-01-15
bswinnerton;2016-01-27/2016-03-03;2016-03-03/2016-03-14;2016-03-14/2020-01-15
prayagverma;2016-02-05/2020-01-15
denis-soundcloud;2016-02-09/2020-01-15
lidice;2016-02-10/2020-01-15
lndbrg;2016-02-16/2020-01-15
jneill;2016-02-22/2020-01-15
owocki;2016-02-22/2020-01-15
vmaudgalya;2016-03-03/2020-01-15
STRd6;2016-03-06/2016-03-09;2016-03-10/2020-01-15
tomasbjerre;2016-03-01/2020-01-15
julianlam;2016-03-25/2020-01-15
davidcelis;2016-03-25/2016-04-04;2016-04-04/2016-04-20;2016-04-20/2016-04-23;2016-04-24/2016-06-18;2016-06-18/2020-01-15
pdalpra;2016-04-20/2016-05-02;2016-05-02/2016-05-05;2016-05-05/2020-01-15
edjiang;2016-05-07/2020-01-15
jtrent238;2016-05-18/2020-01-15
jwilk;2016-06-09/2016-06-18;2016-06-18/2020-01-15
pravipati;2016-06-16/2016-06-28;2016-06-28/2020-01-15
notriddle;2016-07-01/2020-01-15
chaoranxie;2016-07-21/2020-01-15
JeffSchering;2016-08-17/2020-01-15
mortonfox;2016-08-31/2020-01-15
