josh;4;3;2;2;4;2;3;2;2;4;2;5;5;2;3;2;4;4;4;2;11;6;2;5;8;5;5;8;4;4;10;5;7;2;8;4;15;7;2;6;4;20;18;12;19;14;2;2;4;20;2;17;2;21;7;11;21;7;2;10;3;7;5;3;4;7;20;13;56;8;182;378;393;17;413;1209;1965;0.06666666666666667
elibarzilay;3124;1;1.0
carlosgaldino;246;2877;248;0.012096774193548387
horndude77;3123;1;1.0
meh;3123;1;1.0
justinyost;3123;1;1.0
rkh;3123;1;1.0
earl;8;2;3113;11;0.2727272727272727
supahgreg;3118;1;1.0
christophermanning;3118;2;1.0
sarahhodne;3118;1;1.0
bilderbuchi;3118;1;1.0
Zlender;3116;2;1.0
tautologico;3116;1;1.0
softprops;2042;16;1057;2059;0.0014570179698882952
CyberShadow;3115;1;1.0
Ziaw;3113;1;1.0
Visgean;3108;1;1.0
jonsterling;3108;1;1.0
lkuper;2;3104;3;0.6666666666666666
bmabey;3100;1;1.0
Sharpie;3099;1;1.0
avdg;3097;1;1.0
flaviusb;3093;1;1.0
leto;3093;1;1.0
tekkub;3091;1;1.0
anaisbetts;8;104;126;470;288;2091;997;0.006018054162487462
kprevas;3085;1;1.0
ognevsky;5;3076;6;0.3333333333333333
petros;34;3037;35;0.05714285714285714
pjhyett;3063;1;1.0
beckje01;3061;1;1.0
Uberi;3057;2;1.0
kevinsawicki;502;29;8;482;2007;28;3031;0.0026393929396238865
stof;92;1961;1000;2054;0.0014605647517039922
mgdm;3038;1;1.0
robsimmons;3036;1;1.0
tmcw;3023;1;1.0
maieul;1021;14;1980;1036;0.0028957528957528956
zmanji;3006;1;1.0
kepstin;3004;1;1.0
alloy;1918;12;1059;1931;0.0015535991714137752
trishume;4;18;2960;23;0.13043478260869565
FredrikL;142;2981;143;0.013986013986013986
gsmcwhirter;2976;1;1.0
sunaku;2975;1;1.0
tmm1;2974;2;1.0
tclem;2;2685;1486;1213;4175;0.0011976047904191617
arturdryomov;2935;19;2936;0.0006811989100817438
frewsxcv;2953;1;1.0
sbisbee;2953;1;1.0
dom96;2941;1;1.0
earwig;2915;1;1.0
brynary;2915;1;1.0
thorade;1259;1653;1260;0.0015873015873015873
utkarshkukreti;2912;1;1.0
robnewman;2903;1;1.0
leafo;203;131;2563;335;0.008955223880597015
caged;1908;985;1909;0.0010476689366160294
thomshouse;2892;1;1.0
MeirKriheli;2891;1;1.0
rankida;2890;2;1.0
zhensydow;2889;1;1.0
abevoelker;8;33;2856;42;0.07142857142857142
mavam;2884;1;1.0
jaxzin;15;8;2858;24;0.125
pmoura;535;389;1951;925;0.003243243243243243
jstrachan;14;2;2856;17;0.17647058823529413
jerstlouis;2863;1;1.0
semperos;2858;1;1.0
trq;2852;1;1.0
baoshan;2849;2;1.0
lparenteau;2;29;17;8;296;2498;353;0.0169971671388102
aseemk;2843;2;1.0
pao;2;2841;3;0.6666666666666666
rodjek;2837;1;1.0
vmg;20;52;726;8;5;68;6;25;20;11;2;7;22;192;4;66;10;2;9;3;165;431;190;12;45;6;4;715;2124;0.018832391713747645
igrigorik;2837;1;1.0
bakkdoor;2819;1;1.0
thestinger;28;171;2637;200;0.015
horchler;2808;1;1.0
pwaller;2806;1;1.0
rsanheim;2795;1;1.0
johan;261;2518;262;0.007633587786259542
ianmjones;2779;1;1.0
michaelficarra;2766;1;1.0
chochos;2750;2;1.0
borgified;2742;1;1.0
tnm;172;6;19;4;11;2;2;3;2;4;2;2;2;3;4;3;7;2;13;7;3;2;4;3;5;11;5;4;6;4;9;5;13;4;2;2;3;5;4;3;3;8;2;6;5;2;3;10;6;6;11;4;6;5;4;2;5;3;4;10;2;2;2;3;2;3;2;2;2;5;3;3;8;3;4;2;3;4;5;3;2;3;3;208;188;1735;1007;0.1519364448857994
seldridge;2735;1;1.0
jeanlouisboudart;14;2734;15;0.13333333333333333
remi;5;2732;6;0.3333333333333333
oxan;2715;1;1.0
brcooley;2710;1;1.0
tiwe-de;2710;1;1.0
bfontaine;184;262;89;2171;537;0.00931098696461825
strangewarp;143;2563;144;0.013888888888888888
stevepiercy;108;2;11;15;65;2504;202;0.0297029702970297
db0company;2697;1;1.0
jcazevedo;2696;1;1.0
rtomayko;2682;2;1.0
ptrv;2683;1;1.0
reactormonk;2680;1;1.0
seanupton;2675;1;1.0
afronski;2672;1;1.0
DrItanium;2641;1;1.0
wagenet;2619;1;1.0
bhuga;2613;1;1.0
johanatan;104;2502;105;0.01904761904761905
andyli;537;2069;538;0.0037174721189591076
DominikTo;2600;1;1.0
mislav;2;1019;1577;1022;0.0029354207436399216
tobin;2661;1;1.0
stuarthalloway;22;2562;23;0.08695652173913043
mndrix;251;199;2130;451;0.0066518847006651885
rofl0r;2569;1;1.0
paulmillr;184;7;5;2563;197;0.02030456852791878
BPScott;24;23;2517;48;0.0625
tucnak;44;22;2495;67;0.04477611940298507
HerbertKoelman;5;32;2561;38;0.07894736842105263
mrorii;2558;1;1.0
nicolasdanet;2554;1;1.0
skalnik;40;2514;41;0.04878048780487805
dveeden;35;2515;37;0.08108108108108109
zacstewart;76;2473;77;0.025974025974025976
moorepants;2541;1;1.0
cjdrake;2540;1;1.0
vincentwoo;2537;1;1.0
ntkme;13;767;15;1758;797;0.006273525721455458
evanmiller;2532;1;1.0
REAS;11;13;2503;25;0.12
rdeltour;10;18;2497;29;0.10344827586206896
tinnet;2524;1;1.0
erik;2522;2;1.0
refractalize;147;2518;148;0.013513513513513514
elehcim;4;2514;5;0.4
kevinjalbert;443;155;2517;599;0.005008347245409015
JDutil;117;2517;118;0.01694915254237288
PulsarBlow;138;2517;139;0.014388489208633094
soimort;22;2513;24;0.125
brianmario;69;438;23;2;3;2045;538;0.01486988847583643
upsuper;2510;2;1.0
pborreli;2509;1;1.0
DHowett;104;2506;105;0.01904761904761905
brson;2506;1;1.0
gentoo90;8;2497;9;0.2222222222222222
dwarfland;26;24;2454;51;0.058823529411764705
richo;2499;1;1.0
stuartpb;738;1758;739;0.0027063599458728013
Giacom;254;2233;255;0.00784313725490196
gjtorikian;183;18;56;13;337;4;3;2;2;7;68;29;7;2;16;44;15;25;274;312;1059;1429;0.02239328201539538
sshirokov;2477;1;1.0
mihaip;2464;1;1.0
liluo;133;79;2250;213;0.014084507042253521
relrod;193;173;2094;367;0.008174386920980926
waltherg;2454;1;1.0
josegonzalez;2451;1;1.0
ppannuto;213;2232;214;0.009345794392523364
Drup;2438;1;1.0
wjlroe;2438;1;1.0
AdamFerguson;2435;1;1.0
Gozala;2430;1;1.0
Turbo87;2;2422;3;0.6666666666666666
mmullis;2421;1;1.0
MatthewFluet;79;2420;80;0.025
aaronpuchert;134;115;49;19;2234;320;0.021875
chriskuehl;148;491;1771;640;0.0046875
zzet;84;2319;85;0.023529411764705882
jasonbot;2402;1;1.0
hkdobrev;13;131;14;21;852;1371;1032;0.005813953488372093
rschiang;2398;1;1.0
timjb;663;82;47;2262;793;0.005044136191677175
cono;2382;1;1.0
Aaron1011;81;2299;82;0.024390243902439025
alaingilbert;2379;1;1.0
timm;2378;1;1.0
haileys;51;40;48;448;414;1370;1004;0.00796812749003984
jayphelps;547;1825;548;0.0036496350364963502
windley;2371;1;1.0
jsocol;2368;1;1.0
vszakats;104;615;2;4;1641;726;0.006887052341597796
calavera;346;2364;347;0.005763688760806916
HQ063;5;2355;6;0.3333333333333333
xandkar;87;778;1491;867;0.00461361014994233
kethomassen;35;2318;37;0.08108108108108109
adityam;21;2330;22;0.09090909090909091
robin850;2350;1;1.0
abahgat;2345;1;1.0
sethvargo;45;490;1854;536;0.005597014925373134
julik;2473;1;1.0
larsbrinkhoff;24;16;23;103;15;234;6;5;43;9;6;8;3;10;21;23;2;6;4;2;2;11;14;2;2;11;3;2;4;2;15;2;6;13;3;5;9;62;16;79;214;10;10;2;4;12;40;2;5;13;5;9;13;100;1076;1284;0.05685358255451713
Dav1dde;2337;1;1.0
zulus;2336;1;1.0
acgetchell;5;2327;6;0.3333333333333333
Mouq;2326;2;1.0
johnjcamilleri;24;2040;11;250;2076;0.0019267822736030828
r0man;2325;1;1.0
matkoniecz;2323;1;1.0
webhat;250;2073;251;0.00796812749003984
faithanne;2322;1;1.0
Jaxan;8;379;1928;388;0.007731958762886598
le717;2308;1;1.0
robstoll;2301;1;1.0
thorn0;2298;1;1.0
glts;2298;1;1.0
andygrunwald;2451;1;1.0
Jaykul;2;2284;3;0.6666666666666666
SparkysWidgets;149;2135;150;0.013333333333333334
olivergondza;2284;1;1.0
WestleyArgentum;2280;1;1.0
qqshfox;8;147;2518;156;0.019230769230769232
sstephenson;3;2277;4;0.5
Sheeo;2276;1;1.0
jeabakker;2273;1;1.0
danluu;2272;1;1.0
lukaselmer;9;2261;10;0.2
PaulBone;186;49;2269;236;0.012711864406779662
hoelzro;20;16;30;17;5;129;176;1876;394;0.02030456852791878
Bartvds;2345;1;1.0
myguidingstar;204;2262;205;0.00975609756097561
frans-k;2262;1;1.0
kashif;175;2262;176;0.011363636363636364
bricker;2261;1;1.0
GordonSmith;79;2777;516;2857;0.0010500525026251313
GreatEmerald;206;2258;207;0.00966183574879227
afischer;2258;2;1.0
eschulte;54;2258;56;0.05357142857142857
wjk;2257;1;1.0
jvanegmond;2253;1;1.0
standage;2252;1;1.0
jimhester;45;2204;46;0.043478260869565216
computmaxer;13;2232;14;0.14285714285714285
mikepurvis;2244;1;1.0
natcl;2243;1;1.0
elofgren;478;2;2232;481;0.006237006237006237
sgallagher;2231;1;1.0
remixz;2230;1;1.0
Flyingmana;2229;1;1.0
akre54;2226;2;1.0
waddlesplash;68;2227;70;0.04285714285714286
bkeepers;127;5;2;12;3;88;29;7;6;10;3;18;14;2;3;3;2;4;4;2;4;2;4;7;2;5;6;7;6;3;10;6;2;3;8;10;6;3;33;7;7;74;44;32;15;9;4;122;28;29;1369;859;0.0779976717112922
mmhelloworld;2226;1;1.0
ethanwhite;2225;1;1.0
dasmithii;2;88;100;19;2017;210;0.023809523809523808
arfon;4;2;7;4;46;62;2;5;6;9;5;3;2;2;3;7;2;2;5;2;2;4;4;3;5;8;5;2;3;2;7;5;2;5;2;2;2;2;4;3;7;3;2;2;2;2;2;9;2;2;4;2;3;2;2;5;13;5;2;3;3;2;3;4;8;2;5;2;3;2;3;2;3;4;11;2;6;2;3;6;3;4;8;3;13;3;4;2;2;4;4;4;5;3;5;6;6;5;14;4;8;6;7;3;10;5;3;3;4;3;9;5;5;2;2;16;4;8;2;4;9;2;2;7;6;4;3;4;4;2;5;2;2;3;5;11;14;5;2;2;23;2;2;5;5;3;4;2;5;7;2;15;5;7;9;5;9;2;6;7;3;5;5;3;5;5;3;2;2;39;27;1101;1121;0.3220338983050847
rhunter;2291;1;1.0
zhemao;2220;1;1.0
rlidwka;2218;1;1.0
cndreisbach;2215;1;1.0
ChimeraCoder;2214;1;1.0
wadetandy;2213;1;1.0
natebrennand;2213;1;1.0
ktdreyer;2210;1;1.0
joshterrell805;2210;1;1.0
emma-burrows;2205;3;1.0
kevmoo;2206;1;1.0
berkerpeksag;2223;1;1.0
s0meone;2206;1;1.0
GiamPy5;20;2202;21;0.09523809523809523
ruben2020;2202;1;1.0
rognierbenoit;2197;2;1.0
mihneadb;2193;1;1.0
lawrencewoodman;16;2192;17;0.11764705882352941
edechter;769;1423;770;0.0025974025974025974
hikari-no-yume;99;2088;100;0.02
tiye;2183;1;1.0
izuzak;24;2158;25;0.08
abuiles;2181;1;1.0
bbarker;1431;18;732;1450;0.0020689655172413794
pchaigno;9;5;5;4;7;20;4;25;2;2;6;2;25;2;7;3;5;3;11;15;2;6;2;10;19;3;10;10;19;5;3;2;15;4;7;3;3;4;5;11;5;2;4;6;6;2;4;2;6;6;4;2;2;8;22;2;2;9;3;3;6;3;6;20;7;6;6;3;7;6;7;8;15;2;3;4;4;2;3;10;2;29;9;9;44;3;12;3;10;7;5;14;3;16;19;3;7;31;2;2;2;2;2;44;2;4;2;11;2;40;3;8;7;2;9;12;8;5;10;17;8;3;5;3;5;18;3;18;3;19;2;16;6;3;28;9;10;25;59;14;61;10;14;4;28;11;19;6;8;27;4;2;35;7;12;3;75;34;9;5;2;5;14;15;10;14;14;27;8;13;9;53;2;124;36;83;11;267;205;2380;0.11134453781512606
greystate;35;2136;36;0.05555555555555555
cgranade;2168;1;1.0
tenbits;267;29;1867;297;0.010101010101010102
midraed;2161;1;1.0
waveform80;2158;1;1.0
couchand;2154;1;1.0
veganstraightedge;2149;1;1.0
albertlyu;15;2134;16;0.125
whitten;2147;1;1.0
developerinlondon;2;22;2117;25;0.12
bweir;52;2081;54;0.05555555555555555
DavidSkrundz;2133;1;1.0
waywardmonkeys;332;1801;333;0.006006006006006006
draegtun;6;5;2114;13;0.3076923076923077
garyb;34;2092;35;0.05714285714285714
CrimsonTautology;186;137;2124;324;0.009259259259259259
akissinger;2114;1;1.0
dragonmux;68;16;17;51;1960;155;0.04516129032258064
Mikulas;2113;1;1.0
juliangehring;64;2049;65;0.03076923076923077
fingolfin;161;2;2;54;1892;221;0.027149321266968326
sebgod;12;4;16;186;34;13;1844;267;0.0299625468164794
spderosso;83;2024;86;0.046511627906976744
kohenkatz;2105;1;1.0
lucaswerkmeister;174;1931;175;0.011428571428571429
nkt;11;2090;12;0.16666666666666666
jkutner;2100;1;1.0
snormore;6;2094;7;0.2857142857142857
rick;4;2;12;2081;19;0.21052631578947367
wcandillon;258;150;5;3;1679;418;0.014354066985645933
CNG;2094;1;1.0
parkr;134;490;2092;626;0.006389776357827476
killmous;2089;1;1.0
rolinh;2087;1;1.0
Oldes;328;2207;448;2536;0.0011829652996845426
NN---;4;2;1040;2;1037;1049;0.004766444232602479
apaleslimghost;2085;1;1.0
nox;2134;1;1.0
tdeitch;2078;1;1.0
alflanagan;2077;1;1.0
azenla;3;102;488;1480;594;0.006734006734006734
Madsn;2073;1;1.0
ilovb;2070;1;1.0
kostko;2067;1;1.0
jrha;91;1039;10;926;1141;0.0035056967572304996
jkeirstead;2065;1;1.0
alindeman;11;6;2044;22;0.3181818181818182
christianbundy;9;2056;10;0.2
felixphew;2061;1;1.0
JoshTheGeek;37;2022;39;0.07692307692307693
ferrall;1294;764;1296;0.0023148148148148147
orthopteroid;2052;2;1.0
akashivskyy;2052;1;1.0
DX-MON;90;1960;91;0.02197802197802198
simonwistow;2049;1;1.0
NiklasRosenstein;381;1668;382;0.005235602094240838
dalehenrich;2;193;1853;196;0.015306122448979591
woodruffw;29;2017;31;0.0967741935483871
metopa;4;2041;5;0.4
keplersj;137;256;92;164;17;5;23;150;1196;848;0.014150943396226415
jdennes;1143;896;1145;0.0026200873362445414
diekmann;2038;1;1.0
cstrahan;16;2038;17;0.11764705882352941
kmaehashi;2036;2;1.0
geekflyer;2033;1;1.0
neersighted;2032;1;1.0
maximusvladimir;3;2029;4;0.5
lbajolet;158;37;25;833;975;1054;0.004743833017077799
alokedesai;2027;1;1.0
GWRon;2024;1;1.0
claytono;2023;1;1.0
thomasvandoren;2;5;33;241;4;1736;288;0.027777777777777776
arthurvr;4;2014;5;0.4
joshaber;2010;1;1.0
grindhold;2005;1;1.0
seancoyne;20;1980;21;0.09523809523809523
rdbatch02;1998;3;1.0
KoffeinFlummi;1998;1;1.0
gwadej;1997;1;1.0
peol;1997;1;1.0
emmax86;1997;1;1.0
buildersbrewery;1988;1;1.0
cflee;1988;1;1.0
cdlm;1987;2;1.0
wilg;1999;1;1.0
joeyspin;29;1980;30;0.06666666666666667
holman;1980;1;1.0
edmundito;21;8;142;1806;173;0.028901734104046242
t-b;39;1975;40;0.05
StoneCypher;1973;1;1.0
DennisMcWherter;1971;1;1.0
mjjohnson;4;1970;5;0.4
ankitr;332;1950;333;0.006006006006006006
rlespinasse;539;24;1922;564;0.005319148936170213
vivekgalatage;1942;1;1.0
bwestlin;1942;1;1.0
kr;346;1595;347;0.005763688760806916
ztmr;1929;1;1.0
laomaiweng;1920;1;1.0
aroben;9;6;8;3;2;4;5;5;10;6;3;8;2;3;5;2;10;14;2;3;3;14;3;71;169;1532;389;0.11311053984575835
tricknotes;1919;1;1.0
briandela;1914;2;1.0
hearsilent;1914;1;1.0
creasty;1914;1;1.0
jwatzman;1988;1;1.0
ngn;3;1906;4;0.5
wil93;1908;1;1.0
Verteiron;1907;1;1.0
danijar;2;1899;3;0.6666666666666666
geoff-nixon;4;6;55;243;57;1859;367;0.01907356948228883
techniq;1899;2;1.0
baroquebobcat;3;1899;4;0.5
blakeembrey;287;1609;288;0.006944444444444444
techhat;69;1817;70;0.02857142857142857
mgaitan;1884;1;1.0
mrego;1883;1;1.0
fnkr;1882;1;1.0
roodboi;1882;1;1.0
fushnisoft;2;82;1793;86;0.046511627906976744
anpar;2;1872;3;0.6666666666666666
lsf37;4;127;1086;655;1218;0.003284072249589491
ellemenno;5;10;3;1871;20;0.25
wmertens;1871;1;1.0
karel-brinda;1867;1;1.0
lostcolony;1865;1;1.0
othree;1862;2;1.0
lutoma;1862;1;1.0
robrix;1752;5;104;1758;0.0017064846416382253
arctic5;1858;1;1.0
Mailaender;345;12;2;4;2;120;2425;707;2911;0.0027481964960494676
hawkw;1856;1;1.0
Dadido3;1855;2;1.0
joaquincasares;3;14;1836;18;0.16666666666666666
archywillhe;1847;1;1.0
rpardee;33;1842;34;0.058823529411764705
deadfoxygrandpa;1840;1;1.0
floscher;4;1835;6;0.5
thotypous;1838;1;1.0
rwtolbert;1845;1;1.0
phuicy;1827;1;1.0
danmichaelo;1866;1;1.0
Frigolit;1826;1;1.0
hartsantler;1824;2;1.0
JJ;286;864;29;644;1180;0.003389830508474576
mamodom;1823;1;1.0
hyperair;1818;1;1.0
vors;1214;598;1216;0.0024671052631578946
infininight;1813;1;1.0
steinwaywhw;2;1808;4;0.75
felipecrv;1806;1;1.0
lqez;1805;1;1.0
Shoelace;7;316;3;1801;327;0.012232415902140673
honzabrecka;1800;1;1.0
phillipberndt;1799;1;1.0
nwellnhof;12;1785;13;0.15384615384615385
xbony2;98;1795;99;0.020202020202020204
ScrimpyCat;2;217;109;1790;329;0.0121580547112462
CodingAnarchy;1789;1;1.0
soonhokong;2;1786;3;0.6666666666666666
hoosierEE;1786;1;1.0
brandonwamboldt;1785;1;1.0
deviantintegral;1785;1;1.0
vitaut;22;22;27;1735;73;0.0684931506849315
munrocape;1782;1;1.0
redj;6;1781;7;0.2857142857142857
tarebyte;3;1773;5;0.6
aquileia;1776;1;1.0
chezwicker;7;1768;8;0.25
xPaw;1772;1;1.0
tesch1;8;1758;11;0.36363636363636365
phase;15;2;13;6;2;180;1547;219;0.0319634703196347
samoht;1769;1;1.0
shaneog;1761;1;1.0
shaunlebron;1761;1;1.0
amclain;40;1760;41;0.04878048780487805
drautb;1758;1;1.0
dorian;1758;1;1.0
lpil;285;1463;710;701;2459;0.0016266775111834079
csimons;1757;1;1.0
ptoomey3;1757;1;1.0
makenowjust;1756;1;1.0
joewiz;813;1756;814;0.002457002457002457
lepture;1751;1;1.0
untitaker;1751;1;1.0
ifarbod;650;1101;651;0.0030721966205837174
danp;1749;1;1.0
powerman;1745;3;1.0
3flex;1736;1;1.0
DavidJFelix;4;1731;5;0.4
danielgtaylor;1722;1;1.0
apennebaker-ni;1720;2;1.0
mbdoud;1719;3;1.0
vog;1721;1;1.0
mcandre;3;1718;4;0.5
aivus;1715;1;1.0
mephaust;4;1708;5;0.4
vighnesh1987;2;41;1666;44;0.06818181818181818
KrauseFx;1708;2;1.0
SimenB;552;7;158;4;980;722;0.006925207756232687
yanalunaterra;2;900;798;903;0.0033222591362126247
CalebFenton;1694;1;1.0
tamird;1693;1;1.0
jakepetroules;1688;1;1.0
edm00se;39;1646;40;0.05
rneatherway;1681;1;1.0
Ryman;1680;1;1.0
drewcrawford;1672;1;1.0
bashor;1693;1;1.0
ianamason;1659;2;1.0
mattn;2;1657;3;0.6666666666666666
BrunoDutertre;1659;1;1.0
ryanpavlick;230;1684;231;0.008658008658008658
miek;92;1557;93;0.021505376344086023
ziggi;759;2;1640;762;0.003937007874015748
hdgarrood;1641;1;1.0
joelparkerhenderson;1640;1;1.0
yyx990803;4;918;717;924;0.004329004329004329
imsys;1624;1;1.0
ammaraskar;1619;1;1.0
aep-shoutlet;1618;1;1.0
benbalter;819;6;1603;827;0.0048367593712212815
a0viedo;1610;1;1.0
LeonaMorro;1608;1;1.0
mandel;2;1603;3;0.6666666666666666
matejak;3;2;2;1597;9;0.5555555555555556
jtbandes;430;1173;431;0.004640371229698376
manveru;1601;1;1.0
jamiebuilds;1598;1;1.0
Alhadis;83;2;2;123;2;6;2;19;6;15;4;2;2;6;2;5;2;27;12;2;3;2;10;3;6;9;2;3;2;17;3;5;12;4;20;8;7;35;18;2;2;85;18;10;3;9;12;12;4;15;4;5;6;8;7;16;8;41;20;104;11;24;2;3;4;15;3;12;5;7;25;14;29;8;4;7;5;3;22;34;3;7;28;4;8;21;3;11;2;4;4;9;10;6;3;16;13;25;11;11;4;4;17;4;16;14;2;4;5;13;10;41;8;7;6;11;31;33;3;3;11;2;12;119;49;4;32;42;8;3;31;15;28;27;36;14;2;46;15;30;49;10;10;74;13;68;9;38;34;27;4;115;7;16;10;4;8;169;22;94;1312;2911;0.07145310889728615
ismailarilik;1596;2;1.0
scttnlsn;1596;1;1.0
pcantrell;1610;1;1.0
miksen;1594;1;1.0
wizawu;9;2;1565;13;0.3076923076923077
jaredpetersen;1574;1;1.0
iblech;235;52;1521;288;0.010416666666666666
tokenrove;1565;1;1.0
fbonzon;1559;1;1.0
lucky;593;59;907;653;0.004594180704441042
hipikat;1556;1;1.0
berdario;1545;1;1.0
redroot;1539;1;1.0
Redth;1537;2;1.0
matiasinsaurralde;1534;1;1.0
meatballhat;1529;1;1.0
soc;1518;1;1.0
ppwwyyxx;1515;1;1.0
marceloramires;9;2;1500;12;0.25
scottclowe;1504;1;1.0
williamd1k0;72;3;2;3;15;335;1064;431;0.016241299303944315
humzashah;1489;1;1.0
jrnold;3;1478;6;0.6666666666666666
nwolverson;1478;1;1.0
aqnouch;1475;1;1.0
c-lipka;48;99;1319;148;0.02027027027027027
mrmonday;1465;1;1.0
chrisarcand;1460;1;1.0
jamesqo;10;59;2;60;1332;134;0.05223880597014925
pyk;4;1444;5;0.4
AbigailBuccaneer;560;28;860;589;0.0050933786078098476
scop;1431;1;1.0
kusma;3;16;1407;21;0.19047619047619047
Dominator008;11;23;8;14;1370;57;0.08771929824561403
jglick;1412;1;1.0
mlinksva;1407;1;1.0
PJB3005;2;1382;3;0.6666666666666666
BruceKnowsHow;1370;1;1.0
jirutka;33;1349;34;0.058823529411764705
jkrems;2;1349;3;0.6666666666666666
snh;1344;1;1.0
russell-stripe;1337;1;1.0
nwhetsell;13;203;16;50;203;4;535;6;530;266;487;1827;0.0060207991242474
MathBunny;1317;2;1.0
sahildua2305;3;3;2;3;4;12;7;1270;37;0.2702702702702703
liavt;261;1037;263;0.011406844106463879
cozos;2;1294;3;0.6666666666666666
jbrooksuk;50;4;1283;55;0.05454545454545454
chrislgarry;1281;2;1.0
idrougge;97;5;1138;3;14;121;1379;0.005076142131979695
ajlangley;3;1250;5;0.6
nixel2007;246;1244;247;0.008097165991902834
ad-si;1232;1;1.0
akhtars;1232;1;1.0
JoshCheek;1209;1;1.0
alexruperez;1204;1;1.0
scottmangiapane;1197;2;1.0
sanssecours;1171;1;1.0
danilaml;50;2;1107;53;0.05660377358490566
brandonblack;8;15;16;17;3;12;7;15;6;1057;101;0.10891089108910891
askreet;15;1142;16;0.125
saantiaguilera;12;1142;13;0.15384615384615385
meganemura;33;1107;37;0.13513513513513514
Crissov;124;1135;125;0.016
ykzts;5;1134;6;0.3333333333333333
jredville;83;1134;84;0.023809523809523808
zonuexe;28;1106;29;0.06896551724137931
freebroccolo;1118;1;1.0
samcv;3;13;10;1107;28;0.17857142857142858
yutannihilation;26;1107;27;0.07407407407407407
astavale;15;1107;16;0.125
vmarkovtsev;1309;1;1.0
zbrock;1307;1;1.0
cjgdev;1240;1;1.0
lidilidian;1140;1;1.0
javierhonduco;55;2;1028;59;0.06779661016949153
fix-fix;1077;2;1.0
thezim;1077;2;1.0
stoe;1076;1;1.0
lildude;2;28;48;2;5;6;8;12;13;30;2;18;6;6;2;47;2;44;4;9;8;2;13;7;2;3;3;8;3;13;4;40;5;9;8;4;36;20;2;10;14;2;20;25;5;8;12;16;16;3;2;4;2;8;11;7;36;22;21;3;2;5;18;2;5;49;2;3;13;53;7;2;4;2;42;11;2;10;31;3;3;43;3;2;41;42;36;14;26;57;29;12;23;3;23;9;24;4;7;24;4;26;8;8;6;35;21;18;27;8;8;2;5;34;41;41;15;69;11;26;2;3;18;33;14;21;11;2;6;2;17;24;48;25;10;4;83;16;7;6;5;7;49;2;13;9;7;42;13;23;3;2;1337;2406;0.08146300914380715
Phineas;1064;1;1.0
alexlouden;64;1059;65;0.03076923076923077
tgjones;11;56;1000;69;0.057971014492753624
TingPing;15;1057;16;0.125
ararslan;240;20;769;28;1030;0.003883495145631068
klpn;18;1038;19;0.10526315789473684
siegy22;4;1037;5;0.4
mlrawlings;1034;2;1.0
rdwampler;2;1029;3;0.6666666666666666
rafer;1029;2;1.0
MartinNowak;48;188;1021;237;0.012658227848101266
smola;201;6;2;19;68;7;10;2;9;245;2;96;12;2;14;14;14;154;5;20;245;5;7;17;4;189;24;5;51;6;7;7;6;20;2;3;43;10;10;18;2;22;4;4;512;4;912;2136;0.024812734082397005
hnryjms;3;5;995;9;0.3333333333333333
dmoisset;20;1000;21;0.09523809523809523
sandyarmstrong;817;49;1000;867;0.0034602076124567475
mstefarov;39;998;40;0.05
cpojer;998;2;1.0
binki;3;996;4;0.5
MichaelGrafnetter;2;996;3;0.6666666666666666
ngarnier;2;994;3;0.6666666666666666
tschf;522;994;523;0.0038240917782026767
thesave;6;994;7;0.2857142857142857
jelder;992;1;1.0
sergeyklay;5;980;6;0.3333333333333333
multiprecision;42;6;975;49;0.061224489795918366
rkoeninger;17;19;56;22;18;23;13;806;170;0.052941176470588235
rkirsling;970;2;1.0
goodmind;29;58;903;88;0.03409090909090909
MahmoudFayed;433;20;935;454;0.006607929515418502
jlec;136;933;137;0.014598540145985401
davidaylaian;185;3;929;189;0.015873015873015872
tbodt;32;285;7;637;325;0.012307692307692308
thewilkybarkid;3;926;4;0.5
iWader;13;889;14;0.14285714285714285
Hardmath123;881;1;1.0
PatrickJS;860;2;1.0
DoctorWhoof;3;126;734;131;0.030534351145038167
seppestas;2;7;138;722;148;0.02702702702702703
mathewmariani;15;860;17;0.17647058823529413
AnthonyDGreen;6;14;860;21;0.14285714285714285
bmeck;21;1888;1028;1910;0.0015706806282722514
MarcianoPreciado;118;27;41;819;187;0.0213903743315508
am11;72;1104;190;3;437;1370;0.0036496350364963502
menduz;8;640;220;649;0.004622496147919877
krk;26;850;27;0.07407407407407407
adaedra;35;846;36;0.05555555555555555
yohny;82;829;83;0.024096385542168676
dcmoore-gd;825;2;1.0
cjllanwarne;2;823;3;0.6666666666666666
codecat;10;823;11;0.18181818181818182
MaickelHubner;15;58;142;823;216;0.018518518518518517
tessarin;7;673;37;104;718;0.005571030640668524
sylveon;3;648;11;147;663;0.006033182503770739
prertik;8;792;9;0.2222222222222222
jin;791;2;1.0
mr-c;4;790;5;0.4
wesinator;21;245;15;31;32;90;5;6;17;946;597;1409;0.007806955287437899
ai;2;780;3;0.6666666666666666
freak4pc;42;778;43;0.046511627906976744
NachoSoto;777;2;1.0
pditommaso;555;81;736;637;0.004709576138147566
egorzhdan;34;734;35;0.05714285714285714
yuya-takeyama;80;734;81;0.024691358024691357
oldmud0;40;734;41;0.04878048780487805
oktapodia;2;7;733;10;0.3
josh-padnick;71;733;72;0.027777777777777776
rajendraarora16;725;1;1.0
dylex;346;720;347;0.005763688760806916
gauravsavadi;2;719;3;0.6666666666666666
zwilias;717;2;1.0
tobiasvl;714;2;1.0
njsmith;706;1;1.0
MikeMcQuaid;698;1;1.0
damieng;698;2;1.0
jasonmalinowski;13;693;14;0.14285714285714285
odanoburu;9;693;10;0.2
nicolasstucki;6;566;120;573;0.005235602094240838
stringfellow;5;680;6;0.3333333333333333
benwiley4000;7;658;8;0.25
jsta;13;658;14;0.14285714285714285
nishtahir;15;1645;987;1661;0.001806140878988561
stanhu;1054;654;1056;0.002840909090909091
Gama11;10;693;46;706;0.007082152974504249
bb010g;1096;456;1098;0.00273224043715847
vkmita;5;623;6;0.3333333333333333
yznima;59;623;60;0.03333333333333333
Tyil;35;623;36;0.05555555555555555
ioanrogers;14;623;15;0.13333333333333333
burke;7;604;8;0.25
gabru-md;13;604;14;0.14285714285714285
CAD97;28;603;29;0.06896551724137931
jatoben;3;598;4;0.5
sangaman;8;576;9;0.2222222222222222
chances;129;573;130;0.015384615384615385
aaronfranke;6;555;7;0.2857142857142857
mastahyeti;555;1;1.0
tenderlove;596;44;597;0.0033500837520938024
jcchu;543;1;1.0
TypicalFence;45;543;46;0.043478260869565216
CAM-Gerlach;7;522;8;0.25
RobQuistNL;89;17;6;43;46;410;202;0.0297029702970297
Slowki;4;483;5;0.4
externl;35;477;36;0.05555555555555555
davejagoda;2;467;3;0.6666666666666666
eager;174;467;175;0.011428571428571429
vladfaust;463;2;1.0
mgrachev;457;2;1.0
AlexanderLS;6;443;7;0.2857142857142857
jayhesselberth;11;443;12;0.16666666666666666
X6B0ISI09wD4;6;185;25;20;56;156;294;0.023809523809523808
leighlondon;5;440;6;0.3333333333333333
timotheecour;26;7;869;23;465;926;0.005399568034557235
NickMRamirez;15;434;16;0.125
worldbeater;434;2;1.0
pmaddams;426;3;91;18;320;540;0.011111111111111112
0xpr03;427;2;1.0
udaykadaboina;6;401;7;0.2857142857142857
TimWolla;22;372;23;0.08695652173913043
jfo;346;372;347;0.005763688760806916
kant;369;2;1.0
anantn;19;349;20;0.1
bzz;21;349;22;0.09090909090909091
mems;342;2;1.0
sjml;320;1;1.0
sorawee;3;320;4;0.5
Arcensoth;12;320;13;0.15384615384615385
crisluengo;16;320;17;0.11764705882352941
jamiekyle-eb;17;320;18;0.1111111111111111
sparkprime;309;2;1.0
edmorley;308;1;1.0
M4444;5;286;6;0.3333333333333333
SPGoding;16;286;17;0.11764705882352941
ajaybhargavb;27;286;28;0.07142857142857142
Ferido07;35;286;36;0.05555555555555555
fgblomqvist;48;286;49;0.04081632653061224
y33-j3T;282;2;1.0
beau-witter;37;250;38;0.05263157894736842
sellout;2;18;3;229;24;0.16666666666666666
jsiwek;9;250;10;0.2
atakanyenel;80;250;81;0.024691358024691357
jaredlll08;47;250;48;0.041666666666666664
faloi;4;250;5;0.4
afeld;243;1;1.0
steebchen;2;243;3;0.6666666666666666
Piroro-hs;65;243;66;0.030303030303030304
MrSmoke;17;232;18;0.1111111111111111
joshumax;89;232;90;0.022222222222222223
daimor;56;232;57;0.03508771929824561
umanghome;162;35;1248;1016;1446;0.0027662517289073307
jonmast;6;232;7;0.2857142857142857
sciguy14;231;2;1.0
jimmckay;11;218;13;0.23076923076923078
jhawthorn;3;229;4;0.5
CHTJonas;102;229;103;0.019417475728155338
azjezz;169;3;11;166;48;350;0.014285714285714285
PanAeon;12;210;13;0.15384615384615385
FreHu;4;12;8;148;25;0.16
S-YOU;47;156;48;0.041666666666666664
jjergus;20;156;21;0.09523809523809523
ukos-git;42;156;43;0.046511627906976744
RoiArthurB;67;156;68;0.029411764705882353
jpienaar;4;99;3;47;107;0.037383177570093455
davidsansome;6;149;7;0.2857142857142857
ObserverOfTime;2;51;12;1030;989;1097;0.0054694621695533276
MCJack123;33;104;34;0.058823529411764705
tsandall;271;104;272;0.007352941176470588
sfreilich;96;2;1.0
Turnerj;96;2;1.0
Weakky;3;96;4;0.5
Et7f3;23;8;96;32;0.09375
GianlucaGuarini;14;95;15;0.13333333333333333
gen-angry;17;94;18;0.1111111111111111
malytomas;3;84;4;0.5
vinriviere;3;84;4;0.5
lbonanomi;19;83;20;0.1
friedc;53;8;63;0.06349206349206349
Jessidhia;8;62;9;0.2222222222222222
amiralies;16;48;17;0.11764705882352941
ghiculescu;65;47;66;0.030303030303030304
Nuttymoon;96;42;97;0.020618556701030927
zspitz;10;41;11;0.18181818181818182
xfix;2601;34;9;2636;0.0011380880121396055
Akryum;47;9;48;0.041666666666666664
jpcima;70;9;71;0.028169014084507043
guillaumebrunerie;2;1.0
nh13;758;759;0.002635046113306983
DecimalTurn;17;20;2;108;19;9;42;12;33;19;35;8;13;1344;338;0.04142011834319527
aharshbe;1343;1;1.0
mad8noise;1336;1;1.0
grady;1335;1;1.0
FrostKiwi;1330;1;1.0
brettrowberry;1324;1;1.0
cooljeanius;3878;1314;3879;0.0005155968032998196
Ethosa;1313;1;1.0
solidsnakedev;1311;1;1.0
melaag;1305;1;1.0
wxh06;452;1302;453;0.004415011037527594
Noordsestern;1297;1;1.0
sdankel;179;1295;180;0.011111111111111112
simplyYan;1290;1;1.0
spenserblack;71;257;260;3;11;1288;603;0.009950248756218905
ajhoward2;1286;1;1.0
DandelionSprout;1284;1;1.0
byeongseokim;1283;1;1.0
sammyfilly;1283;1;1.0
quark17;1275;1;1.0
lulunac27a;1272;1;1.0
sambacha;705;2;376;1271;1084;0.0036900369003690036
delameter;1251;1;1.0
lwr001ss;1248;1;1.0
avelino;1242;1;1.0
joaogabrielzo;1237;2;1.0
serkonda7;1234;1;1.0
goto1134;1229;2;1.0
KrazIvan;1229;1;1.0
critesjosh;1226;1;1.0
floitsch;1221;1;1.0
jorendorff;1219;1;1.0
moul;1216;1;1.0
BobDotCom;1209;1;1.0
LaurenceWarne;289;1208;290;0.006896551724137931
hustcer;1205;1;1.0
lattner;1203;1;1.0
scripthunter7;291;1198;292;0.00684931506849315
michidk;6;1193;7;0.2857142857142857
Gratefullyblessed;1192;1;1.0
wroyca;1188;1;1.0
devilshezi0;1186;1;1.0
eduardomourar;1185;1;1.0
POWER-KI;1185;1;1.0
aripiprazole;1185;1;1.0
ybiquitous;1183;1;1.0
XusinboyBekchanov;947;1182;948;0.002109704641350211
Porges;888;1182;889;0.0022497187851518562
kasperk81;1178;1;1.0
Markos-Th09;1174;1;1.0
fornwall;1172;1;1.0
AmjadHD;1171;1;1.0
ryandesign;1169;1;1.0
danielng620;1168;1;1.0
wooorm;1163;2;1.0
dimitropoulos;1161;1;1.0
jamielennox;1161;1;1.0
g-plane;1160;1;1.0
aofarrel;1153;1;1.0
zekigedir;1150;1;1.0
robert-andrzejuk;1145;1;1.0
eggplants;16;584;1145;601;0.004991680532445923
vonderwoman;1145;1;1.0
sanjarcode;1144;1;1.0
ghost;7;96;7;40;11;67;99;44;43;134;126;39;36;12;42;40;97;26;11;25;16;53;41;114;18;86;146;27;19;167;41;5;36;35;127;11;492;31;270;355;61;40;398;36;52;260;299;1141;4245;0.012720848056537103
xiaq;260;1141;262;0.011450381679389313
AniketKumar2500;1140;1;1.0
gionea;1135;1;1.0
Tulip-0333;1130;1;1.0
Phrunsys;1127;1;1.0
Teddy55Codes;1124;1;1.0
JesusValera;1122;1;1.0
jsharpe;1118;1;1.0
SilasK;1113;1;1.0
haroon26;7;1110;8;0.25
mauke;1106;1;1.0
Nixinova;9;2;2;9;3;17;6;3;4;2;12;21;33;19;15;15;4;7;14;3;4;8;22;145;7;4;6;90;231;11;1099;735;0.050340136054421766
lnlyssg;1094;1;1.0
miguelgargallo;1085;1;1.0
tuunit;1079;1;1.0
Potherca;1072;1;1.0
gfx;1070;1;1.0
sebastinez;1069;1;1.0
shawnmarkus;1065;1;1.0
heatherleeann;1052;1;1.0
cryptopapi997;991;1051;992;0.0020161290322580645
SBalslev;1050;1;1.0
muenzpraeger;1049;1;1.0
mximp;1043;1;1.0
lordmauve;1042;1;1.0
casey;1038;1;1.0
figsoda;1038;1;1.0
voidZiAD;3;18;1037;22;0.13636363636363635
namenu;1034;1;1.0
jennybc;1031;1;1.0
chenrui333;1028;1;1.0
kivikakk;119;1416;7;61;2;5;120;72;12;14;9;3;16;6;5;171;24;23;9;3;9;123;128;13;295;981;1016;3653;0.009033670955379141
GeoffChurch;1015;1;1.0
0xallie;1013;1;1.0
familyfriendlymikey;33;1008;34;0.058823529411764705
Alphadelta14;1007;1;1.0
krista-chan;1004;1;1.0
yoidog;66;16;1003;83;0.03614457831325301
celrm;1003;1;1.0
alfred-sa;1003;1;1.0
jjant;1000;1;1.0
Paranoid46;995;1;1.0
killpack;989;1;1.0
dfremont;988;1;1.0
bval;13;986;14;0.14285714285714285
mihaigalos;3;981;4;0.5
gabriel-amaral;978;1;1.0
rcj1;975;1;1.0
detherminal;974;1;1.0
nennneko5787;974;1;1.0
0xHyoga;974;2;1.0
jonpulsifer;973;1;1.0
Learnr4Namish;970;1;1.0
printfn;961;1;1.0
uiuing;959;1;1.0
sashashura;959;1;1.0
kwaa;955;1;1.0
VitalikLevin;954;1;1.0
revolter;954;1;1.0
tahaghafuri;952;1;1.0
007vasy;23;949;24;0.08333333333333333
dev-sptg;945;2;1.0
minaminao;943;1;1.0
jonasbrocas007;938;1;1.0
EleoXDA;937;1;1.0
Bamblehorse;937;1;1.0
ElectronicsArchiver;927;1;1.0
ep3p;924;2;1.0
mschuldt;923;1;1.0
khanhduy1407;921;1;1.0
zxq9;916;1;1.0
Janik-ux;915;1;1.0
brandonnodnarb;915;1;1.0
seyhajin;540;902;541;0.0036968576709796672
3ventic;902;1;1.0
ArjunSharda;901;1;1.0
erkyrath;713;2373;899;3087;0.0009718172983479105
uvd;896;1;1.0
BeckerWdf;896;1;1.0
sunpoet;890;1;1.0
zachstence;887;1;1.0
TheodoreSnoozevelt;880;1;1.0
not-in-stock;875;1;1.0
RyanCavanaugh;141;2533;873;2675;0.0011214953271028037
mdaloia;867;1;1.0
Frityet;866;1;1.0
dependabot[bot];16;62;519;112;862;711;0.008438818565400843
melwyn95;860;1;1.0
linusromland;859;1;1.0
nicolo-ribaudo;858;1;1.0
naveensrinivasan;850;1;1.0
polluks;849;1;1.0
daenney;846;1;1.0
whmsft;840;1;1.0
penev92;840;1;1.0
SukkaW;832;1;1.0
DavePearce;832;1;1.0
plasmapper;827;1;1.0
alexanderpann;825;1;1.0
davidhq;1068;63;821;1134;0.004409171075837742
jasonvarga;821;1;1.0
greggroth;814;1;1.0
manwithafox;814;1;1.0
nikswamy;813;1;1.0
fzipi;811;1;1.0
srinjoyc;800;1;1.0
luisgbr1el;799;1;1.0
emilypi;660;797;661;0.0030257186081694403
duckdoom4;796;1;1.0
tbhaxor;794;1;1.0
Gagniuc;789;1;1.0
JuanM04;783;1;1.0
blockarchitech;54;779;55;0.03636363636363636
WardBrian;778;1;1.0
benthicmaw;778;1;1.0
pewulfman;777;1;1.0
Nova38;775;1;1.0
abheekda1;7;13;775;21;0.14285714285714285
BreadcrumbIsTaken;10;767;11;0.18181818181818182
p0lygun;764;1;1.0
marcauberer;761;1;1.0
DAlperin;758;1;1.0
Stanzilla;756;1;1.0
CertifiedRice;266;2;753;269;0.011152416356877323
gleich;752;1;1.0
charlespwd;750;1;1.0
tklauser;637;749;638;0.003134796238244514
pkova;748;1;1.0
colejohnson66;747;1;1.0
spinkney;746;1;1.0
0xChqrles;744;1;1.0
chiedo;740;1;1.0
colinwm;42;737;43;0.046511627906976744
XrXr;736;1;1.0
gikari;736;1;1.0
brc-dd;731;1;1.0
alexcb;723;1;1.0
hickford;718;1;1.0
Marki2019;711;1;1.0
Elektron72;711;1;1.0
fawni;710;1;1.0
Aloso;709;1;1.0
ClientCrash;709;1;1.0
Beormund;704;1;1.0
dunyakirkali;702;1;1.0
eigilhs;697;1;1.0
MadhanDevlpr;697;1;1.0
Tyyppi77;693;1;1.0
ondrejmirtes;692;1;1.0
serjan-nasredin;689;1;1.0
nallwhy;689;2;1.0
ekroon;687;1;1.0
agraebe;684;1;1.0
mattt;272;684;273;0.007326007326007326
William3Johnson;684;1;1.0
rajivpo;684;1;1.0
ishowta;678;1;1.0
FredKSchott;678;1;1.0
LOW889;673;1;1.0
dmitmel;669;1;1.0
paulo-santos-sky;665;1;1.0
SebastianSpeitel;663;1;1.0
jeremiahpslewis;662;1;1.0
Jake-NotTheMuss;659;1;1.0
Rishiraj0100;658;1;1.0
NullVoxPopuli;658;1;1.0
MatthewSabre;656;1;1.0
shalvah;649;1;1.0
aharpervc;646;1;1.0
mccartney;646;1;1.0
q-uint;645;1;1.0
nyurik;645;1;1.0
tshakalekholoane;126;642;127;0.015748031496062992
bobbbay;344;642;345;0.005797101449275362
Echo4F;637;1;1.0
V3lop5;634;1;1.0
bendyarm;632;1;1.0
cevich;631;1;1.0
FAVE01;629;1;1.0
TechPenguineer;26;31;628;59;0.06779661016949153
hacklex;624;1;1.0
ziemek99;622;1;1.0
spnda;1077;604;1078;0.0018552875695732839
niladrih;604;1;1.0
Astroide;601;1;1.0
hornc;597;1;1.0
Garklein;595;1;1.0
gammy55;594;2;1.0
k4rtik;588;1;1.0
kidonng;360;587;361;0.00554016620498615
jjallaire;577;1;1.0
xdelaruelle;577;1;1.0
Budda0ne;576;1;1.0
i-ky;570;1;1.0
majed282;566;1;1.0
beanflame;561;1;1.0
rtldg;556;1;1.0
shallowclouds;551;1;1.0
walterg2;547;1;1.0
cvanelteren;546;1;1.0
p00f;536;1;1.0
flack;535;1;1.0
yogurtearl;513;1;1.0
moofemp;510;1;1.0
MihajloNesic;19;250;508;270;0.011111111111111112
eneko;503;1;1.0
bbugh;502;1;1.0
midgleyc;502;1;1.0
Kevenho;501;1;1.0
bl-ue;501;1;1.0
pascallouisperez;496;1;1.0
ZacSweers;496;1;1.0
mithro;495;1;1.0
anuragc617;495;1;1.0
itsjamie;492;1;1.0
qwandor;6;19;481;26;0.11538461538461539
tvavrda;475;1;1.0
wenfangdu;469;1;1.0
alerque;467;1;1.0
lainq;95;463;96;0.020833333333333332
longkai;463;1;1.0
adamint;460;1;1.0
gogainda;457;1;1.0
wooster0;453;1;1.0
slutske22;448;1;1.0
zchee;447;1;1.0
AnywhereSoftware;446;1;1.0
anthony-c-martin;442;1;1.0
Yash-Singh1;440;1;1.0
Spencer-Comin;427;1;1.0
hmarr;419;1;1.0
BenMorganIO;418;1;1.0
virdun;413;1;1.0
wader;8;413;9;0.2222222222222222
onnovalkering;242;411;243;0.00823045267489712
ghaberek;411;1;1.0
barrettotte;411;1;1.0
tonipepperoniuk;408;1;1.0
gwpantazes;405;1;1.0
sig-aarena;404;1;1.0
efwxx;403;1;1.0
sancarn;402;1;1.0
parsampsh;398;1;1.0
davidbrown2324;390;1;1.0
augustoproiete;384;1;1.0
tecosaur;379;1;1.0
telnet23;374;1;1.0
gadhagod;368;1;1.0
tiegz;366;1;1.0
ligfx;366;1;1.0
theonlypwner;363;1;1.0
kazkansouh;362;1;1.0
NikolaiVChr;360;1;1.0
jheysonsaav;353;1;1.0
mohdjuwaiser;353;1;1.0
bkragl;343;1;1.0
pjquirk;274;338;275;0.007272727272727273
fwcd;332;1;1.0
macournoyer;331;1;1.0
ash;326;1;1.0
BenEddy;46;322;47;0.0425531914893617
voskresla;320;1;1.0
JonathanWoollett-Light;315;1;1.0
wltsmrz;307;1;1.0
jonaschn;300;1;1.0
lf-;292;1;1.0
lenormf;280;1;1.0
oohnoitz;267;1;1.0
JackRainy;11;261;12;0.16666666666666666
dillonledoux;260;1;1.0
alienriver49;259;1;1.0
sheerun;23;7;34;258;66;0.07575757575757576
dbussink;254;1;1.0
borisimple;252;1;1.0
ib;249;1;1.0
joelibaceta;243;1;1.0
dbjorge;239;1;1.0
wopian;237;1;1.0
pastra98;7;237;8;0.25
prototriangle;231;1;1.0
marcotc;226;1;1.0
brnrdog;35;226;36;0.05555555555555555
harrybiddle;3;226;4;0.5
seanptmaher;225;1;1.0
rstm-sf;220;1;1.0
Epokhe;220;1;1.0
philass;218;1;1.0
chenyong;218;1;1.0
jdbender66;20;216;21;0.09523809523809523
joaomilho;212;1;1.0
cedrickcooke;211;1;1.0
mortend;198;1;1.0
PieterO;196;1;1.0
Ryan-rsm-McKenzie;187;1;1.0
enty8080;177;2;1.0
yourpropertyexpert;174;2;1.0
JeremyVyska;173;1;1.0
jfultz;169;1;1.0
nadimkobeissi;165;1;1.0
alcuadrado;163;1;1.0
JakuJ;163;1;1.0
Yardanico;38;161;39;0.05128205128205128
Taras1987;160;1;1.0
zyonet;157;1;1.0
brunurd;154;1;1.0
jzbrooks;153;1;1.0
igorsantos07;149;1;1.0
abhiyss;143;1;1.0
whymarrh;130;1;1.0
mistydemeo;119;1;1.0
PatrickShaw;119;1;1.0
FrazerClews;117;1;1.0
fguitton;114;1;1.0
arkban;107;1;1.0
Ulrik-dk;106;1;1.0
huiyifyj;102;1;1.0
staabm;93;1;1.0
mahrud;91;1;1.0
d0p1s4m4;91;1;1.0
Munksgaard;90;1;1.0
robin-aws;89;1;1.0
mcuadros;87;1;1.0
lorenzleutgeb;84;1;1.0
simoleone;71;1;1.0
jazzdan;71;1;1.0
dgelessus;69;1;1.0
stephenthedev;64;1;1.0
ernestas2k;57;1;1.0
mit-mit;1641;10;57;1652;0.0018159806295399517
petelomax;56;1;1.0
Erik-Pi;54;1;1.0
jacogr;47;1;1.0
rewinfrey;42;1;1.0
stefanasandei;39;1;1.0
vdelachaux;38;1;1.0
nathanshelly;26;1;1.0
neelkamath;25;1;1.0
tchatard;20;1;1.0
SiAdcock;10;1;1.0
ice1000;4;1;1.0
mgriffin;3;1;1.0
gunterkoenigsmann;3;1;1.0
shivanik6z;2;1;1.0
kad09;2;1;1.0
ayoubserti;4;1;1.0
arcanis;9;1;1.0
yumaueda;28;1;1.0
karloskalcium;35;1;1.0
meghdadFar;41;1;1.0
thepiwo;57;1;1.0
perlun;57;1;1.0
glitchko;61;1;1.0
msfjarvis;75;1;1.0
dzaytsev91;79;1;1.0
ThisDevDane;91;1;1.0
bakpakin;94;1;1.0
Tusko;99;1;1.0
fishtreesugar;101;1;1.0
link2xt;102;1;1.0
nathany;1094;104;1095;0.0018264840182648401
lucaspompeun;104;1;1.0
PauloPhagula;127;1;1.0
Arv18;132;1;1.0
Ganbin;133;1;1.0
as1ndu;137;1;1.0
ktaranov;142;1;1.0
cespare;1373;143;1374;0.001455604075691412
tonusoo;145;1;1.0
Bluscream;145;1;1.0
kspalaiologos;16;187;9;349;154;562;0.008896797153024912
midoublelo;155;1;1.0
rajinwonderland;189;1;1.0
drortirosh;190;1;1.0
dowobeha;197;1;1.0
Windows81;197;1;1.0
kmehant;201;1;1.0
peterzhu2118;638;211;639;0.003129890453834116
Zehir;211;1;1.0
BhavyamKrGoyal;230;1;1.0
ksolo;244;1;1.0
hellerve;245;1;1.0
jthiesen;251;1;1.0
akalburgi;253;1;1.0
furulante;255;1;1.0
bofeiw;263;1;1.0
iozzyi;264;1;1.0
anudit;278;1;1.0
TannerReynolds;283;1;1.0
dawee;293;2;1.0
Fubaxiusz;324;1;1.0
MoeFarag;329;1;1.0
Giulio2002;330;1;1.0
davidsbond;351;337;352;0.005681818181818182
marcelgoh;346;1;1.0
Varun-garg;349;1;1.0
MWGuy;353;1;1.0
tubbo;364;1;1.0
Jane-QinJ;366;1;1.0
amancevice;372;1;1.0
n3oney;383;1;1.0
Southclaws;384;1;1.0
borgstrom;394;1;1.0
Ma27;401;1;1.0
mwadman;401;1;1.0
amirouche;410;1;1.0
colorchestra;421;1;1.0
myitcv;422;1;1.0
488n235e;426;1;1.0
MarekKosinski;439;1;1.0
jordemort;440;1;1.0
corollari;443;1;1.0
dneprovets;456;1;1.0
asilvis;467;1;1.0
ZJvandeWeg;471;1;1.0
dragostis;472;1;1.0
codingdandy;474;1;1.0
xieyuheng;485;1;1.0
eyalpost;500;1;1.0
crazywolf132;501;1;1.0
Chris-Johnston;507;1;1.0
coldner;516;1;1.0
jimmycasey;535;1;1.0
managerbot;546;1;1.0
pfusik;553;1;1.0
mattmasson;313;555;314;0.006369426751592357
btoews;555;1;1.0
tylerjereddy;563;1;1.0
FreezePhoenix;31;570;32;0.0625
BitBuf;578;1;1.0
haraldh;581;1;1.0
joergen7;590;1;1.0
lherbeur;598;1;1.0
ehub2545;601;1;1.0
ajcz;601;1;1.0
rogerkohler;612;1;1.0
Shan1024;223;633;224;0.008928571428571428
nanaian;652;1;1.0
coolya;655;1;1.0
gburtini;660;1;1.0
tgrospic;668;1;1.0
roujeen;669;1;1.0
gmy0;677;1;1.0
nima-yz;682;1;1.0
pawamoy;685;1;1.0
cyrille-leclerc;695;1;1.0
adelcast;698;1;1.0
jweinst1;707;1;1.0
metagn;712;1;1.0
octref;716;1;1.0
satya980;719;1;1.0
0486;734;1;1.0
tattali;744;1;1.0
adamyi;771;1;1.0
jwpezzuti3;773;1;1.0
simsieg;775;1;1.0
tajmone;775;1;1.0
jsoref;776;1;1.0
BrianQMclaren;802;1;1.0
moon4869;804;1;1.0
noizhardware;817;1;1.0
evhub;817;1;1.0
somebee;818;1;1.0
alexbiehl;826;1;1.0
bsdlp;840;1;1.0
petelliott;853;1;1.0
psaris;854;1;1.0
AlekSi;869;1;1.0
pho3nixf1re;873;1;1.0
greysteil;879;1;1.0
kach;882;1;1.0
gallandarakhneorg;886;1;1.0
fourjs-sse;887;1;1.0
fdodino;890;1;1.0
frangio;117;894;118;0.01694915254237288
oddmutou;895;1;1.0
leogregianin;895;1;1.0
quasisamurai;904;1;1.0
crisward;913;1;1.0
trijezdci;921;1;1.0
ayberkt;939;1;1.0
tkgogogo;940;1;1.0
wcpines;943;1;1.0
buzinas;945;1;1.0
anteriovieira;946;1;1.0
JoshuaWise;953;1;1.0
dstrachan;958;1;1.0
nolanholden;963;1;1.0
simongarland;6;155;966;162;0.018518518518518517
jonathan-fugue;967;1;1.0
mthadley;969;1;1.0
rafael-santiago;992;1;1.0
veox;1010;1;1.0
Szmyk;1015;1;1.0
hv15;1016;1;1.0
tberman;2;191;1018;194;0.015463917525773196
waikarnilesh;1030;2;1.0
Wetitpig;3;1030;5;0.6
LogvinovLeon;1034;1;1.0
Yi-Tseng;1048;1;1.0
brndnblck;7;26;3;12;7;15;6;1057;78;0.11538461538461539
mkdynamic;1062;1;1.0
sunderls;1090;1;1.0
asolove;1107;1;1.0
mlorincz;1128;1;1.0
SumeetSinha;1135;1;1.0
arkrwn;13;1140;14;0.14285714285714285
ahmadsalim;1142;1;1.0
kkodev;1149;1;1.0
jlongster;1154;1;1.0
lierdakil;1180;1;1.0
pkrog;1184;1;1.0
jimmyhuang;1189;1;1.0
PaulMcClernan;1192;1;1.0
otgo;1193;1;1.0
primitivorm;1196;1;1.0
imranolas;1206;1;1.0
jecisc;1208;1;1.0
osorgin;71;1212;72;0.027777777777777776
camilstaps;1217;1;1.0
mwpastore;1223;1;1.0
onionhammer;1229;1;1.0
adius;1232;1;1.0
rmosolgo;1233;1;1.0
dev-ng;1234;1;1.0
jwilk;1239;1;1.0
nhubbard;1239;1;1.0
ruprict;1245;1;1.0
CosmicWebServices;1248;1;1.0
yugui;1263;1;1.0
adamjstewart;1263;1;1.0
mhsjlw;1267;1;1.0
zyuhu;1269;1;1.0
fotuzlab;1273;1;1.0
farbodsz;165;3;1275;169;0.01775147928994083
MasonSu;1280;1;1.0
1st1;1290;1;1.0
PsichiX;1301;1;1.0
MostAwesomeDude;1306;1;1.0
Limess;1314;1;1.0
Unionjackjz1;1321;1;1.0
Zimmi48;1323;1;1.0
ThomasWeiser;1325;1;1.0
agwilt;1325;1;1.0
chillum;1328;1;1.0
itsolutions90;1329;1;1.0
NGPixel;1329;1;1.0
russelldavis;1337;1;1.0
0-Eclipse-0;1347;1;1.0
eliah-hecht-zocdoc;1350;1;1.0
agentultra;1351;1;1.0
zacps;1353;1;1.0
fpt-trungnvt;1365;1;1.0
gavinlowk;1370;1;1.0
AnimeshSinha1309;1372;1;1.0
jart;1384;1;1.0
Glenntobby;1387;1;1.0
AlexMunoz905;1388;1;1.0
steventhanna;1391;1;1.0
pokerfacett;1397;1;1.0
jeroenvisser101;1407;1;1.0
MelissaDietz;1418;1;1.0
hailong-wang;1439;1;1.0
Aakash1312;1446;1;1.0
basvdheijden;1447;1;1.0
VojtechVitek;1448;1;1.0
srijs;1457;1;1.0
haneefmubarak;517;1465;518;0.003861003861003861
al-theinnovationinc;1471;1;1.0
mitsuhiko;1480;1;1.0
piki;206;711;1497;918;0.0032679738562091504
nguyenthaison;1507;1;1.0
slowkow;1513;1;1.0
tx99gtp;1513;1;1.0
ilyes14;1514;1;1.0
Ethanlin013;1515;1;1.0
m2q1n9;1518;1;1.0
penkolebamovski;1524;1;1.0
letmaik;1528;1;1.0
alexcweiner;1532;1;1.0
IonicaBizau;1546;1;1.0
ratherblue;1552;1;1.0
nextbook438;1555;1;1.0
jeffkreeftmeijer;1556;1;1.0
javierfernandes;1558;1;1.0
davidzchen;1573;1;1.0
qwang51;1575;1;1.0
yetercatikkas;1580;1;1.0
whitj00;1583;1;1.0
harpritkaur;1583;1;1.0
c9s;1583;1;1.0
matt40k;1584;1;1.0
danielfx90;1584;1;1.0
takumikub;1586;1;1.0
felipe215;1594;1;1.0
sappo;295;1596;296;0.006756756756756757
bluebear94;1599;1;1.0
catalin-hritcu;1604;1;1.0
HamptonMakes;1606;1;1.0
BerkeleyTrue;1624;1;1.0
radeksimko;1630;1;1.0
khannap;1632;1;1.0
larshp;1646;1;1.0
rafaelstz;1664;1;1.0
todotcom;1668;1;1.0
kellysutton;1671;1;1.0
gitter-badger;1672;1;1.0
50Wliu;1673;1;1.0
federicoleon;1674;1;1.0
chris-morgan;1679;1;1.0
wrengr;1680;1;1.0
alexweber;1685;1;1.0
evgenyneu;1698;1;1.0
erwanor;1702;1;1.0
mark-shamy;1708;1;1.0
wkentaro;1718;1;1.0
stl-sanjay;1720;1;1.0
hanwen;1731;1;1.0
ankurp;1734;1;1.0
Rahat-3858;1741;1;1.0
Ignotus;1742;1;1.0
kirillDanshin;1758;1;1.0
adelcambre;1759;1;1.0
hollingberry;1761;1;1.0
bharatgaind234;1764;1;1.0
pawandeep2155;1764;1;1.0
graymalkin;1779;2;1.0
mojombo;1783;1;1.0
benley;1785;1;1.0
alvarotrigo;1785;1;1.0
MatejLach;1792;1;1.0
Francey09;1794;1;1.0
def-;1794;1;1.0
StephenSeanGleason;1805;1;1.0
assimovt;1814;1;1.0
gsauthof;1817;1;1.0
praswicaksono;1818;1;1.0
halirutan;1818;1;1.0
aoetk;1826;1;1.0
davidabian;1830;1;1.0
Jordieos;1831;1;1.0
CirnoT;1831;1;1.0
ArturViader;1832;1;1.0
Jakemichaeldrew;1836;1;1.0
adelq;1839;1;1.0
yous;1843;1;1.0
Ehryk;1851;1;1.0
RichardLitt;1853;1;1.0
alandipert;1854;1;1.0
MattDMo;1855;1;1.0
pguyot;1857;1;1.0
pzi;1862;1;1.0
Grahack;1866;3;1.0
iggy;1868;1;1.0
kishore31;1871;1;1.0
prajitdatta;1875;1;1.0
luismaqueda;1875;1;1.0
sriharshachilakapati;1878;1;1.0
jokeofweek;1888;1;1.0
oli-obk;1888;1;1.0
logeswarir;1895;1;1.0
jlord;1902;1;1.0
unfunco;1912;1;1.0
calebhearth;1917;1;1.0
palewar;1920;1;1.0
Jonnylim1437;1921;1;1.0
yoosefi;1932;1;1.0
Raynos;1933;1;1.0
tyilo;1936;1;1.0
twopoint718;1940;1;1.0
mollycr;1944;1;1.0
j1n6;1962;1;1.0
mxswd;1964;1;1.0
pouyakary;1964;1;1.0
skyhacker2;1976;1;1.0
maor;1992;1;1.0
myguidingstar-zz;86;7;110;269;1993;475;0.014736842105263158
dlebauer;1994;1;1.0
nexneo;1995;1;1.0
stevex86-old;1997;1;1.0
serg-kovalev;2000;1;1.0
reedoolang;2004;1;1.0
crucialfelix;2010;1;1.0
Z-Shang;2010;1;1.0
Colton;2012;1;1.0
mkrautz;2012;1;1.0
jacobbednarz;2022;1;1.0
euclio;2026;1;1.0
eda-globetrotter;2033;1;1.0
lefticus;2036;1;1.0
acidburn0zzz;91;2039;92;0.021739130434782608
ExaBerries;2051;1;1.0
jknechtel;2054;1;1.0
JoshOldenburg;2060;1;1.0
Lockhead;2070;1;1.0
android-armv7a-belalang-tempur;2078;1;1.0
ikari-pl;2080;1;1.0
vincentmayers;2085;1;1.0
Xe;2089;1;1.0
hunterwayne7;2089;1;1.0
jdf;2089;1;1.0
jemc;2093;1;1.0
frank-dspeed;2100;1;1.0
qeubar;2102;1;1.0
prasannavl;2109;1;1.0
shrayasr;2109;1;1.0
Ocramius;2112;1;1.0
Jille;2114;1;1.0
RyanNielson;2122;1;1.0
AndrewRose;2122;1;1.0
derekprior;2122;1;1.0
matthew-white;2128;1;1.0
RhysRiggs;2130;1;1.0
npk7;2131;1;1.0
lamestation;22;2134;23;0.08695652173913043
jioe;2135;1;1.0
cjxgm;2138;1;1.0
maxogden;2140;1;1.0
cthulhuology;2143;1;1.0
nawb;2144;1;1.0
jaaso;92;2152;93;0.021505376344086023
mbezjak;2154;1;1.0
drewcassidy;2157;1;1.0
cristaloleg;2157;1;1.0
Randonee;2161;1;1.0
permcody;2164;1;1.0
sergeylukin;2166;1;1.0
rothos;2170;1;1.0
atomicptr;2171;1;1.0
cormullion;2172;1;1.0
smo-key;2178;1;1.0
ArtemyVI;2179;1;1.0
sandrobilbeisi;2184;1;1.0
trevor;2186;1;1.0
sigurdsvela;2191;1;1.0
nima;2191;1;1.0
jmromer;42;2203;43;0.046511627906976744
marti1125;2210;1;1.0
bendmorris;2211;1;1.0
osslate;2220;1;1.0
wdblair;2225;1;1.0
oubiwann;161;2238;162;0.012345679012345678
matteobruni;2238;1;1.0
RahulKulhari;2239;1;1.0
kelunik;2271;1;1.0
zhuzhuor;2277;1;1.0
avp;2283;1;1.0
Snakybo;2283;1;1.0
ancarda;16;2285;17;0.11764705882352941
aclements;2286;1;1.0
FeepingCreature;2287;1;1.0
cbartlett;2290;1;1.0
JamieGoodson;2293;1;1.0
rvanvelzen;2298;1;1.0
niallrobinson;2317;1;1.0
briantrice;2323;1;1.0
clange;2323;1;1.0
tomr-stargazer;2326;1;1.0
mplacona;2328;1;1.0
wicker;364;2328;365;0.005479452054794521
jgke;2334;1;1.0
nblackburn;2337;1;1.0
takanuva;2338;1;1.0
borisjoffe;2338;1;1.0
FND;2339;1;1.0
kellertuer;2340;1;1.0
raphw;2340;1;1.0
avgerin0s;2342;1;1.0
p0intless;2343;1;1.0
tube42;2351;1;1.0
mgarabed;2352;1;1.0
j-jorge;2361;1;1.0
Lazersmoke;2371;1;1.0
7imbrook;2378;1;1.0
neochief;2380;1;1.0
Kyros;2381;1;1.0
Pilooz;307;2389;308;0.006493506493506494
steinarb;2390;1;1.0
rodnaph;2390;1;1.0
talentdeficit;2400;1;1.0
eveliotc;2402;1;1.0
JeffJacobson;236;2403;237;0.008438818565400843
EricGrange;2407;1;1.0
fearthecowboy;2408;1;1.0
88Alex;2416;1;1.0
siwinski;2422;1;1.0
marcboon;2430;1;1.0
AlexCeleste;7;2442;8;0.25
plinehan;2;2452;3;0.6666666666666666
xuhdev;2452;1;1.0
KevinT;2454;1;1.0
sshwsfc;2459;1;1.0
pointwise;254;2463;255;0.00784313725490196
robintw;2464;1;1.0
TylerBackman;2476;1;1.0
heaths;19;160;2478;180;0.016666666666666666
whitews;2482;1;1.0
matthewmccullough;2494;1;1.0
mkeesey;2494;1;1.0
jimsynz;2495;1;1.0
ruv;26;2500;27;0.07407407407407407
brainwater;2501;1;1.0
mgalloy;29;2504;30;0.06666666666666667
rvanmil;2506;1;1.0
jkovacic;2508;1;1.0
sr;2510;1;1.0
nikuuchi;2512;1;1.0
josharian;2513;2;1.0
awwx;2515;1;1.0
pbing;99;2517;100;0.02
charonn0;222;2518;223;0.008968609865470852
rlsosborne;239;2531;240;0.008333333333333333
harrypower;2539;1;1.0
agentzh;2546;1;1.0
mdespuits;2553;1;1.0
uo-hrsys;2555;2;1.0
VISTALL;213;2557;214;0.009345794392523364
angerangel;2561;1;1.0
erwanlr;2562;1;1.0
svenefftinge;278;2565;279;0.007168458781362007
adhithyan15;2566;1;1.0
kdt3rd;2568;1;1.0
jeckman;2571;1;1.0
egisatoshi;2573;1;1.0
greghendershott;19;2573;20;0.1
chameco;2575;1;1.0
vapourismo;2588;1;1.0
aeosynth;2595;1;1.0
uklance;2599;1;1.0
bukz1;2601;1;1.0
akyoto;2606;1;1.0
yandy;2610;1;1.0
AndrewRadev;2620;1;1.0
disolovyov;2631;1;1.0
amerine;2643;1;1.0
deanmark;2644;1;1.0
megaDRONe86;2645;1;1.0
benjamingwynn;2646;1;1.0
earldouglas;2664;1;1.0
lucasmazza;2667;1;1.0
justinclift;2671;1;1.0
dagit;2681;1;1.0
scottjg;2692;1;1.0
azer;2696;1;1.0
cptBuggy;2709;1;1.0
fkg;2710;1;1.0
davidmanzanares;2710;1;1.0
schernichkin;2716;1;1.0
kassi;4;2719;5;0.4
XVilka;2721;1;1.0
ericraio;2734;1;1.0
rnagrodzki;2738;1;1.0
chiraag;11;2743;12;0.16666666666666666
rengolin;2743;1;1.0
sdressler;2750;1;1.0
jenrzzz;2765;1;1.0
thSoft;2776;1;1.0
carandraug;2777;1;1.0
wildmichael;2777;1;1.0
tuzz;2785;1;1.0
devn;2785;2;1.0
sosedoff;2792;1;1.0
brooksbp;2795;1;1.0
michaelmior;2802;1;1.0
BaiGang;2814;1;1.0
nolta;2828;1;1.0
mleinart;2832;1;1.0
skoon;2843;1;1.0
Caerbannog;2852;1;1.0
shortstuffsushi;2854;1;1.0
jesusaurus;2859;1;1.0
ecere;2863;1;1.0
jeffreykegler;2889;1;1.0
valscion;2890;1;1.0
eeue56;2898;1;1.0
sylvestre;2898;1;1.0
alokmenghrajani;2906;1;1.0
timurb;2921;1;1.0
jwilkins;3033;1;1.0
adamnew123456;3083;1;1.0
devinus;3113;1;1.0
bkerley;3116;1;1.0
chrispbradley;3120;1;1.0
NARKOZ;3121;1;1.0
drocamor;3123;1;1.0
jovo;3123;1;1.0
Sen;3123;1;1.0
