t413;2016-08-04/2020-01-15
koppor;2016-08-21/2016-08-26;2016-08-26/2016-09-16;2016-09-16/2016-09-19;2016-09-19/2016-10-20;2016-10-20/2016-12-18;2016-12-18/2017-01-29;2017-01-29/2017-03-10;2017-03-10/2017-04-01;2017-04-01/2017-04-13;2017-04-13/2017-04-16;2017-04-16/2017-07-13;2017-07-13/2017-07-19;2017-07-19/2017-10-02;2017-10-02/2017-12-22;2017-12-22/2018-02-12;2018-02-12/2018-02-14;2018-02-14/2018-04-26;2018-04-26/2019-02-26;2019-02-26/2019-10-13;2019-10-13/2019-11-14;2019-11-14/2020-01-15
mlep;2016-04-08/2016-04-19;2016-04-19/2016-04-22;2016-04-22/2016-08-09;2016-08-09/2016-08-21;2016-08-22/2016-11-14;2016-11-14/2020-01-15
matthiasgeiger;2016-06-02/2016-06-27;2016-06-27/2016-07-14;2016-07-14/2016-08-22;2016-08-22/2016-08-26;2016-08-26/2016-11-14;2016-11-14/2017-01-29;2017-01-29/2017-04-17;2017-04-17/2017-08-08;2017-08-08/2020-01-15
mairdl;2016-08-09/2020-01-15
Siedlerchr;2017-04-01/2017-04-12;2017-04-12/2017-07-19;2017-07-19/2017-09-22;2017-09-22/2017-12-23;2017-12-23/2018-02-11;2018-02-11/2018-02-14;2018-02-14/2018-04-26;2018-04-26/2018-05-12;2018-05-12/2018-10-02;2018-10-02/2018-10-05;2018-10-05/2018-10-09;2018-10-09/2019-02-26;2019-02-26/2019-05-07;2019-05-08/2019-08-27;2019-08-27/2019-08-31;2019-08-31/2019-09-02;2019-09-02/2019-09-04;2019-09-05/2019-10-06;2019-10-06/2020-01-15
LinusDietz;2017-07-19/2017-08-08;2017-08-08/2017-08-16;2017-08-16/2017-09-06;2017-09-06/2017-09-21;2017-09-21/2017-09-27;2017-09-27/2017-10-04;2017-10-04/2017-12-23;2017-12-23/2018-04-26;2018-04-26/2018-10-02;2018-10-02/2018-10-09;2018-10-09/2019-02-27;2019-02-27/2019-05-07;2019-05-07/2019-08-08;2019-08-09/2019-09-02;2019-09-02/2019-12-15;2019-12-15/2020-01-15
lenhard;2017-07-19/2018-02-14;2018-02-14/2020-01-15
stefan-kolb;2018-02-14/2018-04-26;2018-04-26/2020-01-15
tobiasdiez;2019-02-27/2019-09-04;2019-09-04/2020-01-15
davidemdot;2019-06-05/2019-06-14;2019-06-14/2019-08-06;2019-08-06/2020-01-15
sidhyatikku;2019-10-18/2020-01-15
