sha;author_id;date
cd527777b2bb3e4cd727ef149d490a9359a61046;jspahrsummers;2012-07-29 22:41:54
18f2d20697484f6309e5764d65785db4b02f9743;jspahrsummers;2012-07-29 22:45:20
fea91bd3e60544f8dbddb99b9130f2a1bf677b4f;jspahrsummers;2012-07-29 22:46:19
ba3d7d25fba22b0d9dee69c3dc78849a5afe6d57;jspahrsummers;2012-07-29 23:02:00
262d96d25f819f4445c5704cbbdb0d55b0e7108c;jspahrsummers;2012-07-29 22:53:20
1ee4f6c7c05e66f2d0595db5096f97126a8325e2;jspahrsummers;2012-07-29 23:07:22
b1042820effe04dbe688bc89c665b78a3b3ca32c;jspahrsummers;2012-07-29 23:09:36
759407a78fcebd0c2af89a1cfa6b559c4756110e;jspahrsummers;2012-07-29 23:17:49
77e70975b7b146acfb34b89801f1df8102ef8fd0;jspahrsummers;2012-07-29 23:22:24
5511bdbde04bc5fb4954f3b943821d70450146f3;jspahrsummers;2012-07-29 23:30:57
19e619811374b066ceae658078610e0a78d3a5ec;jspahrsummers;2012-07-29 23:35:51
88f289739f9d14ad78b9c6f971bd3439b7c74ca4;jspahrsummers;2012-07-29 23:35:57
5fb296aec383388022fc6a9f2bd963458f25e698;jspahrsummers;2012-07-29 23:40:50
6dcdf9927256cc40661e38f9cb1c9b20be3914f6;jspahrsummers;2012-07-29 23:49:36
bd9c995d1dad66da7314c3ab877e87d134d70158;jspahrsummers;2012-07-29 23:49:45
5c3c48b62906b7f52deadb04cffe1a27af24db06;jspahrsummers;2012-07-29 23:57:46
56d6b24cf32181c16764b6cd998360f6c6f1a34f;jspahrsummers;2012-07-30 00:07:55
d7db663f83bf6783b58c569be2176e9e846558a6;jspahrsummers;2012-07-30 00:36:20
19a4c3143da7f02647bdb6862928dde7d2fc7c10;jspahrsummers;2012-07-30 00:42:36
0c0ca719f4adb11f63cf3eb6ee358c50b225542a;jspahrsummers;2012-07-30 00:42:54
bc714976980cda54f922bc8a4649501d688ce705;jspahrsummers;2012-07-30 01:07:36
2a3e7bf6290b0817f6dbf37af8f12df3b0d48530;jspahrsummers;2012-07-30 01:08:56
ea3c5f7c34bce9f7e79465fd4ee3fc88eb6d447a;jspahrsummers;2012-07-30 01:16:12
ac7c18e6d7bc97de583374cfc7c01acdbb48af28;jspahrsummers;2012-07-30 01:22:26
6945b708e03532ab936479e4b3c6decc115bf157;jspahrsummers;2012-07-30 03:27:56
867425374dbecc1b9703d3db6dc1a75b168e79b7;jspahrsummers;2012-07-30 03:41:48
f740796f77e6c41318cf886979d6f9551fd419fc;jspahrsummers;2012-08-02 21:51:32
e881f3bcaf4bab4182a6ff82c65a4986b6fa3f41;jspahrsummers;2012-08-02 21:52:13
740923572f76bd512e76e1cf12a96af13bcb57b9;jspahrsummers;2012-08-02 22:08:28
6896e9a358dd08af0836ed97eb3003fc0d2f8d2f;jspahrsummers;2012-09-05 00:14:12
6fd19af5fa949188d0ba57ec2886574fe100fc18;jspahrsummers;2012-09-05 00:20:11
da979819680b8653e43bdcc27f4c9669746bcace;jspahrsummers;2012-09-05 00:29:03
737c728dc6396dede0f3949f6fc2c5ca7933649a;jspahrsummers;2012-09-05 00:36:50
130437e10101470d0de3f2759a64259c1d1951da;jspahrsummers;2012-09-05 00:38:10
a89a6ddb9a80d1a75973cdbb9965af94fdfa847b;jspahrsummers;2012-09-05 00:41:14
a85dc52bf69137b1ec8dd8061057f02038b9916f;jspahrsummers;2012-09-05 00:44:42
48761df0ab9c2db3a7275f63f363d53cfd76e4e9;jspahrsummers;2012-09-05 00:57:11
f68767042ba780d031d85aab227f69af23de050b;jspahrsummers;2012-09-05 00:49:01
4ef72457fd63654bfb021c4efa67cc7b6404fc6a;jspahrsummers;2012-09-05 01:02:36
ebc1676f2b00e95863003e041422fd40741e0157;jspahrsummers;2012-09-05 01:04:44
7106eb4ec130b4bda5322a410ea91ec53b001d2c;jspahrsummers;2012-09-05 01:06:08
e26d48fbfd6f37471d540a978ed883f7d03d08a2;jspahrsummers;2012-09-05 01:07:35
dd6e725d54b4717963e2d23fdd56ec7ebac5aa0e;jspahrsummers;2012-09-05 01:27:45
1a6fd8b6629d60ea3376ddfed3bdec043ee5accc;joshaber;2012-09-05 01:44:47
5e43ac9a4f22dc644d2afeafa887efdfc07b495a;joshaber;2012-09-05 01:45:50
f45e8e4a397f09b8fea03af68f5d0634783f6962;jspahrsummers;2012-09-06 23:31:53
b41c173965acb5cf764db9fae286b1d3cc812c83;jspahrsummers;2012-09-10 21:12:21
71199f664e9c3bbf3f705894cb5275624cc9ebe2;jspahrsummers;2012-09-11 17:24:13
f329804a1debefc748a23f6650edbef373975627;jspahrsummers;2012-09-11 17:56:07
e3669b1f58862b818370ad71bcf79d44a39ba4aa;jspahrsummers;2012-09-11 19:22:48
818680d2c2d294ad8095e08be536f1a40768bdda;jspahrsummers;2012-09-11 19:39:28
a02d6c419a86faaddefdbba937f572424fb5fc5f;joshaber;2012-09-11 21:38:23
f0827f4e3ab21a9606df80893044db780c0d6a8c;joshaber;2012-09-11 21:38:46
374bc37ac3f1f8b0c18cfa24372245a9afe538b4;joshaber;2012-09-11 21:38:52
259834ffd3646e2c0ae5d0049c5e6b8a1b1bcb20;joshaber;2012-09-11 21:40:51
0556d520081f3cec98fc67f5db975edda970b7f8;joshaber;2012-09-11 21:41:04
c096b1e8b73e678566c8004e417e245a8031b898;joshaber;2012-09-12 14:19:37
8ef70f4ac6636db0e6247a84b258e4814c563247;joshaber;2012-09-12 14:20:03
8ebb21dc876bfa80cbec32cf5d7a7ebe76c7a696;joshaber;2012-09-12 14:20:11
5d6f04621311de5c03b1c7d0b4ab1c1024ed17fa;joshaber;2012-09-12 14:24:36
acacfce78bb7739c15c22927ffedf511779d23e8;joshaber;2012-09-12 19:14:28
612d594f987c2247e4fd2cbc99b3552b15e6db00;jspahrsummers;2012-09-12 19:23:31
003819f832107bf90b5fbef4004aab5ab00fe82a;boidanny;2012-09-13 07:50:14
52626dc1a719bc6a7405e10146723660512e9c6a;boidanny;2012-09-13 07:55:53
dcc9d799ebb7bbf1dc7cb519a79ee3346bb683d2;boidanny;2012-09-13 09:47:43
271a538c08d8061780919bfbf041af31e09603b2;boidanny;2012-09-13 10:04:10
e51d6b614775995798b5545b247bc59fe7f4805e;boidanny;2012-09-13 10:05:22
4ac9340eb40dcfa6cd70e9ffac0a832fd2e3ac04;boidanny;2012-09-13 10:13:16
740e339e48834641941df2d5f183c688d637e6db;boidanny;2012-09-13 10:19:34
ac3632fe44c1ad73d5439d088908a25c4967cb62;boidanny;2012-09-13 10:28:05
91280ffd6d4cf1c086ce54b5cc5358f75f6444a1;boidanny;2012-09-13 10:32:27
bffd24d4b837eeeb90417d1b442fcdf5f9ebf30c;boidanny;2012-09-13 10:34:43
f8613ff3b9d13c6f4853c49eeabe78ba499fe27c;boidanny;2012-09-13 10:37:06
daa8a11fa38ebfd59137f55d57bd48f806345c5f;boidanny;2012-09-13 10:55:07
31181264834796940cdf6c4c1a722c33d181585d;boidanny;2012-09-13 10:58:20
5bb3d3c206e9d32082eb5fcdc51fbbe644eb842a;boidanny;2012-09-13 11:01:57
13fac4decc35f1219f09f0f823c81fc3078f4f3c;boidanny;2012-09-13 11:35:11
c4c7f75d3d4750f485353431b30bcbfbd029096d;boidanny;2012-09-13 13:29:12
665ff452f4d0a2ed0272a49137f6fc9126e4aa6c;boidanny;2012-09-13 13:52:57
e306bdcf93602bcdda736b8c8041cb3902b19858;boidanny;2012-09-13 13:55:39
e869060761313ccdcac12e2d0a4a2d0deeeddf07;boidanny;2012-09-13 14:19:08
96a77ea9397e540915556ce8f8e4eb29bf2284b2;boidanny;2012-09-13 14:57:59
ff25b1d9ab73963eba259dc74ba5505bf52db0f7;boidanny;2012-09-13 15:37:04
5115f914205dc58cd9246edba0c7518e772d2612;boidanny;2012-09-13 15:52:44
c52385ad0457e743bcbaef4e79123eb5fa505e1a;boidanny;2012-09-13 16:03:21
85430193c9a25a922628d1da70fcf7daa450438b;boidanny;2012-09-13 16:13:33
e2b8f673447374167c5c5b1b0d8602dc1ed879b7;boidanny;2012-09-13 16:37:36
fb1fb805a0c1af8e0ef0eadbe585191ca4f870c7;boidanny;2012-09-13 17:33:18
49bda7143c03af594e9e5b3af5ac44b7334d47b5;boidanny;2012-09-14 08:13:36
fc5216f647296f222595cf8cf46c18d1e14ad008;boidanny;2012-09-14 08:19:02
ac6e1b48e16f6755aec3599823ada3926769b5de;boidanny;2012-09-14 08:19:26
3f4eb7a536989455d4f2bc5f43b894fc5852e554;boidanny;2012-09-14 08:25:28
fdbb0c82ea63699559e3b81588a4d7935de28d4e;boidanny;2012-09-14 08:27:17
8ece5dd620abb89311185d58269e9809e3299ced;boidanny;2012-09-14 08:27:30
3dff2aa1ccc7a9b5a6d470efb3df033db15c1702;boidanny;2012-09-14 08:29:03
d74b66085e217ad778a94e819112c367db11e211;boidanny;2012-09-14 08:30:01
3d7345e9981e5cd245461ffc5ba68b1a750b7985;boidanny;2012-09-14 08:38:23
9b370bfca6f9549de31345d816995de23c6ef581;boidanny;2012-09-14 08:41:54
852e1936ea71694566980f0076e9b365dcd8f07c;boidanny;2012-09-14 08:43:59
82f4f9e149776738533bcb9861cd57e95a487720;boidanny;2012-09-14 08:57:24
69ff2ce1266e716929888bf20451d143ea61140a;boidanny;2012-09-14 08:57:30
6ea520cc78e37d4a4d8120836107d3c76127c4bb;boidanny;2012-09-14 08:58:44
7d7534c5feaf1e1ae11e2377539337a974f8c88d;boidanny;2012-09-14 09:33:50
4ddf6624b97ea99cdda138f1ce742c6944ce1732;boidanny;2012-09-14 09:54:38
4bd8741e241099de8e2ca44329362ce6c3ef3301;boidanny;2012-09-14 10:13:03
d424c2a29dcb4186e9a1dca94748d3306208b7a9;boidanny;2012-09-14 10:18:24
b68df498d333c0a20613610d9cf4da043257a9c3;boidanny;2012-09-14 10:19:43
e0a4be7bc431738d12f91f39b7d520af8c40ee33;boidanny;2012-09-14 10:22:41
474f0f94cd752a25b39086e1c0a56befc74c0236;boidanny;2012-09-14 10:24:48
def485a99813eac111e5481c5d28c982b1002582;boidanny;2012-09-14 10:25:57
f9803121e75ad5e1163273d3c7acaf419227b419;boidanny;2012-09-14 10:32:09
600746dbb4934d1d91f16ae5686123b24db00810;boidanny;2012-09-14 10:32:45
96476123908c6842a9ab5688151150b7c86d6b92;boidanny;2012-09-14 10:35:44
e9efbab8cb409f0eea98e6eeb4a3e6e86557132d;boidanny;2012-09-14 10:36:40
5b27c5b24d2a6eba470a75372f3e5dddb898cb1d;boidanny;2012-09-14 10:39:00
e15a37884da6913ff6848259386912cea98ad441;boidanny;2012-09-14 10:40:26
ee03572c3533aa4718e53b9811251b0d14be1beb;boidanny;2012-09-14 10:45:32
760d06217da7608a95bb6a16796023aa34a34a49;boidanny;2012-09-14 11:28:58
74720b0503e8cd82608929b38dfdb0cf286cc2a8;boidanny;2012-09-14 11:35:24
340c9463cdcdc269b7de93b6d3658d8151803423;boidanny;2012-09-14 11:42:36
73a847ef6fc8a3b5255b8a8c43fcb38be33ec7b4;boidanny;2012-09-14 11:44:23
009b7e0d6fab1d0ab243256d51ebabeadac9a06b;boidanny;2012-09-14 12:14:03
900622c18795ed18bcb522056523b5f5db115188;boidanny;2012-09-14 12:47:40
7be79ac864053b6997c7dcd9ca06f9210b41026a;boidanny;2012-09-14 12:49:01
c83f0cc06d60dae10f396ebae079d6997b4d7375;boidanny;2012-09-14 12:53:10
250f4604f36dd740a0b624529d78ea71bd05edc9;boidanny;2012-09-14 12:59:24
b3871674fa11ff2540661357cf5e135e8a4b5de3;jspahrsummers;2012-09-14 20:40:46
cdb91e59da1722ac752e97baaeff633551716469;boidanny;2012-09-15 09:23:08
661eb431b8cde4a8e04e555fe714a6bbf849dc39;boidanny;2012-09-15 09:23:34
a1503e2abd5a97dff634b7feb980d0d316d38792;boidanny;2012-09-15 09:27:30
313c4f7d9e8c62c5dd0b656aae7d5a827a3ae899;boidanny;2012-09-15 09:31:25
0e22d2a55d49f50a54d9debc0b474dca766f205d;boidanny;2012-09-15 09:37:51
153f2a59baa146ae100cc7ded335f077dc9d01b8;boidanny;2012-09-15 09:49:54
1aa3662e093fe50a138c9d6330f2346ae81ee25f;boidanny;2012-09-15 10:03:07
eacd09bcbb66820a59cca17161536917688e98c4;boidanny;2012-09-15 10:03:55
dc406c91f1db460e8bdcbf62d72ad6052d6e8770;boidanny;2012-09-15 10:12:05
4b7e1b7db82d347f32e97ba5828510f16f2b0c25;boidanny;2012-09-15 10:12:51
87469dbd635a85eb414c5ef454d45d49ffc8ef15;boidanny;2012-09-15 10:39:31
68b14436c992e179d858033095a80d3165d2d760;jspahrsummers;2012-09-17 05:23:12
f427b013cbe0bf22ee0c621530f362371711c089;boidanny;2012-09-17 07:41:57
17e787de8a973a5a7211907bf3494c87ee79ddbc;boidanny;2012-09-17 07:45:52
0f73f22a9a23568c3ebf764e925b092bf72efa4e;boidanny;2012-09-17 07:46:12
3636e4aae687f5ed70e94f645bc8891f9737131c;boidanny;2012-09-17 07:49:07
b54a602eba18dd6642f9e7d4221c360d73744e9e;boidanny;2012-09-17 07:50:28
35109e0893635b8722995a32674255906162e1f6;boidanny;2012-09-17 07:51:35
9047d98cacd43e6c77032910c2d129ddf0f7e757;boidanny;2012-09-17 09:34:09
e2d23c4afeee259b9bf7bf87810cc2cecb8df754;joshaber;2012-09-17 16:42:12
916afb1a8af7c6cac4322e9257d04487733161a8;jspahrsummers;2012-09-18 00:34:01
078ac4f111a4d6181dd6b8eb2557c35e24bedc39;boidanny;2012-09-18 09:27:14
4c5a073cbc7dd98c2f45419758ada873b968d3da;boidanny;2012-09-18 09:32:02
33078cf7292e6c3e24feb9b3dfdc6aa238b7dfc2;boidanny;2012-09-18 09:33:11
03d1a3a19e24d39f834c11675bdfb5b6ec1d82d8;boidanny;2012-09-18 09:36:16
821f93296836ab38a615bc7456bb400491a6b2b5;boidanny;2012-09-18 09:42:11
d863d00b6aa91da42dd5ab1c759c6a76b95742a1;boidanny;2012-09-18 09:45:34
8908964e0345b3bd4c8d3a68da211606689d5bc5;boidanny;2012-09-18 09:50:45
b9c99825db5d628d90e524897c1f0975de63ee9e;boidanny;2012-09-18 09:53:27
d7f6b00f80dbfa95a216ccc09223fa13c93d9382;jspahrsummers;2012-09-18 16:06:22
0781675bc31965866e80c6316145ab4670f6f415;joshaber;2012-09-18 16:23:49
8380d80699ee0749133f7ee4406ff1f6fb838764;jspahrsummers;2012-09-18 16:39:38
ba34f57ebd322d06c3ad5d5b92edc8bed6444496;jspahrsummers;2012-09-18 16:42:13
b59637b4debd0b8b9ffb8e1dd4d403e83ef33cd2;jspahrsummers;2012-09-18 17:08:41
88934d132ef2c7ea45d603e5a8855956ca439cb8;joshaber;2012-09-19 14:46:51
a65f6c81846c08d31c9387f7a66f97d62f1f1af0;boidanny;2012-09-19 18:04:51
b4bfed4716e9a569cb783250af4300d148154b8d;boidanny;2012-09-19 18:05:00
8527a108e38073ede8ec001f2b83d31027c6d1da;boidanny;2012-09-19 18:10:40
2c561c7551b535bdf33fb9e465ceff22bed1c603;boidanny;2012-09-19 18:11:10
1abe48b29df4fcd1345a2499e9f7ca4cdb8c7ac9;boidanny;2012-09-19 20:24:18
5049b6bb5cbd9052fa7644bd84f4b2645eae4227;boidanny;2012-09-19 20:31:03
5ef784c1bb403cb8e410415664431cfcc906bee6;joshaber;2012-09-19 21:24:17
b0ff26c6ff4f82a8db17952c6f634ee2ab45b3ec;jspahrsummers;2012-09-19 21:27:13
fadadb17dbbfa5ef72eb7107cf36572cdb15c272;boidanny;2012-09-20 18:09:39
1b06fa7752ae8b62a04db54523f8eb4a7acfb01b;boidanny;2012-09-20 18:09:58
6f276d3a072312644b11bd60b459e2ba1f205604;boidanny;2012-09-20 18:48:48
b04a04de9f876a46b3de63855d060982d0286818;boidanny;2012-09-20 18:48:48
3004e996f0f4eede29008c04bf11dc31b84cd875;jspahrsummers;2012-09-20 20:57:46
e86383be5576eae8567ee8336f48da4a207b86f2;boidanny;2012-09-20 21:32:06
fd0e10bd728f22784f879a840b008771a0986e36;boidanny;2012-09-20 22:28:23
dd5c630f1038f3f27de7145581d5c6332735a8ac;boidanny;2012-09-20 22:28:53
84d06d3845423ca3350e0aa42c95dbd96a7bd5a7;boidanny;2012-09-20 22:29:09
e37b3f6c41a056e982fc256f04070f0266cad058;boidanny;2012-09-20 22:47:14
bd11df758adbc98939818a0c32a9303837848db6;boidanny;2012-09-20 22:48:09
9a0e7bc96fb9aab219664974c5ded451a44165b0;boidanny;2012-09-20 23:05:26
490f7db258d76be7c702ba1e97cf2aa4f625fc41;boidanny;2012-09-20 23:05:50
cfa1d831d22cbf532c387e689262d2cb1f8a4765;boidanny;2012-09-20 23:08:47
512a703bcb5f6bbefa414149a0b4b3d25890051c;jspahrsummers;2012-09-20 23:10:20
d8100c9caea5b397e41533bd82307da3190653b1;boidanny;2012-09-20 23:11:04
35b4dbbb19497cb8970588aa5092b16357168ef1;boidanny;2012-09-20 23:17:43
0ac2f80087861fe88649ed9f5dd04fdc5474ba8f;boidanny;2012-09-21 01:05:03
2e7f2163c7273a2db3de35d4ceaba0127ffaa3d5;Bigboybad;2012-09-21 01:05:34
63f2625881d169b5aead2e9dc326cf6f0c44df67;jspahrsummers;2012-09-21 02:48:07
545a1bfdb2abb2faf16f44854214b582416ffea0;jspahrsummers;2012-09-21 17:45:46
abd9edb661f6b097e92f7b968948fba561f72e7b;jspahrsummers;2012-09-21 18:11:09
41ddf58c33d2575f53daae1fb9d67ff3017e3b89;jspahrsummers;2012-09-21 18:12:31
8e9c863786d8fdd2479f611d626f09c2888ea9eb;jspahrsummers;2012-09-21 18:13:43
c46a668449dd1da4add80414695b1b734bd46373;jspahrsummers;2012-09-21 18:34:18
c5fa09949b8e82d04c001334604cde85ce803c54;boidanny;2012-09-21 21:21:37
a0e5edaf55569d5e649c7cfe810b511e77a2e858;boidanny;2012-09-24 17:40:34
e6edc33bb19466c639f32902fc64589bb3fda5c6;boidanny;2012-09-24 17:43:27
1e4f5829cc065f0e92484b60e81c5af05cd7736e;boidanny;2012-09-24 17:45:57
054a1105f43ec1be3b61c2e58e89b419f1fbb1ad;boidanny;2012-09-24 19:49:01
152ca420bc1ee92956b669f57471386e027d3340;boidanny;2012-09-24 19:51:42
73aaec5843723b4bcd582e0a06a4de19003697b0;joshaber;2012-09-24 19:57:13
44da3b59d484cd0da39077c293f617ba00e1a6ac;boidanny;2012-09-25 19:33:34
f7eb59beb73c7494cdd640dc30b6e736368000d5;jspahrsummers;2012-09-25 19:33:36
17044ddcc5a3e3dfc1b8f8f47f973926a9daa261;joshaber;2012-09-26 16:02:29
ad4a639ded93e12f23c25a30aaaf97af893044b2;jspahrsummers;2012-09-26 16:09:59
f3efce6546db865db9cc3a2ad38d1add2ecd896f;jspahrsummers;2012-09-26 17:13:52
878ecae0bf4a7b665e91b11ae9da0f578115ab15;boidanny;2012-09-26 22:12:52
718abe379a5fc56956210dcc8da61de7b6af16bb;boidanny;2012-09-26 22:43:40
fcf49ef830b74cb81dfefda21973b5ad8d4c19e9;boidanny;2012-09-26 22:51:50
f438b71b47c237284efeb8841a09dd20d7dd359d;boidanny;2012-09-26 22:55:27
5a895c133356ba39a7e3fba4d50b9369506e7a30;boidanny;2012-09-26 22:56:34
b69d9ed93d85835267bd5df51d3160be1057e1ae;boidanny;2012-09-27 01:52:25
36c47ca05e10f04ea1e8d71bf716941e97eb9846;boidanny;2012-09-27 01:56:03
b500f5365a5f77d1bc05284696e984ecd22564b8;boidanny;2012-09-27 02:17:56
8bada76f095bf798230c59f8d2855ffcf759e0f2;boidanny;2012-09-27 02:23:40
2fb8697baeddd78e21615ae155d8fbe9ae8898af;Bigboybad;2012-09-27 02:32:08
901ed911445539f9daebbe9cd580976df6c5a872;jch;2012-09-28 06:33:45
95ff04212dbb680d6fae0c98af219e61b2ebaf4f;jspahrsummers;2012-09-28 22:42:10
87e2ca03658d98de42f847ec5dfd6360d7662c67;joshaber;2012-10-01 20:29:52
53572a1601af9afeb1819bf2bdb496c59890bea9;joshaber;2012-10-02 13:19:56
3650536a528d995982e69032f4777987b60f7f00;boidanny;2012-10-03 21:15:21
e348d6f4559da2e87750c5eb75b91c32dcac5ca6;jspahrsummers;2012-10-03 21:21:08
d04445369ea4f8168bc369c103125e357645a3d5;joshaber;2012-10-04 18:26:00
84fa73a3e1799c335a66dab9ab0fb09389948675;boidanny;2012-10-04 20:28:41
a329f6bf1c504984b1da946bbcc8865764a41052;boidanny;2012-10-04 20:32:29
80331001a258f3594d775ed2ace5fb39fe80ff27;boidanny;2012-10-04 21:15:36
0870aac94e7b5bb256fcf45d556238e457eeff6a;jspahrsummers;2012-10-04 21:34:13
d28834d91e3ccde64789f42e26206760285994ce;jspahrsummers;2012-10-04 21:36:27
4ab70018598ab172bb420a1c2e0f3b7d52e288f0;boidanny;2012-10-04 22:31:12
294ae055f8ce87c8894eb660a678de9d1bb4cf78;jspahrsummers;2012-10-05 00:48:26
83e890d5c23d3c38f3c4e2a7453e72cf55b7aeea;jspahrsummers;2012-10-05 16:23:10
ef26d2db6d5d7d72066f26a501ad099a637ea2e1;jspahrsummers;2012-10-08 17:01:59
458e19ef87e2ba65f049c8d2b7edda2a1f121719;jspahrsummers;2012-10-08 20:48:25
f6b8d3b4580eacd57271bf0c9e311d9f6520e1a4;jspahrsummers;2012-10-08 23:33:38
5fc186d9d2248d1dc8e0cf401b42421800b079ce;jspahrsummers;2012-10-08 23:37:38
ec95eec98576b6b83882abdc5e89e9808497fb17;jspahrsummers;2012-10-09 00:05:25
4a8b3441d70f8d8b9854339d576697bd1b6c391b;jspahrsummers;2012-10-09 06:11:09
a050517f0d534c82bd4e6fcdf37f744ea1a362d7;joshaber;2012-10-09 15:49:02
2b000f0b521deb0ac49b76e92ea5ef129137f357;jspahrsummers;2012-10-09 18:20:37
b3bb5a70b5716d66f7ae5969dce30ed893b149d6;Bigboybad;2012-10-10 08:25:36
ed5f6c8b39f7efe8c7ce1fd35e108797faf08d51;jspahrsummers;2012-10-10 15:43:47
164dba63c6ed94d2629c586bdb0ed7d3b77ec7ad;joshaber;2012-10-11 14:19:30
4dc401d833dafe5c9ea2087da66d99c432f182f7;joshaber;2012-10-11 18:36:53
1caec6f194213688e9eca1386df5be38c67864e5;jspahrsummers;2012-10-11 18:40:38
0d93e30b8ad6fa05505afdb78ee6e99608512e5c;joshaber;2012-10-11 20:07:16
aba562a7df03b5cedf21a122fa50d0576d6bbf5f;joshaber;2012-10-12 14:17:32
a8b7f53b8a704a689b7ddc9c65a59d91af43ca5d;boidanny;2012-10-12 15:25:16
4e893b4b15c3491a7ba7de1d47d14e70358068ca;jspahrsummers;2012-10-12 23:02:13
424b3a81a4410ddec1e5d68d54aaf06a692172e2;jspahrsummers;2012-10-15 17:19:33
f90a5173d6a06dc88f4e562f28a1d1d6ccf83a6a;jspahrsummers;2012-10-15 17:26:02
5b677fdc8aae011e8acff5c5a0716a448da2cf55;jspahrsummers;2012-10-15 17:26:24
a6770e402dec66c4551cd336f8871f1d4272f7aa;jspahrsummers;2012-10-15 17:28:12
f7237887c593d530439edf19e6ce1db841e96b07;jspahrsummers;2012-10-15 17:37:54
1433ebb214c97593137b051ad40b22f0ad8d9097;jspahrsummers;2012-10-15 17:40:15
8e7775f702a64455d8b9cf1da8e835269b232839;joshaber;2012-10-15 18:48:15
5dd743229777f3a6c983d4c0e358faa21852d2bf;joshaber;2012-10-15 18:49:15
9bd339bfb8f6cb17e9c6ef4e82abb84e9dad88a1;jspahrsummers;2012-10-23 04:13:04
1275dee9ea4cda112eda2848620cec3667dfa316;jspahrsummers;2012-10-23 04:19:53
20493f419222a3d287f58c12eff2a3e1bd598ccc;joshaber;2012-10-23 12:58:24
9e0e0d6058140b898f3f362fd31f04b160e787b2;jspahrsummers;2012-10-23 18:46:37
e778421aceb3a1360cb6a3817ff50f99184720c6;jspahrsummers;2012-10-23 18:48:56
fe08b3545fcc77155dfde01ec4476e3b9a626527;joshaber;2012-10-23 18:49:30
b52ccce64278f4fd21b502d95af0fce73faa34e3;jwilling;2012-10-23 21:25:17
b96f1ea9b2f7e1fbf8518db71bc8c791d61b32bb;jwilling;2012-10-23 21:27:20
3a3cc6361626c3d18c1d0d3b7be27e5f9a367799;jwilling;2012-10-23 22:36:58
8f47fa644d2b4b51a8356afce62c09d8f16d3410;jwilling;2012-10-23 23:46:11
9f90894c0a41d2a9dc4992f63577adf0ae533615;jspahrsummers;2012-10-24 00:04:56
56c87492997d29ca46b070c91f3bac8c726e1b1e;jwilling;2012-10-24 14:54:03
3ca877ea1c3f893cdb78683e463b439100c020ec;jwilling;2012-10-24 15:01:19
33cf90ca9d20327f667a6e8b4fe2bbb5a5003256;jwilling;2012-10-24 15:03:29
69ffac3f7811759cfaa859c927572092eb632000;jwilling;2012-10-24 15:24:50
a71e5570d867618a4829b2e5bf75bd2443455ede;luosheng;2012-10-24 17:25:09
3d8a97e842b8d850949411c4d0ef21fb2124089c;jwilling;2012-10-24 22:50:31
875cc107c094b54b0d16353607b68ebcc9a0e35e;jwilling;2012-10-24 23:04:22
2361067e7391330f1ddd622be9eb2bf660b6f681;jwilling;2012-10-24 23:09:28
9694c86344bc4cc711d307ef2c59e78f7a0c65a2;luosheng;2012-10-25 11:36:55
7391dc0c44617b4ff4883c2d5c57b0b3804c317d;boidanny;2012-10-25 12:49:33
b8778ffa827f9b0504f0277878134d010cc4702a;jwilling;2012-10-25 16:05:33
19c76a3f5370e2584a40bb958032c542847310f4;jwilling;2012-10-25 22:35:11
5ed7ec3bd9888f2adef3366f656644d756d912eb;boidanny;2012-10-25 23:00:27
3c101a63c79892673e26e9fc3ec7ea5366add4c7;jwilling;2012-10-26 00:42:18
729e938504468515c43495a0bd78f45c714e8c30;jwilling;2012-10-26 00:44:09
959d726b32237352e16b0936af42df3f013f4ea4;jwilling;2012-10-26 01:37:35
65cdfe4454939414628e72128e06c700a0651e6f;jspahrsummers;2012-10-26 01:41:10
a0e5cc58ba4c65d2a11776aca3303e10ed164068;joshvera;2012-10-26 04:19:46
03f3c46a37087cd8c126c486a18388e721b083b2;joshvera;2012-10-26 04:20:40
a20e6ed64284d890762ce2206c890f57f1503bd8;joshvera;2012-10-26 18:45:26
2763201ad1d07e97fd1786ed3f42f46cc3508e3f;jspahrsummers;2012-10-26 20:30:35
3cb9998e9b26e0cd7b27314583049b17ba6b5799;Machx;2012-10-29 21:17:25
818f6e017546f39977eca2046f8fb71d26f50489;Machx;2012-10-30 16:51:36
5ab1a0517f977fe50e5940e2a4c83ee375ab6690;Machx;2012-10-31 00:21:34
60f855cc66e741236bc871ae37bd6dccffde7aa2;Machx;2012-10-31 00:46:10
a2cbab8cd3051f09469247ef8b1ad6ad4a11edd4;Machx;2012-10-31 01:18:41
8c94006b149eda951bd13a30b33440206f35fad6;Machx;2012-10-31 01:56:39
a11eb484e9cfbf9f50b1e74247d9f18feaec231f;Machx;2012-10-31 23:53:10
81aa6fd5d84929709c2206772d2c860a3565aede;Machx;2012-11-05 20:44:27
7f362f943a1fbac9f2441a00c51563c2acbed03b;baz;2012-11-06 22:02:39
d725fc771da9e4051e292ed7abf0724b8b67f917;baz;2012-11-06 22:08:46
c58b60fc3bd1ee5e7f758f5cdea9106ed76cb429;baz;2012-11-06 22:22:15
1816ef692edaeee352ad985983aa71e37b8d0bb0;boidanny;2012-11-06 22:52:41
2fb6af31aecb5d3440687078a7efff22f8e5acf3;jspahrsummers;2012-11-07 17:49:18
7ae3b2109c54b8473ba426c9813143ccf75e63a0;jspahrsummers;2012-11-15 23:32:22
297c7d72721a9c396b0d2e578674efc56bd80cb2;jspahrsummers;2012-11-15 23:33:47
0cf60b3bc9e7442a3f1a91b41b623d760d8de47d;jspahrsummers;2012-11-15 23:33:51
ea9d661b08fc21566fb7ed97705924ef116f98da;jspahrsummers;2012-11-15 23:35:11
2315f5587e4db9bc28deaf6fe1e322c514e1f8d5;Machx;2012-11-19 04:13:43
38929552a70e97b2d03b65afd9d318bac644b52f;jspahrsummers;2012-11-20 21:58:46
e0cbb42ea403b81e06e343cea0fffff24bfd5818;jspahrsummers;2012-11-26 07:14:39
c48bb20e9d4b6ece4afe15ec6aa92d9ae043c043;jspahrsummers;2012-11-26 07:17:06
7876253145f3bcc47233104c5411f0a4a5a6b11b;jspahrsummers;2012-11-26 07:26:49
b9a06603b5185b5442421d5768a410409239bd4f;jspahrsummers;2012-11-26 07:33:54
4f61ad954a70da25246b1a000d5d73f334de2dc9;jspahrsummers;2012-11-26 07:38:48
2a9c03a0a3ab9b19b70df4aa4ea2fc3bca01b784;jspahrsummers;2012-11-26 07:42:39
aec0b4fa0f8d96aef5088d9d62afeba66016b2b5;jspahrsummers;2012-11-26 07:44:14
6e30d6b1c6ee65dca75b608b6607043b3104b057;jspahrsummers;2012-11-26 07:47:17
01cd0e84d9b6903d3b53f6c1ce829d79adaea427;jspahrsummers;2012-11-26 07:46:57
4a7bb87a28313624b5a95b49e67a69f33cc79d2e;boidanny;2012-11-26 14:58:51
e205519cb57586c3f18545635acaa7fd8bae325d;jwilling;2012-12-04 23:31:07
b7ce54bc861660e695e1d233de2792a00d8ad35f;jwilling;2012-12-04 23:31:35
7c09b3374f6b7fb43534399a0df86d36bd945228;jwilling;2012-12-04 23:33:51
c5ef346f39c8ef769f5f0d24ea8665a270935943;jwilling;2012-12-04 23:47:16
da8648ba2dcd997b0c5b00d664b6c90bda697502;jwilling;2012-12-04 23:47:41
7a24be7529bcdb772aebf58871577cb406bad458;jwilling;2012-12-04 23:49:20
c7edee1642c440b50b698b092651278fb207869a;Machx;2012-12-04 23:54:17
c3fda66c88933bad10cc25a477da5bcafc853702;jwilling;2012-12-05 00:05:26
2c3b0435745b019c22c43a56cb9d7c503cb4ed76;jspahrsummers;2012-12-05 00:08:40
dc9c0874a75a0d56229e843e318df5609485fd23;jwilling;2012-12-09 05:52:28
dd666fee0d7f55247e001ca5a7ab29ce5977d508;jspahrsummers;2012-12-09 05:57:51
b71a5b10f324e7e1434d40b2cadb4103fbbc9031;jspahrsummers;2012-12-09 08:21:48
0e9680c74bc793740ec4c5e9f9e9a00f8ef9ba6d;jspahrsummers;2012-12-09 08:30:31
fcf7004256250a29ac832fe794f5b5c746f340f3;jspahrsummers;2012-12-09 08:31:03
6b36dc1cd38581384d7d9d611a438f8f268bba1f;boidanny;2012-12-10 17:44:58
4bf059779a8b62ebf3361f5fd723fb3ca6bd1d94;jspahrsummers;2012-12-11 21:51:54
a2d981602cee093c95c1564ed4aadad026fbdd8c;joshaber;2012-12-12 02:21:10
cf3914144fe9d99e56f384f441da5229b2e7955c;pwightman;2013-01-05 18:49:58
a2a746100f5e49d9a257f1414d7758cdded1bdf9;boidanny;2013-01-05 18:52:56
4ed07bffd3c0071966a17c300d28dccb50b5e682;jspahrsummers;2013-01-06 23:22:07
30a972f75355759eb63a1a7950f66e5df19c89da;jspahrsummers;2013-01-06 23:23:54
6de5312087660e123449db20be25b5805c5607d2;jspahrsummers;2013-01-06 23:25:26
95f7c246a667384c4b675fb48be881ae2f4b0ac6;Bigboybad;2013-01-07 00:52:13
fa67f5cae3b0505b4bcaaf1d1022b1a7b8a574d8;jspahrsummers;2013-01-07 09:24:54
993fb7d061139f0073a6e3d53e43c3360abfa710;jwilling;2013-01-09 00:03:43
a8ae3ab1e3912a96d791a668e41cba44ebce9087;jwilling;2013-01-09 00:40:53
c35ab2e75e3621c4613176cdb68131fe21f68417;jwilling;2013-01-09 00:41:09
fd55f3569a1b984c421a37b3d8903d009c8eaebe;jwilling;2013-01-09 03:36:04
e37264bee21cc307b0bfc27e3e339678b40101dc;Bigboybad;2013-01-09 06:11:52
0516388e88ea2c70b58d34739dd310e70a9d89a7;jspahrsummers;2013-01-09 06:16:16
1f86ed130bfc9d0dc5d95fd3d0a89ec7e6dff50e;jwilling;2013-01-09 18:03:14
8cac3a951df12d14bb8a44167f46af98203452af;jwilling;2013-01-09 18:03:37
acc33ff438a4d489fb36a2f123b507a4bd5df069;boidanny;2013-01-09 18:50:01
18c541a7948dde76378da373f63c12f5ea35afa1;Bigboybad;2013-01-10 04:22:49
24887fdd1cb403bc08078c465715fafb1d9ecd34;Machx;2013-01-15 21:24:06
1cded0e47746df1fe5153e404e42bb1d468bb08b;Machx;2013-01-16 22:31:14
ae14d73ed71a87725bb07e015de53777580a75a9;joshaber;2013-01-18 18:16:55
3c763d9a4d5da7920cf78da3df69256e5dfb3d65;boidanny;2013-02-18 20:12:59
6f8669f6d496cb3e620d8e8d357a23fbd7723f97;boidanny;2013-02-18 20:13:04
252da88a4a8140eb16884ed82b33179d68924454;boidanny;2013-02-18 20:13:11
5d7ed8c8465abc55b16b9ad9006a638b1b3cdbf8;boidanny;2013-02-18 20:21:48
07e4476011466d3df5e41de1616f5b0f36dc2f02;boidanny;2013-02-18 20:24:55
c264fd4980e737521ef0b0437faea10a9abf59bd;boidanny;2013-02-18 22:01:31
5d3975e082ec27f4056b91c40dcff80e52f15792;boidanny;2013-02-18 22:07:49
21d999e4673f6bc8387fefa4f4a496b7964e2956;boidanny;2013-02-18 22:34:04
70230961d2d9f40febac8cc5842e70a3f4444433;boidanny;2013-02-18 22:36:43
df741d4250da6224e4c069e579af438325bbb8cb;jspahrsummers;2013-02-25 17:37:45
d4831d799d1309fb855acd31ae654752c2ec5098;jspahrsummers;2013-02-26 20:09:57
4b4d642361061df9a3bd3c598420512d769a27d6;jspahrsummers;2013-02-26 20:22:07
e4a5fd8e807577b2d74a7a0c1a03ef02eca17cb5;Bigboybad;2013-02-27 12:09:10
5c27c2beeea77fc6c7e6d88ec11b6e1029da55b0;indragiek;2013-03-03 01:21:57
f6793044b646b7b92773c5340b88ef75b9f8e55f;indragiek;2013-03-04 16:05:51
c49de21bc1706604b42d604244cdda5488bb8add;joshaber;2013-03-14 14:22:45
5cc4d71c4c2b4f5fa81c574e6fa454068c4227b4;joshaber;2013-03-14 14:23:49
0be26259873b1b74a4d813b1a86e1ddea8cd6e48;joshaber;2013-03-14 15:56:08
a08fa749e79c1f513058bdc29ace9d4c0e10da5f;joshaber;2013-03-14 18:55:48
eb9b72e27cbf9470b63f927246abe13a2f0ba564;joshaber;2013-03-14 19:09:47
718592a9a980f221ac5a13a5637de6c74b903893;joshaber;2013-03-14 19:14:26
c5e469c1ff59db33fecc25a59d14178e828fd719;joshaber;2013-03-14 19:15:24
a0a9144b4b2d7ec5a4157589011225866c3d9512;joshaber;2013-03-14 19:25:54
b2612e1cab98970f2b52d34853708ac12998281d;boidanny;2013-03-14 20:36:59
c2dc3e19dcb410f8c2467729cca98b11dd3e197e;indragiek;2013-03-23 00:41:59
8dd2f0028ea4b6d78e09459963621efb8f8e2c99;indragiek;2013-03-23 00:42:38
e2599927273ead34d905f3c8e612de5c02bf7eab;indragiek;2013-03-23 00:48:36
2b96bd2683d76000ff299895b91ae44e052781ce;indragiek;2013-03-23 00:50:07
8c62a35df405d8d0a14bc1ce23ee5aef6756c66d;indragiek;2013-03-23 00:51:55
74b02de53bf93a7929609421026c6aacff12880e;indragiek;2013-03-25 20:04:14
2062ad4bd231314da0a99678afd455590ae048f2;indragiek;2013-03-25 20:21:51
cf5062c7f43087bc29ebd90bfcf9482afbd6968f;jspahrsummers;2013-03-26 00:46:19
778c0283d084b56d9a73e5ac02310881661bb12d;jspahrsummers;2013-03-26 00:47:49
83b9c43b4be54a86ee5ddcbe4aeca0c665c3fa3d;jspahrsummers;2013-03-26 00:48:18
9425a01c0e0a41b77e6a7cd2cb97cca589b7df30;jspahrsummers;2013-03-26 00:48:28
856a43e9a9941e61a28277209f10f5c145be915d;atomkirk;2013-04-02 15:10:21
6b0f6ce08009998b3046d82ab6d50fe5cf4b46ab;boidanny;2013-04-02 15:22:38
18a1f135bac76296e41ce1d68a0bb762ace6b7e1;Bigboybad;2013-04-16 02:06:04
9b885552cd334788590ba753f7244e72004e5425;Bigboybad;2013-04-16 08:06:24
57dd620278bb1621caea0613b1e7b392ac76cd49;Bigboybad;2013-04-16 08:08:31
95430b9740a6dbc1ecc7b05119d058d2c9426618;joshaber;2013-04-16 15:38:40
46d28a99fc6c2b83d91b0ef58ff724e17d7d28c1;Bigboybad;2013-04-17 01:48:43
e06c3c16c0ed59c9329c277bc70ce007d09b0c9d;boidanny;2013-04-20 08:47:35
a9f766f4e0a524a8cdce8ff9aebcd677d6e50be9;boidanny;2013-04-20 11:28:38
92dfdee2492cc86e04690818a6ced17bf6e0191a;Bigboybad;2013-04-22 02:51:35
2f4737b99237d09ca739abf149791c7434c94821;Bigboybad;2013-04-22 03:41:27
6fbb21c28a8c27b86714668850d33321f8fdbc1a;Bigboybad;2013-04-22 03:52:09
89eae4bf5df1bab1f45020e64f1cd5870718c562;Bigboybad;2013-04-23 01:51:14
23dffa87d4ecdc847fe27c07944dc130ce21ad81;boidanny;2013-04-25 15:24:41
c8871a62123facde839623740e16c23592d3a2b4;boidanny;2013-04-25 15:24:54
f43d56fce0cb85996329498b7a00bee14f2f7e27;Bigboybad;2013-04-27 13:41:27
ba1510581bedf361a6bc28d67de3b028a313d68e;jspahrsummers;2013-04-29 19:24:17
4a4d3bee0b75ec62bf1d77a7e8eb543293e7cceb;3rdcycle;2013-04-30 09:19:26
c08c61caaf4739a74d8365b4d1bbeb274334bc14;joshaber;2013-04-30 18:05:10
ce2c02e1da4db527aad0e5b5e4ad333afc9833fd;boidanny;2013-05-01 13:15:23
03cad5a0f235a1d4ef2b367716774754f7dc9846;boidanny;2013-05-01 13:15:38
cfecd45c8ff2f933e606bf15f697eed9aa543101;joshaber;2013-05-01 16:22:22
1042571ec02129cfa4e601367ce6b86f20b94444;jspahrsummers;2013-05-03 15:24:54
9a5cda53c67de731a3e2e7742d95fc32d6405634;jspahrsummers;2013-05-09 08:36:31
207b42c9a6f9887c3845c0867390dbe61c4dc853;joshaber;2013-05-09 16:15:57
f92797d3219c2175226232563966b435e3f8775e;anozaki;2013-05-13 14:34:07
37abf28c113633ac79c8ba9337d7020e8f2be484;anozaki;2013-05-13 14:42:05
a7652961b88ae820f59ee7df354f07c6be3a5c82;jspahrsummers;2013-05-24 19:10:54
6f250c143fdc2e26fe6208bb4da494dadbacd5fa;boidanny;2013-06-08 05:16:06
79b35fb39cc0d7d274285f7ffc394594c356c9fa;boidanny;2013-06-08 05:20:17
eb89d30e7c28737d1f5eb3f01c6520b8cf140ab0;joshaber;2013-06-08 05:22:37
a901eb5342f2343de744687676a375b9a4502bb8;joshaber;2013-06-19 21:26:18
c3c461a587a357e469ac89786ef80a4220eccc1c;jspahrsummers;2013-06-19 21:28:43
320880ce773355d129ff082822dbb64d70c18db8;jspahrsummers;2013-06-24 23:41:07
1379790bb95bc576ac3edae2d8ce34c7e6a0a569;jspahrsummers;2013-06-24 23:41:54
eb1850cbf4bba9c4e22f62e226d0935061bc0843;jspahrsummers;2013-06-24 23:42:43
7c9bd336e5570036ab94cd3757bf93a9ac7ded93;Bigboybad;2013-06-25 00:13:40
e4c4e3bd2ac7c2647ee818a44440d241a44653f5;boidanny;2013-07-02 18:14:07
4d85b1f6d3e6a40c34f154e6aa8aec483501491b;boidanny;2013-07-02 18:15:10
4050b5131f79813994301f844d568b976e656293;boidanny;2013-07-02 19:11:16
511a1aed8b9f4043c67edd25fbadefa8d1af5791;boidanny;2013-07-02 19:11:42
eb7d3ea59a991b3e60024c9d90d0ce1051a7ef5e;boidanny;2013-07-02 19:30:43
df2e7fbcf02d058d728625f4b4d0627a05e9c76e;boidanny;2013-07-02 19:46:54
1157a727885846405019eac2cb4b17a7dac56037;boidanny;2013-07-02 20:26:08
119a05a0699b5fe70e6d7cc07cbc54e5d5ce5b97;jspahrsummers;2013-07-05 18:20:28
f2126ee5a7e1aaed6a9b3a9b06ff0858c572ced6;boidanny;2013-07-06 13:57:26
fecbc07eb1fb47d8d96146347bf1113211289fc3;boidanny;2013-07-06 13:57:34
51a5ca4c81cdb372c37ddc4a43634c0f018326a5;boidanny;2013-07-06 13:58:17
d9e24dbefa3798f72b7561858732f431e86771cd;boidanny;2013-07-06 14:00:32
d011e7d1b172837f0d858dc5ea0dc8ee07ec3c27;boidanny;2013-07-06 14:02:18
da8536d50ec0e3762eeeae8c4dd7533ddadb31b3;boidanny;2013-07-06 14:04:56
e64daea3a77bb6796d4b2b75076779f8f0fc2e85;boidanny;2013-07-06 14:05:30
4603e6b99f27675893218aa9abcaed2eea48901e;boidanny;2013-07-06 14:08:39
e90b3b99098e6d249b897d41344380fbce6246f7;boidanny;2013-07-08 18:12:45
f1553c81d6a5b0312dc15f755c2c5aabd23a23c5;boidanny;2013-07-08 18:17:55
6e6cf4886f155f809f99aeec6d3392db4423c04b;boidanny;2013-07-08 21:54:43
39e04236563950b46c90594fb0b93545d456891e;joshaber;2013-07-08 22:17:55
b6c2513af0b154e8f136a7dac1096007dd569cb9;boidanny;2013-07-08 23:53:58
02af452cf66f60e681431bdc4c2931ac07256b95;boidanny;2013-07-09 04:01:13
f3a1b5863cbfe7ee36d17fe6120eec47041def86;joshaber;2013-07-09 04:08:57
9fd7362d111d383c05537abb2d85cc454e42c53e;rastersize;2013-07-14 20:51:22
d0b8ad42916f72ceb263b3548e3d8a4117a45d5d;Bigboybad;2013-07-15 00:29:30
9bfcd74141d674e36eedc7f90232b38398b6f07b;boidanny;2013-07-15 21:29:55
63b7e23c507096d969522c1020e95c8bbe75d93f;jspahrsummers;2013-07-15 21:32:50
80dd5144a9460f915e94df7c00d1422b64a8afaa;Bigboybad;2013-07-18 08:32:07
223f63f997cae76ecd1343b095d6641e69d1f35a;Bigboybad;2013-07-18 08:38:42
89ca4ba56c2d4c5286e00b8ea245a3feb6d99348;Bigboybad;2013-07-18 09:01:05
cdbac09da19c4274b0a18f04c44a20cdf51b212c;boidanny;2013-07-19 19:06:28
e5e27b5a505b9eb238c7de38c48c9b7a324c7b9d;joshaber;2013-07-19 19:14:55
4c536dffed9945149c84f3898b2f40b02c8a519f;Bigboybad;2013-07-20 05:55:44
1bc8503a27daf1bf7c9750f20a5e45ca86f878ed;Bigboybad;2013-07-20 06:01:12
fac0e95d2815d13fb74e0de829b6bc37c738edd3;Bigboybad;2013-07-20 06:06:36
09fa482abe72162a28faf6fd126ec46f86ea892e;Bigboybad;2013-07-20 06:10:12
e01b3ff8f87a33d7f9c5c8bbea2be5616802aaf7;Bigboybad;2013-07-20 06:21:08
39f611a1ae01576ccd69beac5e24189069a5c6f2;Bigboybad;2013-07-20 06:21:16
242ea805cfa04f642fe6858aaf6ba5f01dd701e3;Bigboybad;2013-07-20 06:29:18
344101bf447a825d8f4d07a2219edfc37a29a024;jspahrsummers;2013-07-30 00:06:19
294c1a6f6f937306719e142dd60b8f0e2ea201e1;joshaber;2013-08-01 00:46:19
878af48b970791b1a397e69414a212e01dd679d5;rewish;2013-08-11 10:24:32
8b46fe62e1fb2b626e861845b97a3b9c077bdc2e;joshaber;2013-08-12 15:01:41
7c23a3e0bb8204761562373fa16279ef253d015a;boidanny;2013-08-12 23:40:48
5d356d7c69cb29fd83482e066e9cd6bafc46f567;boidanny;2013-08-13 15:55:37
fe483b780eea4e9f7b9b64cd74ba7a783fd7738f;joshaber;2013-08-13 15:57:05
248bba5c9d7f5dbfed0ca373f0d988e475d7b451;joshaber;2013-08-14 20:21:25
d87df3f3b28bb70b3c565da5e63413aaa93d7c8c;joshaber;2013-08-14 21:46:41
9478eceef63d3a3a69281e62d2a9f4af5cb86184;joshaber;2013-08-14 21:49:59
1158c12d611d250486cef2a6eee0d63738975c26;jspahrsummers;2013-08-14 21:51:35
7b2cdbf704491730b8b1d679f05c63c1870c556f;joshaber;2013-08-15 17:46:10
914853b1d38e12a5b23bea19591d6d2ed5c2f50d;boidanny;2013-08-15 20:38:43
9bbde461f6405f336ed4ec13b2045fa11f2fca66;joshaber;2013-08-16 01:01:43
1f6d58dfae7133bf2b1c2940306e1ccb9fd80cc0;jwilling;2013-08-27 06:45:17
4d1cea20c1ff17ec9f840ff98f136ae6ced56300;Bigboybad;2013-08-27 06:47:31
13f6877097fea3fe9c3d46131c61207c368c27c0;Bigboybad;2013-08-27 06:51:23
d1c6c105a86bad37768bd977ffdbf169c88ce957;Bigboybad;2013-08-27 06:53:37
b7dcbc686956c8479abde7e73ab6b9072954293e;Bigboybad;2013-08-27 07:07:38
ce5710c698b3a1061726707c8c2263543bad0c8a;jspahrsummers;2013-08-27 19:20:52
1ca0a7c9a78134817ce46e40ca834533c1d06912;jspahrsummers;2013-08-27 19:32:52
e7807966ce65219b4d34fddea98798151acca3de;jspahrsummers;2013-11-08 20:23:22
89898cf8c9902a4ee0f93438924c4ace439febf4;joshaber;2013-11-08 20:36:51
a44d47025eea264658d128ab75bfa3eeafec0ef4;jspahrsummers;2013-11-11 19:17:33
5b943de8f4747e7e5fd044b631fb523970e6ff17;jspahrsummers;2013-11-11 19:17:36
d80a9ddabe0934cb21ceaa7a80c0875925342eb4;Bigboybad;2013-11-11 23:17:30
ce871c751d9dbadea02f38b7e277fe2600e3d986;mdiep;2014-01-31 00:05:57
0c6f732e783e32d3ec010629a12e6a41141dfaf5;boidanny;2014-01-31 20:35:17
8d46e298245342b67bd210f1939d93bf7d6f4b72;mdiep;2014-02-04 16:20:39
67018ca3779ade7478aa8ee8fa887984ada025c6;mdiep;2014-02-04 16:29:46
13124d74f468bdf76caa72417b52c37054123a2c;mdiep;2014-02-04 21:18:40
14c5e24e7f681784bcb13291201099cba88d18fc;mdiep;2014-02-04 21:21:22
4de68045ef86f219a82981fcb64198c302ba49b0;mdiep;2014-02-04 21:30:28
1b37856da945da25a9409aadea8d98e480eb759c;mdiep;2014-02-06 00:44:05
2380ad3644ec3c7a9f8c08aef093ddfe6db2e5bd;mdiep;2014-02-06 01:02:57
427f2f9becfdd653cc85f7a791e0b8ac987e8ccf;mdiep;2014-02-06 02:16:36
e3a6901c6bf09a505859e8227fa070a68d9ca80b;mdiep;2014-02-06 02:22:48
3d38e86c2c1fd698807ec1a86da59f3f859d8396;mdiep;2014-02-06 19:24:07
71e36663aef38399f330d34e30999b37242eb2a3;mdiep;2014-02-06 19:35:11
91edc846deb77738b400987661e677bda0f25098;jspahrsummers;2014-02-06 19:41:00
4ca5c6315a2ec2a9ac78d5596e40886d1d3b0e0c;mdiep;2014-02-14 20:44:07
bd382c7655352bf43361411a7e09a99cbf447e9d;mdiep;2014-02-14 21:17:28
64c2dc750f547648dc51f0bd67e27183c905cbc5;mdiep;2014-02-14 21:30:46
b2e69892c5b39e77eab7f0c8c7409787bd03529f;boidanny;2014-02-14 22:21:42
b6e0c527f3af8381087e7033c22ff4c336e9a7f8;mdiep;2014-02-24 19:09:24
f568cc5d931046d076e45ea17a31f606afd0ef46;mdiep;2014-02-26 18:38:01
5d063c84845a1a1d1018fab664145c1c7fd45b1d;mdiep;2014-02-27 14:56:10
16f5d8f059f46f6207969aacccd667a9736a77f9;robrix;2014-02-27 15:56:34
53dd28744a952b2075ef24b09f48e81a7f8b8d48;mdiep;2014-02-28 21:04:08
abcb3cc9675dc1544cd785a24946b1a238b83741;joshaber;2014-02-28 21:15:40
177732be603332fb18fb5450686a255dda6c6712;mdiep;2014-03-03 17:58:35
bef9651314d4f48a8fe95d2f283b7fdaefce71d0;Bigboybad;2014-03-11 07:11:44
a9c2b578dd1f8e139bb69422ba7f7b5da9f328b8;robrix;2014-03-11 13:34:17
8a291e48dad283cf17d1e9f75b24ad3a6902dc9a;boidanny;2014-03-13 01:01:46
5bfec1ce02ddc2451ae16ee3ad67d4f87a25615b;mdiep;2014-03-14 19:32:52
cca0dae48eaed80418a2ef54636c4d6c997b4ff3;joshaber;2014-03-14 20:08:06
1ce4a782a9ff97f0b26c87dbfbd247cce32ce880;robrix;2014-03-20 21:33:30
cf0315285850e28332031710f94bb4efe4f99259;robrix;2014-03-20 21:33:42
b547a10e670049423c68b11ee0114acd05e3f3c9;mdiep;2014-03-21 20:25:57
d60a5968737ea87b78a9e4c8f24a0a04c059ab58;mdiep;2014-03-21 20:36:01
949b445e7846f192924413f07a308b1df1afe9f2;mdiep;2014-03-21 20:51:48
c5e8a7d65de9ab780790791a3a2dbfdfc41ff337;mdiep;2014-03-24 16:31:33
d7f0da1ca808158aa22efb8161276af352e77600;robrix;2014-03-24 16:44:55
40b35e3f5718eec458e9b5846c6fac8a6b2b91de;mdiep;2014-03-24 18:51:48
ca851940e48f032ef38278472e2276a50c433386;mdiep;2014-03-24 18:53:50
fa3dedf2445c0ff0af66bf916970410b6b6e30ae;mdiep;2014-03-24 18:59:38
66f7d578a9d079ded103589710c667c46a5ef0e9;mdiep;2014-03-24 22:15:32
f7b1ab6665850d6743a76c0a1b52d742645c5943;mdiep;2014-03-25 00:52:45
e9323d75ebba4a6894d6dcb4c55ba080750a34e5;jspahrsummers;2014-03-25 05:42:51
e9bbf62a7dd42656cc890503b00d146755e85a64;robrix;2014-03-25 19:45:47
54b0842ccbfb9370811b078883cf8bfe339beac0;jspahrsummers;2014-03-25 22:09:20
2634712e11382b2d381bb9f4fb789f667dad2f74;mdiep;2014-03-27 14:42:30
c7abdf5a4acb976252a0d170a6b55a5472e2cf4a;joshaber;2014-03-27 15:11:02
50a52ae5299f8f69f524b48cb313acb9547ccb7f;joshvera;2014-04-04 18:52:23
905a29e635f527829d7f4c513a0831a0d4c68649;joshvera;2014-04-04 21:09:08
17f846484d8ae685f3f31df7d973d8162833d796;joshvera;2014-04-04 21:12:13
c6ba9866e143748739c64cdcf54902bc3bd215fe;joshvera;2014-04-04 21:13:07
d5cbe5b1b240a6aa733bfc9b0d19ce58204d909c;joshvera;2014-04-04 21:55:53
27950248535357e2d70d67dabe3601b94139f9a3;joshvera;2014-04-06 18:47:02
8846e4463e3d02172dc191b5215690f0c21dbee9;joshvera;2014-04-06 18:48:09
26ec75b2178471468f604647542a036fc97bb8c8;joshvera;2014-04-06 18:50:34
7c73e6399ebf180f623e887e89e0854bc16e70e3;joshvera;2014-04-06 18:51:27
92b4ad2dbbb5bf8e99eaff36a7326b37ef569b56;joshvera;2014-04-06 18:53:09
3f6009766a1ec2a56038835f6ac5b1a7ac35fd02;joshvera;2014-04-06 19:24:18
f28d565ca3aa59c85a7fd2bd4692a4fc85e4a32b;joshvera;2014-04-07 00:33:05
1fbeeafc1951b845fb934117c82df3a3a1258bd1;joshvera;2014-04-07 00:33:15
7a7b98e371aaaf6ceaf5f729af171095347c8efc;joshvera;2014-04-07 19:16:39
4366d3e1e37642c108386f45c88483af8b155f69;joshvera;2014-04-07 19:16:53
4a2b2441e70fffbcfbe718239a92c45f9fe62e31;joshvera;2014-04-08 03:46:37
5a4c6d139b18f75e6cea44f40c91008322d74d4d;joshvera;2014-04-08 03:47:02
4d96766f707b6538d4d18eaf5a693e209dc5a001;joshvera;2014-04-08 03:47:52
06aba4e0465aa7210e22179c2f1bc7b27f652ad0;joshvera;2014-04-08 03:49:50
725f53d7c4cf6b1dc7aaa03b70a7e74b985c23da;joshvera;2014-04-08 14:50:04
deb6fcc3821a379d3a9ff99c88ec430d097bf972;joshvera;2014-04-08 15:16:18
1bdf1501fc3378a47859ba49792b42c86810964b;joshvera;2014-04-08 15:16:41
b44ae6a0a2d494e53609a076abf051f83845bae0;joshvera;2014-04-08 17:09:47
4a5ffefa134eff1609c9bed03ac42cfe63956e83;mdiep;2014-04-12 14:53:39
c43c4facbb2055ebff178c80ccdd5b72fc50e55e;robrix;2014-05-26 15:24:50
53329828412a74c6203db3a2860f1ad718f9f939;robrix;2014-05-27 13:03:16
e1a62b1f179b22244cd4a9ee7b4efa095fff8e93;robrix;2014-05-27 13:03:36
ffb777f1896e614b69d6ef955e0cf5f34d2768cd;robrix;2014-05-27 15:30:21
72c50a4002f996dd09a1af803479d8bed3d1841e;jspahrsummers;2014-05-27 16:24:18
f7562b2a920b62602af4447b9f5f4a42c5732f18;joshaber;2014-06-19 19:59:37
f455ccc094a65b55bfe00d1e6303acfea5de01f3;joshaber;2014-06-19 19:59:53
78da958e870e00ac8c8543635ece39729fa09da5;joshaber;2014-06-19 20:00:07
85a5bd8cee1d9a1695b71fad9714c3ef4e30e220;robrix;2014-06-19 20:35:39
ac29c90091d70bede432452f631fab566eafc444;joshvera;2014-06-20 20:45:26
7d35a0442188967eab6eb0d915c21d0aaeb9da37;jspahrsummers;2014-06-20 23:41:41
5f8ce33609d85c1a4b1dc331e6def443ce993624;joshvera;2014-06-30 20:44:38
3ead5ace940b4a4b883690e407dc34010ac522da;joshaber;2014-06-30 21:04:39
a4f07ad61cf1b79e9bfbd8b92029cfc27a1e48eb;joshvera;2014-06-30 21:17:01
063ba408762ae71c2b6c4184a628792cc760e74a;joshvera;2014-06-30 22:31:11
113895fd815012f9ac92b7921f40e91de7fec94b;mdiep;2014-06-30 23:58:58
58a781255f899953193d3749bd14416fd599bc20;joshaber;2014-07-01 14:54:25
8ba5942e8b60b79daf1438f719002b1bce3c04f9;mdiep;2014-07-02 20:12:28
cf7c9146a19eb80e26f924495d5614bc41bb8299;joshaber;2014-07-02 20:16:08
781893e71b8639aae2f8a1dcff3798bea808aacb;mdiep;2014-07-02 23:15:12
2b4d8364a3569c1ad52f2f46ef6b8eee7cd54254;mdiep;2014-07-15 21:46:00
0bd4e0d2a496367fa611f6a8da0a4ea5a4f580a2;mdiep;2014-07-15 21:46:10
29a66ecc5082a0ccda3332541785692ce9d363a5;mdiep;2014-07-15 21:48:02
405d74bd2c7ed5d22f753b17722fe6f73a2b7339;mdiep;2014-07-15 21:49:11
f2698fbc17d57ebc8e0d12f9bbe0b4622c1131da;Bigboybad;2014-07-15 22:15:14
be14bf1ddf3d2df184d5ec2b043fbc089d09ab59;Bigboybad;2014-07-15 22:17:33
23ff1939ecd0a23a738e4d96292bfaeebfbe4bf7;jspahrsummers;2014-07-16 17:20:00
95428d3c44234f619403feaf05bac32089b4f51a;jspahrsummers;2014-07-16 17:41:04
ef0919dad2dda27e57cac2a4d6b636b0f1c61ce3;jspahrsummers;2014-07-16 17:41:19
3efdb5a06217ef463e37bc84072510b8ed60b4bd;jspahrsummers;2014-07-16 17:42:35
d8a254e5db3a79ac4c259c168022185ccfac7a05;jspahrsummers;2014-07-16 17:46:58
a7416e42aaccdea35a840f95e81ad34240eab5bd;jspahrsummers;2014-07-16 17:47:51
015ba1ac568ef5f4a36660f59e1f7b2f74fc0ee9;jspahrsummers;2014-07-16 17:55:43
74f090c90be493260503ad4207b0ef734c3c7c4c;Bigboybad;2014-07-16 22:35:05
4b21299147ec7b8c20a40e2e8750966451366b44;Bigboybad;2014-08-06 11:55:58
3e101d2aabc475795df6b6f0e426c61bb392b1de;Bigboybad;2014-08-07 08:29:48
196d94e22160f52fb53e367d6511988631c522b5;Bigboybad;2014-08-07 08:33:35
27281056080695924c03c9e6273e76b9e33f3805;boidanny;2014-08-07 12:00:31
3bb6ec474b968e278e78e5faf88b94219f046943;interstateone;2014-08-08 05:12:09
675b604702d89ad8a0ef1e76b0a851773023b7f2;mdiep;2014-08-19 16:20:43
717a420c01c5253dec2018bdf8614592e1ba9a46;mdiep;2014-08-20 21:02:20
db856d045af1de575c066cb09a39a0ad85993eba;joshaber;2014-08-20 21:11:45
32d0f385b031ff0516e8c3f6bb13ad4abf07638e;indragiek;2014-10-13 19:44:03
1417edc166930056df05a3e6ea5e571bcd65fc85;jspahrsummers;2014-10-14 17:16:20
e2a32883d7c1aa9e49d0cdb1f62ee106931b0a47;jspahrsummers;2014-10-28 04:46:39
4fb3eea6e73b65bd176776d209c6c7ad4c92dad8;jspahrsummers;2014-10-28 04:47:11
aed68362972664a338dfccd6d03b7473cf44b76a;jspahrsummers;2014-10-28 04:47:44
e193a5cbb3c9e0a0cd60063b3dedf93111d641b8;jspahrsummers;2014-10-28 04:52:14
c1d247ec9f86b4bf175a1e0ccdfa724ac67cbab6;jspahrsummers;2014-10-28 04:55:29
eef56b18c4661e719e78acec6d601178420435d9;jspahrsummers;2014-10-28 04:55:58
b1031743366ba8535bf5b60b3aa48edef6a9cb20;jspahrsummers;2014-10-28 05:01:41
a154194a1531041104ebc6313db36e97d2a088e4;jspahrsummers;2014-10-28 05:03:18
6ae2123d0c3238857deb615b2f1789e4dbc207ae;jspahrsummers;2014-10-28 05:04:18
db422d869676a19524797c1df98c25346bb23ee9;jspahrsummers;2014-10-28 05:05:40
3625ae9e3637bb31adddbe7cc1b5c0e6dbb0ab22;jspahrsummers;2014-10-28 05:06:53
6abbd2f7f6adfd0a4e5c88b162a77021b6d6a5e5;jspahrsummers;2014-10-28 05:07:53
d111a42877a10af4925730a58424002b35b3c669;alanjrogers;2014-10-28 07:51:45
50b91dcfb6e5b6eb1058dec6a6bdd1830c7cedc1;jspahrsummers;2014-11-06 21:38:31
af91aab2c77885c25720c13c1f2acff92e4a1dcb;joshaber;2015-01-16 20:22:27
3bc7d88de1d1d3d3c65d3e7498f8b4741b963f35;joshaber;2015-01-16 20:22:31
5bfcdb4e2948d58494eb1407d35d17aa35fb9cff;jspahrsummers;2015-01-16 20:24:04
fc6f83914a996db419bd5796163993fa734c9fcc;jspahrsummers;2015-04-09 21:46:45
2bfd99e4d39f22186342e595d1d87b157e3ec1b2;mdiep;2015-04-09 21:51:39
645e9cee653f6a1c6a53d414885f9d749db18cdb;mdiep;2015-09-15 17:37:35
6981c5bbfb7ed8a935b75498b0857685c6df7c94;joshaber;2015-09-22 19:00:03
e7d35175f23573eabfbb3c147f715185ed133c90;mdiep;2015-09-15 15:52:43
580008b849b89e73e9d1aef0672599cd3f4ee5ee;mdiep;2015-09-15 15:53:18
e8f60b170280cf4411ca01cd238dfdc6ca31fe29;mdiep;2015-09-15 15:53:44
87bc940c3c8af8e34a5bbb8657e2ff3fd5c0e41a;mdiep;2015-09-23 20:46:34
ae8a45defffe41b71a199bb706ef6ef6dfc8d9a6;mdiep;2015-09-23 20:46:48
7d304e49ae1c83f2be33ae3d0ed7b6f803dd1077;mdiep;2015-09-23 20:48:06
4da137a6271f9101d627491e37ea1e3ad95af015;joshaber;2015-09-25 14:47:39
eca271036d2dea630c63ac27fb8fdbcfb2f58c9f;tbodt;2015-12-09 23:45:26
e2507db762d1c406a7e3d9a81a41b4f1c7f512b1;mdiep;2015-12-10 01:03:55
