fxn;2010-10-16/2010-10-18;2010-10-19/2010-10-22;2010-10-24/2010-10-30;2010-10-30/2010-11-03;2010-11-03/2010-11-09;2010-11-10/2010-11-15;2010-11-16/2010-11-19;2010-11-21/2010-11-23;2010-11-23/2010-11-25;2010-11-25/2010-11-27;2010-11-27/2010-12-05;2010-12-05/2010-12-08;2010-12-08/2010-12-10;2010-12-10/2010-12-15;2010-12-15/2010-12-20;2010-12-20/2010-12-22;2010-12-22/2010-12-24;2010-12-24/2010-12-26;2010-12-27/2010-12-29;2011-01-01/2011-01-12;2011-01-12/2011-01-16;2011-01-16/2011-01-20;2011-01-20/2011-02-02;2011-02-02/2011-02-05;2011-02-05/2011-02-09;2011-02-09/2011-02-13;2011-02-13/2011-02-15;2011-02-15/2011-02-18;2011-02-18/2011-02-20;2011-02-22/2011-02-25;2011-02-25/2011-02-28;2011-02-28/2011-03-05;2011-03-07/2011-03-09;2011-03-09/2011-03-14;2011-03-14/2011-03-23;2011-03-27/2011-03-29;2011-03-30/2011-04-03;2011-04-03/2011-04-05;2011-04-05/2011-04-11;2011-04-13/2011-04-19;2011-04-19/2011-04-22;2011-04-22/2011-04-29;2011-05-01/2011-05-04;2011-05-04/2011-05-06;2011-05-07/2011-05-10;2011-05-16/2011-05-18;2011-05-18/2011-05-20;2011-05-21/2011-05-25;2011-05-25/2011-05-28;2011-05-28/2011-05-31;2011-05-31/2011-06-04;2011-06-04/2011-06-06;2011-06-08/2011-06-10;2011-06-10/2011-06-12;2011-06-12/2011-06-16;2011-06-19/2011-06-22;2011-06-25/2011-06-27;2011-06-27/2011-06-29;2011-06-29/2011-07-04;2011-07-04/2011-07-07;2011-07-07/2011-07-09;2011-07-09/2011-07-11;2011-07-11/2011-07-16;2011-07-16/2011-07-18;2011-07-18/2011-07-20;2011-07-20/2011-07-22;2011-07-25/2011-07-27;2011-07-28/2011-08-04;2011-08-04/2011-08-07;2011-08-07/2011-08-13;2011-08-13/2011-08-16;2011-08-19/2011-08-21;2011-08-21/2011-08-23;2011-08-25/2011-08-27;2011-08-27/2011-08-29;2011-09-03/2011-09-08;2011-09-08/2011-09-10;2011-09-10/2011-09-12;2011-09-12/2011-09-20;2011-09-20/2011-09-27;2011-09-28/2011-10-02;2011-10-02/2011-10-06;2011-10-07/2011-10-22;2011-10-22/2011-10-24;2011-10-24/2011-10-29;2011-10-30/2011-11-05;2011-11-08/2011-11-11;2011-11-11/2011-11-17;2011-11-18/2011-11-21;2011-11-21/2011-11-25;2011-11-25/2011-11-28;2011-11-28/2011-12-02;2011-12-05/2011-12-08;2011-12-08/2011-12-10;2011-12-10/2011-12-14;2011-12-16/2011-12-23;2011-12-23/2011-12-25;2011-12-25/2011-12-28;2011-12-28/2011-12-30;2011-12-30/2012-01-02;2012-01-02/2012-01-12;2012-01-12/2012-01-26;2012-01-26/2012-01-30;2012-01-30/2012-02-04;2012-02-04/2012-02-07;2012-02-07/2012-02-18;2012-02-18/2012-02-25;2012-02-25/2012-03-02;2012-03-02/2012-04-09;2012-04-09/2012-06-14;2012-06-14/2012-06-29;2012-06-29/2012-07-09;2012-07-09/2012-07-14;2012-07-14/2012-07-21;2012-07-21/2012-07-27;2012-07-28/2012-08-01;2012-08-01/2012-08-28;2012-08-28/2012-08-30;2012-08-30/2012-09-30;2012-09-30/2012-10-29;2012-10-29/2012-10-31;2012-10-31/2012-11-26;2012-11-26/2012-11-30;2012-11-30/2012-12-31;2012-12-31/2013-02-16;2013-02-16/2013-05-10;2013-05-10/2013-06-20;2013-06-20/2020-01-15
rajinder-yadav;2010-10-16/2010-11-08;2010-11-09/2010-11-14;2010-11-14/2020-01-15
spastorino;2010-05-15/2010-10-16;2010-10-20/2010-11-02;2010-11-07/2010-11-09;2010-11-14/2010-11-16;2010-11-17/2010-11-19;2010-11-20/2010-11-22;2010-11-23/2010-11-25;2010-11-25/2010-12-02;2010-12-02/2010-12-04;2010-12-05/2010-12-11;2010-12-11/2010-12-16;2010-12-16/2010-12-19;2010-12-19/2010-12-21;2010-12-22/2010-12-24;2010-12-24/2010-12-26;2010-12-26/2010-12-28;2010-12-29/2011-01-01;2011-01-01/2011-01-09;2011-01-09/2011-01-11;2011-01-15/2011-01-28;2011-01-28/2011-02-01;2011-02-05/2011-02-07;2011-02-08/2011-02-13;2011-02-13/2011-02-27;2011-02-28/2011-03-04;2011-03-04/2011-03-09;2011-03-09/2011-03-12;2011-03-12/2011-03-16;2011-03-18/2011-03-22;2011-03-22/2011-03-27;2011-03-27/2011-03-30;2011-03-30/2011-04-02;2011-04-03/2011-04-05;2011-04-07/2011-04-30;2011-04-30/2011-05-04;2011-05-04/2011-05-07;2011-05-07/2011-05-11;2011-05-12/2011-05-17;2011-05-19/2011-05-21;2011-05-21/2011-05-24;2011-05-24/2011-06-08;2011-06-08/2011-06-11;2011-06-11/2011-06-13;2011-06-13/2011-06-16;2011-06-17/2011-06-20;2011-06-20/2011-06-22;2011-06-25/2011-06-27;2011-06-28/2011-06-30;2011-06-30/2011-07-02;2011-07-02/2011-07-05;2011-07-09/2011-07-11;2011-07-12/2011-07-14;2011-07-20/2011-07-23;2011-08-01/2011-08-03;2011-08-09/2011-08-11;2011-08-11/2011-08-15;2011-08-16/2011-08-19;2011-08-22/2011-08-24;2011-09-01/2011-09-03;2011-09-07/2011-09-10;2011-09-14/2011-09-17;2011-09-19/2011-09-21;2011-09-24/2011-09-26;2011-09-26/2011-09-28;2011-09-29/2011-10-02;2011-10-05/2011-10-07;2011-10-09/2011-10-13;2011-10-13/2011-10-18;2011-10-18/2011-10-26;2011-10-26/2011-10-30;2011-10-30/2011-11-12;2011-11-12/2011-11-19;2011-11-19/2011-11-27;2011-11-27/2011-12-06;2011-12-07/2011-12-12;2011-12-12/2011-12-17;2011-12-17/2011-12-20;2011-12-20/2011-12-22;2011-12-22/2011-12-28;2011-12-28/2012-01-03;2012-01-05/2012-01-10;2012-01-13/2012-02-01;2012-02-01/2012-02-05;2012-02-05/2012-02-14;2012-02-14/2012-02-17;2012-02-17/2012-02-20;2012-02-22/2012-02-25;2012-02-25/2012-03-02;2012-03-03/2012-03-06;2012-03-06/2012-03-17;2012-03-17/2012-03-27;2012-03-30/2012-04-04;2012-04-04/2012-04-09;2012-04-09/2012-04-17;2012-04-17/2012-04-23;2012-04-23/2012-05-08;2012-05-09/2012-05-11;2012-05-11/2012-05-13;2012-05-13/2012-06-13;2012-06-13/2012-08-01;2012-08-01/2012-08-03;2012-08-03/2012-08-08;2012-08-09/2012-08-24;2012-08-24/2012-09-20;2012-09-22/2012-10-03;2012-10-03/2012-10-16;2012-10-16/2012-10-29;2012-10-29/2012-11-01;2012-11-02/2012-11-08;2012-11-09/2012-11-12;2012-11-12/2012-12-31;2012-12-31/2013-01-08;2013-01-08/2013-02-08;2013-02-08/2013-09-10;2013-09-10/2014-07-10;2014-07-10/2020-01-15
stephencelis;2010-10-09/2010-10-17;2010-10-17/2020-01-15
NZKoz;2010-10-17/2010-11-07;2010-11-07/2010-12-02;2010-12-02/2010-12-07;2010-12-07/2011-01-05;2011-01-05/2011-01-12;2011-01-12/2011-01-18;2011-01-18/2011-02-22;2011-02-22/2011-05-17;2011-05-17/2011-05-19;2011-05-19/2011-06-07;2011-06-07/2012-03-04;2012-03-05/2012-03-28;2012-03-28/2013-09-22;2013-09-22/2013-10-31;2013-10-31/2013-11-13;2013-11-13/2013-11-30;2013-11-30/2020-01-15
jonleighton;2010-10-19/2010-10-21;2010-10-21/2010-10-28;2010-10-28/2010-10-31;2010-10-31/2010-11-08;2010-11-08/2010-11-17;2010-11-17/2010-11-27;2010-11-27/2010-12-12;2010-12-12/2010-12-15;2010-12-17/2010-12-19;2010-12-20/2010-12-22;2010-12-24/2010-12-26;2010-12-26/2010-12-30;2011-01-03/2011-01-06;2011-01-09/2011-01-11;2011-01-11/2011-01-16;2011-01-16/2011-01-23;2011-01-24/2011-01-26;2011-01-26/2011-01-30;2011-01-30/2011-02-01;2011-02-01/2011-02-05;2011-02-07/2011-02-11;2011-02-11/2011-02-14;2011-02-15/2011-02-17;2011-02-18/2011-02-20;2011-02-21/2011-02-23;2011-02-23/2011-02-27;2011-02-27/2011-03-02;2011-03-02/2011-03-04;2011-03-07/2011-03-10;2011-03-12/2011-03-16;2011-03-16/2011-03-18;2011-03-18/2011-03-28;2011-03-28/2011-04-03;2011-04-03/2011-04-08;2011-04-08/2011-04-12;2011-04-12/2011-04-15;2011-04-15/2011-04-17;2011-04-18/2011-05-05;2011-05-05/2011-05-08;2011-05-08/2011-05-10;2011-05-14/2011-05-16;2011-05-17/2011-05-19;2011-05-19/2011-05-21;2011-05-21/2011-05-23;2011-05-24/2011-05-26;2011-05-26/2011-05-31;2011-06-01/2011-06-04;2011-06-07/2011-06-09;2011-06-09/2011-06-12;2011-06-14/2011-06-16;2011-06-17/2011-06-23;2011-06-23/2011-06-29;2011-06-30/2011-07-03;2011-07-04/2011-07-06;2011-07-09/2011-07-11;2011-07-11/2011-07-17;2011-07-18/2011-07-27;2011-07-28/2011-07-31;2011-07-31/2011-08-03;2011-08-03/2011-08-08;2011-08-09/2011-08-11;2011-08-11/2011-08-13;2011-08-13/2011-08-15;2011-08-16/2011-08-24;2011-08-25/2011-08-29;2011-08-30/2011-09-04;2011-09-13/2011-09-26;2011-09-26/2011-09-28;2011-09-29/2011-10-05;2011-10-05/2011-10-23;2011-10-23/2011-11-03;2011-11-06/2011-11-12;2011-11-12/2011-11-14;2011-11-16/2011-11-18;2011-11-19/2011-11-27;2011-11-27/2011-11-29;2011-12-04/2011-12-08;2011-12-08/2011-12-13;2011-12-16/2011-12-18;2011-12-18/2011-12-22;2011-12-23/2011-12-28;2011-12-28/2012-01-13;2012-01-13/2012-01-20;2012-01-20/2012-01-27;2012-01-27/2012-01-31;2012-02-01/2012-02-07;2012-02-07/2012-03-28;2012-03-28/2012-03-30;2012-03-30/2012-05-18;2012-05-18/2012-06-07;2012-06-07/2012-07-17;2012-07-17/2012-07-20;2012-07-20/2012-08-01;2012-08-01/2012-08-17;2012-08-17/2013-03-22;2013-03-22/2020-01-15
krekoten;2010-10-18/2010-11-30;2010-11-30/2020-01-15
dallastaylor;2010-10-18/2020-01-15
pixeltrix;2010-10-18/2010-10-22;2010-10-22/2010-10-26;2010-10-27/2010-11-02;2010-11-02/2010-11-09;2010-11-09/2011-02-13;2011-02-14/2011-03-06;2011-03-06/2011-03-09;2011-03-09/2011-03-13;2011-03-13/2011-03-16;2011-03-16/2011-03-23;2011-03-23/2011-03-27;2011-03-27/2011-03-29;2011-03-29/2011-05-11;2011-05-11/2011-05-17;2011-05-17/2011-05-21;2011-05-21/2011-05-24;2011-05-24/2011-05-31;2011-06-01/2011-06-03;2011-06-05/2011-06-10;2011-06-10/2011-06-12;2011-06-13/2011-06-15;2011-06-15/2011-07-01;2011-07-01/2011-07-04;2011-07-04/2011-07-24;2011-07-24/2011-08-23;2011-08-23/2012-02-17;2012-02-17/2012-02-20;2012-02-20/2012-02-26;2012-02-26/2012-03-12;2012-03-12/2012-04-29;2012-04-30/2012-05-02;2012-05-02/2012-05-09;2012-05-10/2012-06-01;2012-06-01/2012-06-09;2012-06-09/2012-07-17;2012-07-17/2012-07-23;2012-07-23/2012-12-04;2012-12-04/2012-12-14;2012-12-14/2013-01-12;2013-01-12/2013-01-16;2013-01-16/2013-01-21;2013-01-22/2013-02-22;2013-02-22/2013-03-03;2013-03-03/2013-03-13;2013-03-13/2013-05-10;2013-05-10/2013-05-24;2013-05-24/2013-06-08;2013-06-08/2013-06-25;2013-06-25/2013-07-09;2013-07-10/2013-07-21;2013-07-21/2013-10-01;2013-10-01/2020-01-15
tenderlove;2010-10-16/2010-10-18;2010-10-24/2010-10-26;2010-10-27/2010-10-30;2010-10-30/2010-11-03;2010-11-03/2010-11-05;2010-11-07/2010-11-15;2010-11-20/2010-11-22;2010-11-24/2010-11-29;2010-12-04/2010-12-07;2010-12-11/2010-12-13;2010-12-15/2010-12-17;2010-12-17/2010-12-20;2010-12-21/2010-12-23;2010-12-25/2010-12-27;2010-12-27/2011-01-01;2011-01-01/2011-01-03;2011-01-19/2011-01-21;2011-01-22/2011-01-28;2011-01-29/2011-01-31;2011-02-05/2011-02-07;2011-02-12/2011-02-14;2011-02-16/2011-02-18;2011-02-19/2011-02-21;2011-02-22/2011-02-24;2011-02-25/2011-02-27;2011-03-02/2011-03-05;2011-03-09/2011-03-12;2011-03-12/2011-03-14;2011-03-15/2011-03-17;2011-03-17/2011-03-21;2011-03-22/2011-03-25;2011-03-30/2011-04-05;2011-04-09/2011-04-11;2011-04-11/2011-04-13;2011-04-15/2011-04-17;2011-04-18/2011-04-22;2011-04-22/2011-04-25;2011-05-10/2011-05-13;2011-05-15/2011-05-17;2011-05-18/2011-05-23;2011-06-01/2011-06-06;2011-06-10/2011-06-17;2011-06-17/2011-06-21;2011-06-23/2011-06-27;2011-07-01/2011-07-05;2011-07-05/2011-07-07;2011-07-08/2011-07-14;2011-07-14/2011-07-18;2011-07-18/2011-07-20;2011-07-24/2011-07-26;2011-07-27/2011-07-29;2011-07-29/2011-08-02;2011-08-05/2011-08-08;2011-08-10/2011-08-12;2011-08-12/2011-08-16;2011-08-17/2011-08-20;2011-08-20/2011-08-22;2011-08-26/2011-08-28;2011-09-01/2011-09-03;2011-09-03/2011-09-05;2011-09-10/2011-09-12;2011-09-12/2011-10-03;2011-10-03/2011-10-06;2011-10-07/2011-10-16;2011-10-16/2011-10-18;2011-10-18/2011-10-20;2011-10-22/2011-10-26;2011-10-27/2011-10-31;2011-11-01/2011-11-04;2011-11-04/2011-11-06;2011-11-08/2011-11-11;2011-11-11/2011-11-14;2011-11-14/2011-11-16;2011-11-18/2011-11-20;2011-11-20/2011-11-28;2011-11-30/2011-12-04;2011-12-15/2011-12-19;2011-12-19/2011-12-21;2011-12-25/2011-12-28;2011-12-30/2012-01-03;2012-01-05/2012-01-10;2012-01-10/2012-01-12;2012-01-12/2012-01-15;2012-01-17/2012-01-19;2012-01-20/2012-01-24;2012-01-26/2012-01-31;2012-02-01/2012-02-03;2012-02-03/2012-02-06;2012-02-07/2012-02-10;2012-02-10/2012-02-13;2012-02-15/2012-02-20;2012-02-22/2012-02-27;2012-02-27/2012-02-29;2012-03-02/2012-03-08;2012-03-09/2012-03-12;2012-03-15/2012-03-20;2012-03-20/2012-03-23;2012-03-23/2012-03-26;2012-03-27/2012-03-30;2012-03-30/2012-04-04;2012-04-04/2012-04-18;2012-04-18/2012-04-23;2012-04-23/2012-04-27;2012-04-27/2012-05-05;2012-05-05/2012-05-16;2012-05-16/2012-05-19;2012-05-19/2012-05-21;2012-05-21/2012-05-23;2012-05-25/2012-05-28;2012-05-28/2012-05-30;2012-06-01/2012-06-11;2012-06-12/2012-06-14;2012-06-14/2012-07-13;2012-07-13/2012-07-23;2012-07-23/2012-07-25;2012-07-26/2012-08-07;2012-08-07/2012-09-28;2012-09-28/2012-10-15;2012-10-15/2012-10-22;2012-10-22/2012-11-13;2012-11-13/2012-11-26;2012-11-26/2012-11-28;2012-11-28/2012-12-23;2012-12-23/2013-01-02;2013-01-02/2013-01-04;2013-01-04/2013-01-08;2013-01-08/2013-02-10;2013-02-11/2013-03-05;2013-03-06/2013-03-15;2013-03-15/2013-03-18;2013-03-18/2013-03-20;2013-03-20/2013-04-09;2013-04-09/2013-04-17;2013-04-17/2013-06-05;2013-06-05/2013-08-27;2013-08-27/2013-10-03;2013-10-04/2013-10-11;2013-10-11/2013-10-15;2013-10-16/2013-12-01;2013-12-01/2013-12-03;2013-12-03/2014-05-09;2014-05-10/2014-05-18;2014-05-18/2020-01-15
mlomnicki;2010-10-19/2010-12-12;2010-12-12/2011-02-01;2011-02-01/2020-01-15
Hates;2010-10-19/2020-01-15
anildigital;2010-10-19/2011-06-05;2011-06-05/2012-04-06;2012-04-06/2020-01-15
seven1m;2010-10-15/2020-01-15
umarsheikh;2010-10-21/2010-12-13;2010-12-13/2020-01-15
josevalim;2010-10-21/2010-10-26;2010-10-26/2010-11-04;2010-11-04/2010-11-08;2010-11-08/2010-11-11;2010-11-11/2010-11-14;2010-11-15/2010-11-17;2010-11-18/2010-11-20;2010-11-20/2010-11-23;2010-11-28/2010-12-01;2010-12-01/2010-12-03;2010-12-03/2010-12-09;2010-12-09/2010-12-19;2010-12-20/2010-12-23;2010-12-23/2010-12-27;2010-12-27/2011-01-19;2011-01-19/2011-02-10;2011-02-11/2011-02-22;2011-02-22/2011-03-04;2011-03-04/2011-03-11;2011-03-11/2011-03-13;2011-03-13/2011-03-19;2011-03-19/2011-03-29;2011-03-31/2011-04-10;2011-04-11/2011-04-15;2011-04-20/2011-04-22;2011-04-22/2011-04-25;2011-04-26/2011-04-28;2011-04-29/2011-05-01;2011-05-28/2011-05-30;2011-06-01/2011-06-03;2011-06-03/2011-06-05;2011-06-17/2011-06-19;2011-06-23/2011-06-28;2011-07-03/2011-07-05;2011-07-07/2011-07-09;2011-07-13/2011-07-16;2011-07-16/2011-07-18;2011-07-18/2011-07-25;2011-07-26/2011-07-28;2011-08-01/2011-08-07;2011-08-07/2011-08-09;2011-08-09/2011-08-13;2011-08-14/2011-08-23;2011-08-25/2011-08-31;2011-09-05/2011-09-08;2011-09-09/2011-09-12;2011-09-12/2011-09-14;2011-09-16/2011-09-18;2011-09-18/2011-09-21;2011-10-15/2011-10-17;2011-10-22/2011-10-24;2011-10-29/2011-10-31;2011-10-31/2011-11-02;2011-11-02/2011-11-04;2011-11-04/2011-11-06;2011-11-11/2011-11-13;2011-11-14/2011-11-17;2011-11-17/2011-11-19;2011-11-19/2011-11-21;2011-11-23/2011-11-25;2011-12-20/2011-12-23;2011-12-24/2011-12-28;2011-12-28/2012-01-03;2012-01-04/2012-01-06;2012-01-06/2012-01-10;2012-01-10/2012-01-12;2012-01-15/2012-01-17;2012-01-19/2012-01-21;2012-01-27/2012-02-04;2012-02-04/2012-02-08;2012-02-08/2012-02-20;2012-02-20/2012-02-23;2012-02-23/2012-02-29;2012-02-29/2012-03-05;2012-03-07/2012-03-09;2012-03-09/2012-03-13;2012-03-13/2012-03-17;2012-03-19/2012-03-21;2012-03-22/2012-03-26;2012-03-27/2012-04-29;2012-04-30/2012-05-04;2012-05-04/2012-05-08;2012-05-08/2012-05-14;2012-05-14/2012-05-18;2012-05-18/2012-05-20;2012-05-20/2012-05-27;2012-05-27/2012-06-01;2012-06-01/2020-01-15
kotfu;2010-10-21/2020-01-15
gjastrab;2010-10-22/2020-01-15
robzolkos;2010-10-19/2010-10-24;2010-10-24/2020-01-15
cylence;2010-10-25/2020-01-15
ugisozols;2010-10-25/2011-05-20;2011-05-20/2011-06-11;2011-06-11/2011-09-06;2011-09-06/2011-09-17;2011-09-17/2011-09-29;2011-09-29/2011-10-07;2011-10-07/2011-11-25;2011-11-25/2011-12-05;2011-12-05/2011-12-15;2011-12-15/2011-12-26;2011-12-26/2020-01-15
mikel;2010-10-26/2020-01-15
jeremy;2010-10-26/2011-01-08;2011-01-08/2011-05-17;2011-05-17/2011-07-19;2011-07-19/2011-10-03;2011-10-03/2011-10-06;2011-10-06/2011-10-08;2011-10-09/2011-10-12;2011-10-14/2011-10-19;2011-10-19/2011-10-25;2011-10-25/2011-10-29;2011-10-29/2011-11-02;2011-11-02/2011-11-04;2011-11-04/2011-11-30;2011-11-30/2011-12-11;2011-12-11/2011-12-14;2011-12-14/2011-12-21;2011-12-21/2011-12-24;2011-12-24/2012-01-04;2012-01-04/2012-02-07;2012-02-07/2012-03-27;2012-03-27/2012-04-10;2012-04-10/2012-04-12;2012-04-12/2012-04-16;2012-04-17/2012-04-19;2012-04-19/2012-04-21;2012-04-21/2012-04-23;2012-04-25/2012-04-30;2012-04-30/2012-05-02;2012-05-02/2012-05-05;2012-05-05/2012-05-10;2012-05-10/2012-05-19;2012-05-19/2012-05-31;2012-05-31/2012-09-19;2012-09-19/2012-09-24;2012-09-24/2012-09-26;2012-09-26/2012-09-28;2012-09-28/2012-09-30;2012-09-30/2012-10-07;2012-10-07/2012-10-27;2012-10-27/2012-11-29;2012-11-29/2012-12-03;2012-12-04/2013-01-06;2013-01-06/2013-01-11;2013-01-11/2013-03-24;2013-03-24/2020-01-15
snusnu;2010-10-29/2020-01-15
odorcicd;2010-10-21/2010-10-23;2010-10-23/2010-11-10;2010-11-10/2020-01-15
lifo;2010-11-02/2010-12-29;2010-12-30/2011-01-04;2011-01-04/2011-01-31;2011-01-31/2011-03-25;2011-03-25/2011-10-26;2011-10-26/2012-08-28;2012-08-28/2020-01-15
drogus;2010-10-15/2010-10-19;2010-10-21/2010-10-23;2010-10-23/2010-10-26;2010-10-26/2010-10-28;2010-10-29/2010-11-02;2010-11-04/2010-11-08;2010-11-08/2010-11-11;2010-11-11/2010-11-15;2010-11-18/2010-11-21;2010-11-21/2010-12-03;2010-12-04/2010-12-08;2010-12-10/2010-12-13;2010-12-13/2010-12-15;2010-12-19/2010-12-22;2010-12-22/2010-12-31;2010-12-31/2011-02-09;2011-02-09/2011-03-22;2011-03-22/2011-04-16;2011-04-16/2011-04-25;2011-04-26/2011-05-10;2011-05-10/2011-05-13;2011-05-14/2011-06-01;2011-06-01/2011-06-07;2011-06-07/2011-06-11;2011-06-11/2011-07-26;2011-07-26/2011-11-22;2011-11-22/2011-11-24;2011-11-25/2011-12-08;2011-12-10/2011-12-13;2011-12-14/2011-12-16;2011-12-17/2011-12-19;2011-12-20/2011-12-22;2011-12-22/2011-12-26;2011-12-26/2012-01-12;2012-01-12/2012-01-15;2012-01-17/2012-03-02;2012-03-02/2012-03-13;2012-03-13/2012-03-15;2012-03-15/2012-03-17;2012-03-18/2012-03-22;2012-03-23/2012-03-26;2012-03-28/2012-03-31;2012-03-31/2012-04-15;2012-04-15/2012-04-28;2012-05-01/2012-05-05;2012-05-05/2012-05-09;2012-05-10/2012-05-18;2012-05-18/2012-05-20;2012-05-22/2012-05-27;2012-05-27/2012-05-30;2012-05-30/2012-06-01;2012-06-02/2012-06-07;2012-06-08/2012-07-11;2012-07-11/2012-08-11;2012-08-11/2012-08-29;2012-08-29/2013-02-03;2013-02-03/2020-01-15
dontangg;2010-11-02/2010-12-16;2010-12-17/2020-01-15
awebneck;2010-11-01/2020-01-15
chriseppstein;2010-11-05/2011-06-14;2011-06-14/2011-06-18;2011-06-18/2011-06-27;2011-06-27/2020-01-15
radar;2010-11-07/2010-11-13;2010-11-13/2010-11-15;2010-11-15/2010-11-23;2010-11-23/2010-11-26;2010-11-27/2010-11-29;2010-11-29/2010-12-01;2010-12-05/2010-12-09;2010-12-13/2010-12-15;2010-12-15/2010-12-17;2010-12-17/2010-12-20;2010-12-21/2010-12-23;2010-12-24/2010-12-27;2010-12-29/2010-12-31;2010-12-31/2011-01-03;2011-01-03/2011-01-06;2011-01-06/2011-03-22;2011-03-22/2011-03-26;2011-03-26/2011-03-30;2011-03-30/2011-04-05;2011-04-05/2011-06-06;2011-06-06/2011-06-18;2011-06-18/2011-06-26;2011-06-27/2011-07-08;2011-07-08/2011-07-18;2011-07-18/2011-09-13;2011-09-14/2011-10-04;2011-10-06/2011-10-09;2011-10-10/2011-10-13;2011-10-17/2011-10-19;2011-10-20/2011-10-28;2011-10-28/2011-11-01;2011-11-01/2011-12-03;2011-12-03/2020-01-15
rsim;2010-11-07/2010-12-23;2010-12-23/2011-01-04;2011-01-04/2011-01-10;2011-01-10/2011-02-02;2011-02-02/2011-02-09;2011-02-09/2011-04-25;2011-04-25/2011-06-08;2011-06-08/2011-06-28;2011-06-28/2011-08-08;2011-08-08/2011-08-30;2011-08-30/2020-01-15
laserlemon;2010-10-12/2011-12-08;2011-12-09/2020-01-15
Fjan;2010-11-06/2020-01-15
dmathieu;2010-11-08/2011-05-21;2011-05-21/2011-05-24;2011-05-24/2011-05-26;2011-05-26/2011-05-30;2011-06-01/2011-06-09;2011-06-09/2011-06-14;2011-06-15/2011-06-17;2011-06-17/2011-06-25;2011-06-26/2011-07-02;2011-07-03/2011-07-19;2011-07-20/2011-07-23;2011-07-26/2011-08-23;2011-08-23/2011-09-01;2011-09-01/2011-09-05;2011-09-06/2011-09-08;2011-09-08/2012-01-06;2012-01-06/2014-01-06;2014-01-06/2020-01-15
dchelimsky;2010-11-07/2011-04-09;2011-04-09/2011-04-23;2011-04-23/2011-05-16;2011-05-17/2011-05-22;2011-05-22/2011-06-25;2011-06-25/2020-01-15
alvarobp;2010-09-11/2011-12-21;2011-12-21/2020-01-15
carlosantoniodasilva;2010-11-11/2010-12-05;2010-12-05/2011-02-08;2011-02-08/2011-02-11;2011-02-12/2011-05-14;2011-05-15/2011-12-04;2011-12-04/2012-01-15;2012-01-18/2012-01-22;2012-01-22/2012-01-25;2012-01-25/2012-02-01;2012-02-01/2012-03-02;2012-03-03/2012-03-06;2012-03-07/2012-03-22;2012-03-24/2012-04-24;2012-04-24/2012-05-09;2012-05-09/2012-05-13;2012-05-15/2012-05-19;2012-05-19/2012-05-21;2012-05-21/2012-05-24;2012-05-24/2012-05-30;2012-05-30/2012-06-05;2012-06-05/2012-06-19;2012-06-19/2012-06-25;2012-06-25/2012-06-28;2012-06-28/2012-07-26;2012-07-26/2012-08-02;2012-08-02/2012-08-15;2012-08-15/2012-08-19;2012-08-19/2012-08-21;2012-08-21/2012-09-07;2012-09-07/2012-09-13;2012-09-13/2012-10-20;2012-10-20/2012-10-28;2012-10-28/2012-11-01;2012-11-01/2012-11-09;2012-11-10/2012-11-12;2012-11-14/2012-11-16;2012-11-19/2012-11-25;2012-11-26/2012-11-28;2012-11-28/2012-11-30;2012-11-30/2012-12-03;2012-12-03/2012-12-07;2012-12-07/2012-12-10;2012-12-11/2012-12-13;2012-12-13/2012-12-15;2012-12-15/2012-12-19;2012-12-19/2013-01-03;2013-01-03/2013-01-05;2013-01-05/2013-01-07;2013-01-10/2013-01-15;2013-01-15/2013-01-17;2013-01-17/2013-01-22;2013-01-22/2013-01-25;2013-01-25/2013-01-29;2013-01-29/2013-02-03;2013-02-03/2013-02-12;2013-02-12/2013-02-14;2013-02-14/2013-02-21;2013-02-23/2013-02-26;2013-02-26/2013-02-28;2013-02-28/2013-03-05;2013-03-05/2013-03-08;2013-03-09/2013-03-18;2013-03-20/2013-03-27;2013-03-27/2013-03-30;2013-03-30/2013-04-03;2013-04-03/2013-04-13;2013-04-13/2013-04-16;2013-04-17/2013-05-05;2013-05-05/2013-05-07;2013-05-07/2013-06-26;2013-06-26/2013-07-17;2013-07-17/2013-12-05;2013-12-05/2020-01-15
marklazz;2010-10-03/2020-01-15
zhengjia;2010-10-27/2010-11-16;2010-11-16/2010-12-18;2010-12-18/2011-07-22;2011-07-22/2011-10-11;2011-10-11/2020-01-15
franckverrot;2010-11-12/2010-11-18;2010-11-18/2010-11-24;2010-11-24/2010-11-27;2010-11-27/2011-01-25;2011-01-25/2011-05-25;2011-05-25/2011-07-11;2011-07-11/2011-07-19;2011-07-19/2011-07-24;2011-07-24/2011-07-26;2011-07-26/2011-07-28;2011-07-28/2011-07-31;2011-07-31/2011-08-14;2011-08-14/2011-11-04;2011-11-04/2020-01-15
sleeper;2010-11-11/2020-01-15
lardawge;2010-11-14/2020-01-15
raggi;2010-10-26/2010-11-24;2010-11-24/2020-01-15
paneq;2010-10-24/2020-01-15
jasoncheow;2010-11-14/2020-01-15
jaimeiniesta;2010-11-14/2010-11-16;2010-11-17/2010-11-19;2010-11-19/2010-11-23;2010-11-23/2011-01-17;2011-01-17/2011-09-13;2011-09-13/2020-01-15
bensie;2010-11-15/2011-05-10;2011-05-10/2011-06-18;2011-06-18/2011-07-05;2011-07-05/2011-12-28;2011-12-28/2020-01-15
eparreno;2010-11-15/2011-08-10;2011-08-10/2020-01-15
joshk;2010-11-17/2010-11-19;2010-11-19/2010-11-22;2010-11-22/2010-11-24;2010-11-25/2010-11-30;2010-11-30/2011-01-12;2011-01-12/2011-02-09;2011-02-13/2011-02-27;2011-02-27/2011-03-16;2011-03-16/2011-03-24;2011-03-24/2011-03-30;2011-03-31/2011-04-02;2011-04-02/2011-04-04;2011-04-04/2011-04-18;2011-04-19/2011-04-22;2011-04-28/2011-05-01;2011-05-04/2011-05-08;2011-05-09/2011-05-11;2011-05-12/2011-05-17;2011-05-19/2011-05-21;2011-05-21/2011-05-23;2011-05-25/2011-05-31;2011-05-31/2011-07-15;2011-07-15/2011-07-17;2011-07-17/2011-07-19;2011-07-19/2011-07-26;2011-07-26/2020-01-15
dougireton;2010-11-16/2020-01-15
carllerche;2010-11-17/2011-02-05;2011-02-06/2020-01-15
leohackin;2010-11-18/2020-01-15
alexrothenberg;2010-11-08/2010-11-22;2010-11-23/2020-01-15
lcapillera;2010-11-18/2020-01-15
triskweline;2010-11-19/2020-01-15
swistak;2010-08-29/2010-09-06;2010-09-06/2010-10-03;2010-10-03/2020-01-15
miloops;2010-09-13/2010-09-15;2010-09-15/2010-09-17;2010-09-17/2010-09-20;2010-09-21/2010-10-06;2010-10-08/2010-10-14;2010-10-15/2010-10-20;2010-10-20/2010-10-30;2010-10-30/2010-11-04;2010-11-04/2010-11-10;2010-11-10/2010-11-18;2010-11-20/2010-11-25;2010-11-25/2010-12-20;2010-12-20/2011-02-15;2011-02-15/2011-02-18;2011-02-18/2011-04-03;2011-04-03/2011-04-05;2011-04-05/2011-04-15;2011-04-15/2020-01-15
nosolopau;2010-11-20/2020-01-15
matthewrudy;2010-11-21/2020-01-15
sikachu;2010-11-20/2010-12-31;2011-01-01/2011-01-04;2011-01-04/2011-02-22;2011-02-22/2011-03-11;2011-03-11/2011-03-22;2011-03-22/2011-03-27;2011-03-28/2011-04-09;2011-04-14/2011-04-24;2011-04-24/2011-04-26;2011-04-26/2011-04-28;2011-04-28/2011-05-02;2011-05-03/2011-05-13;2011-05-13/2011-05-15;2011-05-15/2011-05-18;2011-05-18/2011-05-22;2011-05-22/2011-06-01;2011-06-01/2011-06-03;2011-06-03/2011-06-08;2011-06-10/2011-07-11;2011-07-12/2011-07-17;2011-07-18/2011-09-02;2011-09-03/2011-09-05;2011-09-05/2011-10-05;2011-10-05/2011-10-20;2011-10-20/2011-11-11;2011-11-11/2011-11-18;2011-11-18/2011-12-02;2011-12-02/2011-12-07;2011-12-07/2012-02-01;2012-02-01/2012-02-03;2012-02-03/2012-03-06;2012-03-06/2012-04-09;2012-04-09/2012-04-23;2012-04-23/2012-07-09;2012-07-09/2012-08-06;2012-08-06/2013-01-09;2013-01-09/2013-02-14;2013-02-14/2013-02-21;2013-02-22/2013-02-24;2013-02-24/2020-01-15
jergason;2010-11-20/2020-01-15
balexand;2010-11-22/2020-01-15
davidw;2010-11-22/2020-01-15
pahanix;2010-11-22/2010-11-24;2010-11-24/2010-12-07;2010-12-07/2020-01-15
raybaxter;2010-11-23/2011-06-26;2011-06-26/2011-07-01;2011-07-01/2011-07-17;2011-07-17/2011-07-21;2011-07-21/2011-08-31;2011-08-31/2011-09-04;2011-09-04/2011-09-10;2011-09-10/2020-01-15
chuyeow;2010-11-25/2010-12-29;2010-12-29/2011-02-27;2011-02-27/2011-04-22;2011-04-22/2011-11-11;2011-11-11/2011-11-13;2011-11-13/2020-01-15
xaviershay;2010-11-27/2020-01-15
amatsuda;2010-08-30/2010-11-10;2010-11-10/2010-11-28;2010-11-28/2010-12-16;2010-12-17/2010-12-24;2010-12-25/2011-01-15;2011-01-15/2011-01-28;2011-01-29/2011-02-06;2011-02-07/2011-03-05;2011-03-06/2011-04-03;2011-04-03/2011-04-19;2011-04-19/2011-05-12;2011-05-12/2011-05-16;2011-05-16/2011-05-18;2011-05-18/2011-05-20;2011-05-20/2011-05-25;2011-05-25/2011-05-28;2011-05-28/2011-06-01;2011-06-01/2011-06-28;2011-06-28/2011-07-07;2011-07-08/2011-07-13;2011-07-15/2011-08-24;2011-08-24/2011-10-01;2011-10-01/2011-10-12;2011-10-12/2011-11-03;2011-11-03/2011-11-07;2011-11-10/2011-11-12;2011-11-12/2012-02-13;2012-02-13/2012-04-19;2012-04-19/2012-06-01;2012-06-01/2013-01-03;2013-01-03/2020-01-15
jhawthorn;2010-11-29/2011-01-12;2011-01-12/2020-01-15
thilo;2010-11-28/2020-01-15
joshsusser;2010-03-15/2010-03-17;2010-03-17/2010-03-21;2010-03-21/2010-12-01;2010-12-01/2011-03-24;2011-03-25/2011-11-15;2011-11-16/2011-11-27;2011-11-27/2011-11-29;2011-11-29/2020-01-15
git2samus;2010-12-03/2020-01-15
vijaydev;2010-12-05/2010-12-10;2010-12-12/2010-12-15;2010-12-15/2010-12-17;2010-12-17/2010-12-19;2010-12-19/2010-12-22;2010-12-26/2010-12-28;2010-12-28/2011-01-01;2011-01-02/2011-01-05;2011-01-05/2011-01-08;2011-01-08/2011-01-14;2011-01-16/2011-01-23;2011-01-23/2011-02-06;2011-02-06/2011-02-08;2011-02-08/2011-02-10;2011-02-10/2011-02-17;2011-02-17/2011-02-19;2011-02-20/2011-02-24;2011-02-24/2011-02-26;2011-02-26/2011-03-07;2011-03-07/2011-03-10;2011-03-10/2011-03-16;2011-03-16/2011-03-26;2011-03-28/2011-03-31;2011-03-31/2011-04-03;2011-04-03/2011-04-06;2011-04-06/2011-04-20;2011-04-20/2011-04-22;2011-04-23/2011-04-26;2011-04-27/2011-05-01;2011-05-04/2011-05-07;2011-05-11/2011-05-13;2011-05-13/2011-05-17;2011-05-17/2011-05-24;2011-05-25/2011-05-28;2011-05-29/2011-06-01;2011-06-01/2011-06-03;2011-06-08/2011-06-10;2011-06-16/2011-06-18;2011-06-19/2011-06-22;2011-06-22/2011-06-24;2011-06-27/2011-06-30;2011-06-30/2011-07-02;2011-07-04/2011-07-08;2011-07-08/2011-07-10;2011-07-10/2011-07-15;2011-07-15/2011-07-19;2011-07-19/2011-07-22;2011-07-22/2011-07-25;2011-07-26/2011-07-28;2011-07-28/2011-07-30;2011-07-31/2011-08-03;2011-08-03/2011-08-05;2011-08-07/2011-08-13;2011-08-16/2011-08-19;2011-08-20/2011-08-27;2011-08-27/2011-08-31;2011-09-05/2011-09-07;2011-09-08/2011-09-10;2011-09-14/2011-09-16;2011-09-16/2011-09-20;2011-09-21/2011-09-25;2011-09-25/2011-09-27;2011-09-28/2011-10-05;2011-10-07/2011-10-09;2011-10-12/2011-10-14;2011-10-14/2011-10-16;2011-10-17/2011-10-19;2011-10-20/2011-10-22;2011-10-22/2011-10-25;2011-10-26/2011-10-29;2011-11-02/2011-11-04;2011-11-11/2011-11-13;2011-11-13/2011-11-15;2011-11-15/2011-11-17;2011-11-18/2011-11-21;2011-11-22/2011-11-26;2011-11-26/2011-11-28;2011-11-30/2011-12-02;2011-12-02/2011-12-04;2011-12-04/2011-12-06;2011-12-06/2011-12-08;2011-12-08/2011-12-11;2011-12-11/2011-12-13;2011-12-13/2011-12-16;2011-12-16/2011-12-18;2011-12-18/2011-12-23;2011-12-25/2011-12-29;2011-12-31/2012-01-04;2012-01-04/2012-01-11;2012-01-12/2012-01-16;2012-01-16/2012-01-18;2012-01-19/2012-01-23;2012-01-23/2012-01-25;2012-01-25/2012-01-30;2012-01-30/2012-02-14;2012-02-14/2012-02-18;2012-02-18/2012-02-21;2012-02-21/2012-03-08;2012-03-09/2012-03-29;2012-03-29/2012-04-06;2012-04-06/2012-04-10;2012-04-10/2012-04-12;2012-04-12/2012-04-23;2012-04-23/2012-04-26;2012-04-26/2012-05-04;2012-05-04/2012-05-08;2012-05-09/2012-05-13;2012-05-13/2012-05-15;2012-05-15/2012-05-17;2012-05-17/2020-01-15
lucascaton;2010-12-05/2020-01-15
evtuhovich;2010-12-08/2011-11-07;2011-11-07/2020-01-15
zilkey;2010-12-04/2020-01-15
paulodeon;2010-12-11/2020-01-15
samuelkadolph;2010-12-09/2011-03-11;2011-03-11/2020-01-15
remear;2010-12-13/2020-01-15
chielwester;2010-12-13/2020-01-15
ziggurism;2010-05-02/2020-01-15
elben;2010-12-15/2020-01-15
knoopx;2010-09-30/2020-01-15
dhh;2010-12-19/2010-12-29;2010-12-29/2011-03-26;2011-03-27/2011-03-29;2011-03-29/2011-03-31;2011-03-31/2011-04-11;2011-04-11/2011-04-13;2011-04-14/2011-04-18;2011-04-19/2011-04-22;2011-04-23/2011-04-25;2011-04-27/2011-04-29;2011-04-29/2011-05-01;2011-05-03/2011-05-05;2011-05-05/2011-05-10;2011-05-10/2011-05-12;2011-05-12/2011-05-21;2011-05-22/2011-05-24;2011-05-24/2011-06-06;2011-06-06/2011-06-08;2011-06-08/2011-06-13;2011-06-13/2011-06-27;2011-06-27/2011-08-15;2011-08-15/2011-08-23;2011-08-23/2011-10-13;2011-10-13/2011-10-19;2011-10-19/2011-10-25;2011-10-25/2011-12-01;2011-12-02/2011-12-09;2011-12-09/2011-12-20;2011-12-20/2012-01-20;2012-01-20/2012-01-27;2012-01-27/2012-03-14;2012-03-14/2012-03-20;2012-03-20/2012-08-07;2012-08-07/2020-01-15
willcannings;2010-12-19/2020-01-15
leereilly;2010-12-22/2011-05-25;2011-05-25/2011-05-29;2011-05-29/2020-01-15
johnpaulashenfelter;2010-11-30/2011-02-09;2011-02-09/2011-05-19;2011-05-19/2020-01-15
rizwanreza;2010-12-23/2012-01-11;2012-01-11/2020-01-15
willbryant;2009-08-13/2012-01-23;2012-01-23/2020-01-15
szimek;2009-08-13/2020-01-15
be9;2010-08-26/2020-01-15
artemave;2010-09-17/2010-10-01;2010-10-01/2010-12-12;2010-12-12/2020-01-15
wycats;2010-12-27/2011-02-06;2011-02-06/2011-02-20;2011-02-20/2011-05-23;2011-05-25/2011-06-16;2011-06-16/2011-09-26;2011-09-27/2011-10-15;2011-10-15/2011-11-13;2011-11-15/2011-11-19;2011-11-19/2011-11-22;2011-11-23/2011-11-27;2011-11-27/2011-11-30;2011-11-30/2011-12-10;2011-12-11/2020-01-15
karmi;2010-12-28/2011-01-01;2011-01-02/2011-05-14;2011-05-14/2020-01-15
apotonick;2010-12-30/2011-01-05;2011-01-06/2011-01-18;2011-01-18/2011-05-03;2011-05-03/2011-05-12;2011-05-12/2011-09-22;2011-09-22/2020-01-15
tukan;2010-11-23/2011-02-05;2011-02-05/2011-02-07;2011-02-08/2011-02-12;2011-02-12/2020-01-15
jfirebaugh;2011-01-09/2011-01-18;2011-01-18/2011-03-29;2011-03-29/2012-07-17;2012-07-17/2012-10-10;2012-10-10/2020-01-15
kytrinyx;2011-01-06/2020-01-15
jrallison;2011-01-05/2020-01-15
kevmoo;2010-11-19/2011-05-17;2011-05-17/2011-12-28;2011-12-28/2012-04-03;2012-04-03/2020-01-15
techpeace;2011-01-14/2011-01-19;2011-01-19/2020-01-15
jrom;2011-01-15/2011-05-08;2011-05-08/2020-01-15
anayden;2011-01-13/2020-01-15
dasch;2011-01-15/2011-05-22;2011-05-22/2011-05-24;2011-05-24/2011-07-08;2011-07-09/2011-08-22;2011-08-23/2011-08-25;2011-08-25/2011-08-28;2011-08-29/2011-09-04;2011-09-04/2013-05-10;2013-05-11/2020-01-15
ctrochalakis;2010-09-16/2020-01-15
jamis;2011-01-19/2020-01-15
tbuehlmann;2011-01-19/2020-01-15
dougfales;2011-01-18/2020-01-15
paulyoder;2011-01-27/2011-01-31;2011-01-31/2020-01-15
mjankowski;2011-01-27/2011-06-21;2011-06-22/2011-06-26;2011-06-26/2011-07-01;2011-07-01/2011-07-12;2011-07-12/2020-01-15
kw217;2011-01-27/2020-01-15
jstorimer;2011-01-29/2011-07-18;2011-07-18/2020-01-15
parndt;2011-01-27/2011-01-29;2011-01-29/2011-11-17;2011-11-18/2012-03-10;2012-03-10/2012-03-13;2012-03-13/2012-05-31;2012-05-31/2012-07-25;2012-07-26/2020-01-15
misfo;2011-01-29/2011-02-08;2011-02-08/2011-04-23;2011-04-23/2011-05-10;2011-05-10/2020-01-15
geemus;2011-01-10/2011-08-11;2011-08-11/2020-01-15
glv;2011-01-29/2020-01-15
zmack;2010-11-19/2020-01-15
fredwu;2011-02-02/2013-03-05;2013-03-05/2013-03-20;2013-03-20/2013-03-26;2013-03-27/2020-01-15
bernerdschaefer;2011-02-02/2020-01-15
cldwalker;2011-02-05/2011-02-10;2011-02-10/2011-03-15;2011-03-15/2011-03-19;2011-03-19/2011-03-29;2011-03-29/2011-07-22;2011-07-22/2011-07-24;2011-07-24/2020-01-15
tpope;2011-02-03/2012-04-03;2012-04-03/2020-01-15
guillermo;2011-02-02/2020-01-15
metaskills;2011-02-03/2011-02-09;2011-02-09/2011-04-22;2011-04-22/2011-04-24;2011-04-24/2011-06-10;2011-06-10/2011-06-21;2011-06-21/2020-01-15
fbrusatti;2011-02-03/2020-01-15
kevinskoglund;2011-02-04/2011-02-07;2011-02-07/2020-01-15
ef4;2011-02-04/2020-01-15
r00k;2011-02-04/2011-02-15;2011-02-17/2011-02-19;2011-02-19/2011-02-26;2011-02-28/2011-03-25;2011-03-25/2011-05-18;2011-05-18/2011-05-27;2011-05-28/2011-06-02;2011-06-02/2011-06-09;2011-06-09/2011-06-29;2011-06-29/2020-01-15
htp;2011-02-05/2020-01-15
indirect;2011-02-05/2011-04-14;2011-04-14/2011-11-12;2011-11-16/2020-01-15
pda;2011-02-07/2020-01-15
nbibler;2011-01-02/2012-06-01;2012-06-01/2020-01-15
kuroda;2011-01-26/2011-12-05;2011-12-05/2011-12-25;2011-12-25/2012-01-04;2012-01-04/2012-06-06;2012-06-06/2020-01-15
pavlos;2011-02-10/2020-01-15
jonnii;2011-02-10/2020-01-15
tomstuart;2011-02-12/2020-01-15
coreyward;2011-02-12/2020-01-15
morgoth;2011-02-12/2011-11-10;2011-11-10/2020-01-15
brianmario;2011-02-13/2020-01-15
mikegehard;2011-02-09/2011-02-13;2011-02-13/2011-03-10;2011-03-10/2011-04-30;2011-04-30/2011-05-07;2011-05-07/2011-09-09;2011-09-09/2020-01-15
cris;2011-02-15/2020-01-15
kenmazaika;2011-02-14/2020-01-15
JangoSteve;2011-02-10/2020-01-15
jimmycuadra;2011-02-16/2011-02-19;2011-02-19/2020-01-15
genlinux;2011-02-17/2020-01-15
kedarmhaswade;2011-02-18/2020-01-15
nixterrimus;2011-02-18/2011-02-20;2011-02-21/2020-01-15
fcheung;2011-02-18/2011-05-22;2011-05-22/2020-01-15
dcrec1;2011-02-19/2011-02-28;2011-02-28/2011-03-04;2011-03-06/2011-03-09;2011-03-10/2011-04-20;2011-04-20/2011-04-27;2011-04-27/2011-10-10;2011-10-10/2011-10-13;2011-10-13/2020-01-15
alindeman;2011-02-20/2011-05-17;2011-05-17/2011-05-23;2011-05-23/2011-09-11;2011-09-11/2011-10-19;2011-10-19/2020-01-15
reu;2011-02-21/2011-02-23;2011-02-23/2011-02-27;2011-02-27/2011-06-08;2011-06-08/2020-01-15
amerine;2011-02-21/2012-08-09;2012-08-09/2020-01-15
bowsersenior;2011-02-21/2020-01-15
kamal;2011-02-09/2020-01-15
vinibaggio;2011-02-23/2020-01-15
somebody32;2011-02-26/2020-01-15
dalibor;2011-03-03/2011-03-05;2011-03-06/2011-11-06;2011-11-06/2020-01-15
lenary;2011-02-28/2020-01-15
wildchild;2011-02-13/2011-02-25;2011-02-25/2011-03-06;2011-03-06/2011-06-23;2011-06-23/2011-11-17;2011-11-17/2020-01-15
judearasu;2011-03-03/2011-03-05;2011-03-06/2011-05-23;2011-05-23/2011-06-14;2011-06-14/2011-06-16;2011-06-16/2011-06-19;2011-06-19/2011-07-05;2011-07-05/2011-07-18;2011-07-19/2011-07-21;2011-07-21/2011-07-25;2011-07-25/2011-08-03;2011-08-03/2011-08-05;2011-08-05/2020-01-15
mjy;2011-03-03/2011-10-25;2011-10-25/2020-01-15
jonathonjones;2011-03-03/2020-01-15
jmileham;2011-03-04/2011-03-24;2011-03-24/2011-05-26;2011-05-26/2011-08-23;2011-08-24/2020-01-15
rtlechow;2011-03-04/2011-06-16;2011-06-16/2020-01-15
suchasurge;2011-03-06/2020-01-15
obrie;2011-03-07/2020-01-15
farski;2011-03-08/2011-03-14;2011-03-14/2020-01-15
dre3k;2011-03-09/2020-01-15
panthomakos;2011-03-12/2020-01-15
excid3;2011-03-11/2020-01-15
andriytyurnikov;2011-03-10/2020-01-15
larssmit;2011-03-13/2020-01-15
manuelmeurer;2011-03-13/2011-03-16;2011-03-16/2020-01-15
fevrisn;2011-03-13/2020-01-15
jackdempsey;2011-03-13/2020-01-15
norman;2011-03-15/2011-07-19;2011-07-19/2012-04-18;2012-04-18/2020-01-15
Bounga;2011-03-16/2020-01-15
nu7hatch;2011-03-19/2020-01-15
iain;2011-03-19/2020-01-15
josh;2011-03-22/2011-03-28;2011-03-31/2011-04-13;2011-04-13/2011-04-19;2011-04-19/2011-04-21;2011-04-22/2011-04-26;2011-04-27/2011-05-02;2011-05-02/2011-05-13;2011-05-13/2011-05-17;2011-05-17/2011-05-19;2011-05-20/2011-05-22;2011-05-23/2011-05-30;2011-05-30/2011-06-07;2011-06-07/2011-06-14;2011-06-14/2011-06-20;2011-06-22/2011-07-11;2011-07-11/2011-07-27;2011-07-27/2011-08-08;2011-08-08/2011-08-21;2011-08-22/2011-08-24;2011-08-24/2012-08-07;2012-08-07/2020-01-15
drnic;2011-03-22/2020-01-15
h-lame;2011-03-11/2020-01-15
adzap;2011-03-01/2020-01-15
Manfred;2011-02-25/2020-01-15
goncalossilva;2011-03-30/2011-04-03;2011-04-03/2011-04-17;2011-04-17/2011-05-08;2011-05-10/2011-10-30;2011-10-30/2020-01-15
smartinez87;2011-03-29/2011-04-11;2011-04-20/2011-04-22;2011-04-24/2011-04-26;2011-04-27/2011-04-30;2011-05-02/2011-05-04;2011-05-06/2011-05-08;2011-05-08/2011-05-10;2011-05-10/2011-05-16;2011-05-17/2011-05-19;2011-05-19/2011-05-21;2011-05-21/2011-05-23;2011-05-26/2011-05-28;2011-05-28/2011-06-08;2011-06-09/2011-06-11;2011-06-11/2011-06-14;2011-06-14/2011-08-12;2011-08-12/2011-08-15;2011-08-15/2011-08-19;2011-08-19/2011-09-01;2011-09-01/2020-01-15
eadz;2011-03-19/2020-01-15
jivey;2011-03-31/2020-01-15
amaia;2011-03-31/2020-01-15
burningTyger;2011-03-31/2020-01-15
joncooper;2011-03-31/2020-01-15
orta;2011-03-14/2020-01-15
simply-phi;2011-04-03/2020-01-15
durran;2011-04-05/2020-01-15
marcandre;2011-03-05/2011-03-16;2011-03-16/2011-07-23;2011-07-23/2011-11-22;2011-11-22/2011-11-29;2011-11-29/2011-12-06;2011-12-06/2012-05-21;2012-05-21/2020-01-15
robinjam;2011-04-08/2020-01-15
joliss;2011-04-08/2011-12-27;2011-12-27/2020-01-15
bcardarella;2011-03-19/2011-04-11;2011-04-11/2011-04-29;2011-04-29/2011-07-29;2011-07-30/2012-05-16;2012-05-16/2020-01-15
CvX;2011-04-12/2020-01-15
mrduncan;2011-04-16/2020-01-15
hayesr;2011-04-14/2020-01-15
stiang;2011-04-14/2020-01-15
jaredonline;2011-04-14/2011-04-26;2011-04-26/2020-01-15
jballanc;2011-04-15/2020-01-15
mpapis;2011-04-16/2020-01-15
jasoncodes;2011-04-17/2020-01-15
arunagw;2011-04-16/2011-04-18;2011-04-18/2011-04-22;2011-04-23/2011-04-25;2011-04-27/2011-05-04;2011-05-05/2011-05-07;2011-05-07/2011-05-10;2011-05-10/2011-05-13;2011-05-14/2011-05-16;2011-05-26/2011-05-31;2011-06-01/2011-06-03;2011-06-06/2011-06-15;2011-06-16/2011-06-19;2011-06-20/2011-06-22;2011-06-23/2011-06-25;2011-06-25/2011-06-28;2011-06-28/2011-07-17;2011-07-17/2011-07-21;2011-07-21/2011-07-23;2011-07-23/2011-07-29;2011-08-01/2011-08-05;2011-08-05/2011-08-12;2011-08-13/2011-08-15;2011-08-15/2011-08-19;2011-08-19/2011-08-25;2011-08-26/2011-09-03;2011-09-05/2011-09-09;2011-09-10/2011-09-17;2011-09-18/2011-09-30;2011-10-01/2011-10-08;2011-10-10/2011-10-17;2011-10-18/2011-10-20;2011-10-22/2011-10-24;2011-10-24/2011-10-27;2011-10-27/2011-10-29;2011-10-29/2011-11-04;2011-11-04/2011-11-08;2011-11-09/2011-11-11;2011-11-11/2011-11-17;2011-11-17/2011-11-19;2011-11-20/2011-11-26;2011-11-28/2011-12-02;2011-12-04/2011-12-16;2011-12-18/2011-12-20;2011-12-20/2011-12-22;2011-12-22/2012-02-17;2012-02-18/2012-02-25;2012-02-25/2012-03-18;2012-03-19/2012-04-10;2012-04-10/2012-04-16;2012-04-16/2012-04-23;2012-04-23/2012-05-08;2012-05-08/2012-05-11;2012-05-11/2012-06-08;2012-06-09/2012-06-16;2012-06-16/2012-07-19;2012-07-19/2012-08-24;2012-08-24/2012-10-28;2012-10-28/2013-03-08;2013-03-08/2013-05-07;2013-05-07/2013-05-10;2013-05-10/2013-05-24;2013-05-24/2013-07-17;2013-07-17/2020-01-15
malclocke;2011-04-18/2011-05-18;2011-05-18/2020-01-15
flop;2011-04-19/2020-01-15
eric1234;2011-04-20/2020-01-15
tilsammans;2011-04-21/2011-08-21;2011-08-21/2011-08-23;2011-08-23/2011-09-07;2011-09-07/2011-10-25;2011-10-25/2011-10-28;2011-10-28/2011-11-08;2011-11-08/2020-01-15
semaperepelitsa;2011-04-22/2011-08-31;2011-08-31/2011-09-12;2011-09-12/2012-01-15;2012-01-15/2020-01-15
fxposter;2011-02-27/2020-01-15
schneems;2011-04-22/2011-12-17;2011-12-17/2020-01-15
mlr;2011-04-22/2020-01-15
MSNexploder;2011-04-25/2020-01-15
raysrashmi;2011-04-25/2011-08-04;2011-08-04/2020-01-15
philipp-kempgen;2011-04-25/2020-01-15
chadk;2011-04-26/2020-01-15
nusco;2011-04-26/2020-01-15
myronmarston;2011-04-02/2011-04-27;2011-04-28/2011-05-06;2011-05-06/2011-08-13;2011-08-13/2020-01-15
jgarber;2011-04-28/2020-01-15
bytesource;2011-04-28/2020-01-15
gmile;2011-02-12/2011-05-14;2011-05-15/2020-01-15
baroquebobcat;2011-05-01/2011-05-07;2011-05-07/2011-10-25;2011-10-25/2011-12-14;2011-12-14/2020-01-15
cgriego;2011-05-02/2011-08-31;2011-08-31/2020-01-15
matiaskorhonen;2011-05-03/2020-01-15
danielvlopes;2011-05-03/2020-01-15
backspace;2011-05-03/2020-01-15
bradleypriest;2011-05-05/2020-01-15
richardiux;2011-05-06/2020-01-15
slothbear;2011-05-05/2020-01-15
jvoegele;2011-05-05/2020-01-15
chopmo;2011-05-06/2011-06-09;2011-06-09/2020-01-15
caleywoods;2011-05-06/2020-01-15
jasonrudolph;2011-05-05/2020-01-15
dlee;2011-05-09/2011-05-11;2011-05-11/2011-05-14;2011-05-14/2011-05-17;2011-05-18/2011-05-21;2011-05-21/2011-06-03;2011-06-03/2011-06-08;2011-06-09/2020-01-15
jsnrth;2011-05-08/2020-01-15
jasonnoble;2011-05-07/2011-06-17;2011-06-17/2011-07-24;2011-07-24/2011-11-13;2011-11-13/2011-12-03;2011-12-05/2020-01-15
mathieuravaux;2011-02-27/2020-01-15
prakashmurthy;2011-05-08/2011-05-21;2011-05-21/2020-01-15
cmeiklejohn;2011-03-15/2011-06-08;2011-06-08/2011-06-20;2011-06-20/2011-07-30;2011-07-30/2020-01-15
sgerrand;2011-05-09/2020-01-15
guilleiguaran;2011-05-10/2011-05-13;2011-05-22/2011-05-24;2011-05-25/2011-06-01;2011-06-01/2011-06-05;2011-06-06/2011-06-12;2011-06-12/2011-06-17;2011-06-17/2011-06-21;2011-06-21/2011-06-27;2011-06-27/2011-07-17;2011-07-17/2011-07-23;2011-07-23/2011-07-31;2011-07-31/2011-08-05;2011-08-06/2011-08-18;2011-08-18/2011-08-20;2011-08-20/2011-08-22;2011-08-26/2011-08-29;2011-09-07/2011-09-09;2011-09-09/2011-09-11;2011-09-14/2011-09-16;2011-09-16/2011-09-20;2011-09-20/2011-09-23;2011-09-24/2011-10-02;2011-10-02/2011-10-08;2011-10-09/2011-10-22;2011-10-22/2011-11-06;2011-11-06/2011-11-14;2011-11-14/2011-12-10;2011-12-12/2012-01-13;2012-01-14/2012-01-18;2012-01-18/2012-02-06;2012-02-07/2012-05-13;2012-05-13/2012-11-09;2012-11-09/2013-01-10;2013-01-10/2013-02-08;2013-02-08/2013-02-10;2013-02-10/2013-03-03;2013-03-03/2013-08-18;2013-08-18/2014-06-18;2014-06-18/2020-01-15
chrislwade;2011-04-30/2020-01-15
latentflip;2011-05-09/2020-01-15
nono;2011-05-10/2020-01-15
jaw6;2011-03-03/2011-08-31;2011-08-31/2020-01-15
knapo;2011-05-11/2011-07-07;2011-07-07/2020-01-15
vishnuatrai;2011-05-13/2011-05-27;2011-05-27/2011-05-30;2011-05-30/2011-06-29;2011-06-29/2011-07-30;2011-08-01/2011-08-05;2011-08-05/2020-01-15
jasondew;2011-05-14/2020-01-15
tomafro;2011-05-14/2020-01-15
lucasmazza;2011-05-16/2011-12-21;2011-12-21/2020-01-15
colinyoung;2011-05-17/2020-01-15
siong1987;2011-05-18/2011-05-28;2011-05-28/2011-07-12;2011-07-12/2011-08-21;2011-08-21/2011-08-27;2011-08-27/2013-04-30;2013-04-30/2020-01-15
evanfarrar;2011-05-18/2011-05-29;2011-05-30/2011-07-23;2011-07-23/2020-01-15
jimherz;2011-05-18/2011-10-12;2011-10-12/2020-01-15
stevenbristol;2011-05-19/2020-01-15
bilts;2011-05-21/2020-01-15
raghunadhd;2011-05-21/2020-01-15
Karunakar;2011-05-21/2011-05-23;2011-05-24/2011-10-08;2011-10-09/2011-10-15;2011-10-15/2020-01-15
ganeshkumar;2011-05-21/2011-06-10;2011-06-10/2011-11-25;2011-11-25/2020-01-15
bhavinkamani;2011-05-21/2011-05-27;2011-05-27/2020-01-15
thedarkone;2011-05-21/2011-06-06;2011-06-06/2011-07-25;2011-07-25/2011-07-27;2011-07-28/2012-06-30;2012-06-30/2020-01-15
jmbejar;2011-05-21/2012-05-03;2012-05-03/2020-01-15
mceachen;2011-05-23/2020-01-15
andhapp;2011-05-22/2012-03-28;2012-03-28/2020-01-15
MDaubs;2011-05-23/2011-10-25;2011-10-25/2020-01-15
workmad3;2011-05-24/2020-01-15
dnagir;2011-05-24/2020-01-15
jeremyf;2011-05-16/2020-01-15
JoeyButler;2011-05-18/2020-01-15
TheEmpty;2011-05-26/2011-05-29;2011-05-30/2011-06-05;2011-06-05/2011-06-08;2011-06-09/2011-06-18;2011-06-18/2011-06-21;2011-06-21/2011-06-24;2011-06-24/2011-07-03;2011-07-03/2020-01-15
narwen;2011-05-26/2020-01-15
fx;2011-05-26/2020-01-15
bogdan;2011-05-26/2011-05-30;2011-05-30/2011-06-08;2011-06-08/2011-06-17;2011-06-17/2011-06-30;2011-06-30/2011-07-05;2011-07-05/2011-07-28;2011-07-28/2011-08-17;2011-08-17/2011-08-24;2011-08-25/2011-11-10;2011-11-11/2011-11-30;2011-11-30/2011-12-25;2011-12-25/2011-12-28;2011-12-28/2011-12-30;2011-12-30/2020-01-15
tekin;2011-05-26/2020-01-15
AndrewRadev;2011-05-28/2011-06-14;2011-06-14/2020-01-15
lucasts;2011-05-27/2020-01-15
gnufied;2011-05-27/2020-01-15
jacott;2011-05-28/2020-01-15
anbotero;2011-05-28/2020-01-15
jdewyea;2011-05-30/2020-01-15
htanata;2011-05-31/2011-07-14;2011-07-16/2011-07-27;2011-07-27/2011-08-14;2011-08-14/2011-08-16;2011-08-16/2011-09-05;2011-09-05/2011-10-05;2011-10-06/2011-10-15;2011-10-15/2011-11-18;2011-11-18/2011-12-18;2011-12-18/2011-12-21;2011-12-21/2020-01-15
farleyknight;2011-05-31/2020-01-15
Fonsan;2011-05-29/2020-01-15
noel;2011-05-30/2020-01-15
mjroghelia;2011-05-31/2020-01-15
setepo;2011-06-01/2020-01-15
counterleft;2011-05-27/2020-01-15
brianp;2011-06-02/2020-01-15
linuxonrails;2011-06-03/2020-01-15
rdoddaka;2011-06-03/2011-06-07;2011-06-07/2011-06-10;2011-06-10/2011-07-23;2011-07-23/2020-01-15
waynn;2011-06-03/2011-07-29;2011-07-31/2011-08-04;2011-08-05/2011-08-09;2011-08-09/2011-08-11;2011-08-11/2011-08-13;2011-08-13/2011-08-25;2011-08-25/2011-09-21;2011-09-21/2011-09-23;2011-09-23/2020-01-15
rohit;2011-06-04/2012-01-25;2012-01-25/2020-01-15
Arsen7;2011-06-06/2020-01-15
dmitriy-kiriyenko;2011-06-06/2011-07-05;2011-07-05/2011-07-07;2011-07-07/2011-08-01;2011-08-01/2011-08-04;2011-08-04/2020-01-15
sashazykov;2011-06-07/2020-01-15
TomTriple;2011-06-08/2011-06-10;2011-06-11/2011-06-15;2011-06-15/2011-07-26;2011-07-26/2011-08-01;2011-08-01/2020-01-15
tardate;2011-06-11/2011-06-17;2011-06-17/2011-06-19;2011-06-19/2020-01-15
bratish;2011-06-08/2011-07-21;2011-07-21/2011-07-23;2011-07-23/2011-07-29;2011-07-30/2020-01-15
bradleybuda;2011-06-08/2020-01-15
sishen;2011-06-09/2020-01-15
softwaregravy;2011-06-09/2020-01-15
BDQ;2011-06-08/2011-06-10;2011-06-10/2020-01-15
benedikt;2011-06-09/2012-04-03;2012-04-03/2012-04-19;2012-04-19/2020-01-15
ryanb;2011-06-13/2020-01-15
robertmassaioli;2011-06-13/2020-01-15
lstejskal;2011-06-13/2020-01-15
bagwanpankaj;2011-06-14/2020-01-15
cheerfulstoic;2011-06-14/2020-01-15
christineyen;2011-06-15/2020-01-15
daeltar;2011-06-15/2020-01-15
jasonfox;2011-06-15/2020-01-15
ihower;2011-06-16/2011-06-29;2011-06-29/2011-09-28;2011-09-28/2020-01-15
jhtwong;2011-06-16/2011-07-08;2011-07-08/2020-01-15
gazay;2011-06-16/2011-06-20;2011-06-20/2011-12-27;2011-12-27/2011-12-29;2011-12-29/2020-01-15
raviolicode;2011-06-17/2011-06-24;2011-06-24/2020-01-15
lengarvey;2011-06-18/2020-01-15
scott-stewart;2011-06-18/2020-01-15
grantneufeld;2011-06-18/2020-01-15
stevehodgkiss;2011-06-18/2020-01-15
spohlenz;2011-06-20/2011-06-22;2011-06-22/2011-07-01;2011-07-01/2011-07-03;2011-07-03/2011-07-10;2011-07-10/2011-08-31;2011-09-01/2011-10-03;2011-10-03/2020-01-15
dazuma;2011-06-20/2020-01-15
jdeseno;2011-06-21/2020-01-15
caius;2011-05-31/2012-03-06;2012-03-06/2020-01-15
nicksieger;2011-06-15/2011-06-20;2011-06-21/2020-01-15
mikdiet;2011-06-23/2011-12-08;2011-12-08/2011-12-13;2011-12-13/2012-03-04;2012-03-04/2012-03-23;2012-03-23/2020-01-15
imajes;2011-06-24/2020-01-15
esad;2011-06-28/2020-01-15
oriolgual;2011-06-08/2011-06-28;2011-06-28/2020-01-15
iwstewart;2011-06-29/2020-01-15
dyba;2011-06-30/2011-07-16;2011-07-16/2011-07-18;2011-07-18/2020-01-15
tobsch;2011-07-01/2020-01-15
sobrinho;2011-06-30/2011-11-01;2011-11-01/2020-01-15
wader;2011-07-01/2020-01-15
joefiorini;2011-07-02/2011-07-23;2011-07-23/2020-01-15
kommen;2011-07-04/2011-07-19;2011-07-19/2011-12-14;2011-12-14/2011-12-16;2011-12-16/2011-12-18;2011-12-18/2020-01-15
jake3030;2011-07-04/2020-01-15
lysenko;2011-03-27/2020-01-15
simonbaird;2011-07-06/2012-01-19;2012-01-19/2020-01-15
jwarwick;2011-06-19/2011-07-16;2011-07-16/2020-01-15
shawndrost;2011-07-07/2020-01-15
acroca;2011-07-07/2020-01-15
hasclass;2011-07-08/2020-01-15
christopherscott;2011-07-08/2020-01-15
exviva;2011-07-07/2011-11-23;2011-11-23/2011-12-04;2011-12-04/2011-12-16;2011-12-16/2020-01-15
pol;2011-07-09/2020-01-15
kaiwren;2011-05-25/2020-01-15
shime;2011-07-11/2020-01-15
shtirlic;2011-07-11/2020-01-15
aslamnd;2011-07-13/2020-01-15
bfolkens;2011-07-14/2011-11-08;2011-11-08/2020-01-15
lawrencepit;2011-07-14/2011-07-16;2011-07-17/2011-09-09;2011-09-09/2020-01-15
dgeb;2011-07-16/2011-07-26;2011-07-27/2020-01-15
sumbach;2011-07-17/2011-12-03;2011-12-03/2011-12-30;2011-12-30/2020-01-15
mcmire;2011-07-18/2011-07-24;2011-07-24/2020-01-15
emachnic;2011-07-19/2020-01-15
threedaymonk;2011-07-19/2020-01-15
dgnemo;2011-07-19/2020-01-15
sepastian;2011-07-20/2020-01-15
glenngillen;2011-06-28/2011-07-25;2011-07-25/2020-01-15
hone;2011-07-13/2011-09-22;2011-09-22/2012-04-04;2012-04-04/2020-01-15
biow0lf;2011-07-21/2011-08-28;2011-08-28/2020-01-15
gnagno;2011-07-23/2020-01-15
carols10cents;2011-07-23/2020-01-15
grzuy;2011-07-23/2020-01-15
Empact;2011-07-24/2011-10-04;2011-10-04/2013-05-14;2013-05-14/2013-07-21;2013-07-21/2020-01-15
gramos;2011-07-23/2020-01-15
hmcfletch;2011-07-21/2020-01-15
oem;2011-07-24/2020-01-15
mitijain123;2011-05-21/2011-07-24;2011-07-24/2020-01-15
bmarini;2011-07-24/2020-01-15
vrish88;2011-07-24/2020-01-15
davidtrogers;2011-07-25/2020-01-15
sferik;2011-07-25/2011-08-05;2011-08-05/2011-12-12;2011-12-12/2012-04-19;2012-04-19/2020-01-15
slawosz;2011-07-23/2020-01-15
lsylvester;2011-07-27/2020-01-15
campbell;2011-07-28/2020-01-15
nertzy;2011-07-28/2020-01-15
bradediger;2011-07-31/2020-01-15
pbflinn;2011-08-01/2020-01-15
igrigorik;2011-08-06/2020-01-15
gdelfino;2011-08-06/2020-01-15
Gregg;2011-08-07/2020-01-15
akaspick;2011-08-11/2011-12-15;2011-12-15/2020-01-15
sukeerthiadiga;2011-08-05/2020-01-15
ov3y;2011-08-07/2020-01-15
tatey;2011-08-09/2020-01-15
florish;2011-08-09/2020-01-15
JonathonMA;2011-07-27/2020-01-15
raul;2011-08-14/2020-01-15
cameel;2011-08-15/2020-01-15
JESii;2011-08-15/2020-01-15
jem;2011-08-15/2020-01-15
JDutil;2011-08-17/2011-09-06;2011-09-06/2011-09-09;2011-09-09/2020-01-15
rgo;2011-08-17/2020-01-15
marcgg;2011-08-19/2011-09-01;2011-09-01/2020-01-15
dharmatech;2011-08-20/2011-09-05;2011-09-05/2011-09-07;2011-09-08/2011-09-12;2011-09-12/2020-01-15
al;2011-08-20/2020-01-15
ai;2011-08-21/2011-12-23;2011-12-23/2020-01-15
ognevsky;2011-08-20/2020-01-15
luckydev;2011-08-23/2011-11-07;2011-11-07/2020-01-15
dmajda;2011-08-23/2020-01-15
masterkain;2011-08-24/2011-09-16;2011-09-16/2011-11-28;2011-11-28/2020-01-15
jmtame;2011-08-23/2020-01-15
mitio;2011-08-26/2011-10-07;2011-10-07/2011-11-11;2011-11-11/2020-01-15
jbbarth;2011-08-28/2020-01-15
nhocki;2011-08-30/2011-09-07;2011-09-07/2011-09-26;2011-09-26/2011-09-30;2011-09-30/2020-01-15
rosenfeld;2011-08-31/2011-11-28;2011-11-28/2013-01-29;2013-01-29/2020-01-15
anolson;2011-08-31/2011-09-02;2011-09-02/2020-01-15
leppert;2011-08-31/2020-01-15
kirs;2011-08-31/2011-09-16;2011-09-16/2011-12-13;2011-12-13/2020-01-15
roytomeij;2011-09-01/2011-10-09;2011-10-09/2020-01-15
jeremyevans;2011-09-01/2011-09-07;2011-09-07/2020-01-15
sbutler;2011-09-02/2020-01-15
avakhov;2011-09-03/2011-09-15;2011-09-15/2011-09-24;2011-09-27/2011-10-03;2011-10-03/2011-10-06;2011-10-06/2011-10-08;2011-10-08/2011-10-11;2011-10-11/2011-10-15;2011-10-15/2011-10-18;2011-10-18/2011-10-24;2011-10-24/2011-10-31;2011-11-01/2011-11-03;2011-11-03/2011-11-06;2011-11-06/2011-11-08;2011-11-08/2011-11-10;2011-11-10/2011-11-19;2011-11-19/2011-11-27;2011-11-27/2011-12-01;2011-12-01/2012-02-18;2012-02-18/2012-03-10;2012-03-10/2020-01-15
joshnesbitt;2011-09-02/2020-01-15
spraints;2011-09-02/2011-11-18;2011-11-18/2020-01-15
francocatena;2011-09-02/2020-01-15
davidpeckham;2011-09-02/2020-01-15
rinaldifonseca;2011-09-04/2020-01-15
wojtekmach;2011-09-04/2020-01-15
georg;2011-09-05/2020-01-15
milgner;2011-09-06/2020-01-15
toolmantim;2011-09-07/2020-01-15
yahonda;2011-09-07/2011-09-30;2011-09-30/2011-10-03;2011-10-03/2011-10-06;2011-10-06/2011-10-19;2011-10-19/2012-03-28;2012-03-28/2012-06-01;2012-06-01/2012-07-24;2012-07-24/2013-01-08;2013-01-08/2013-02-27;2013-02-27/2013-03-06;2013-03-06/2020-01-15
wayneeseguin;2011-09-07/2020-01-15
ay;2011-09-08/2011-09-15;2011-09-15/2020-01-15
waseem;2011-09-09/2011-11-04;2011-11-04/2012-01-21;2012-01-21/2020-01-15
deepakprasanna;2011-09-10/2011-09-13;2011-09-13/2020-01-15
michaelplaing;2011-09-10/2020-01-15
md5;2011-09-02/2011-09-10;2011-09-10/2020-01-15
eostrom;2011-09-10/2020-01-15
hasanove;2011-09-11/2020-01-15
alanzeino;2011-09-12/2020-01-15
jrgifford;2011-09-12/2020-01-15
kennyj;2011-09-12/2011-10-09;2011-10-09/2011-10-29;2011-10-31/2011-11-18;2011-11-18/2011-11-22;2011-11-23/2011-11-27;2011-11-27/2011-12-06;2011-12-08/2012-01-04;2012-01-05/2012-01-10;2012-01-10/2012-01-21;2012-01-21/2012-01-31;2012-01-31/2012-02-05;2012-02-05/2012-02-10;2012-02-10/2012-02-25;2012-02-25/2012-03-03;2012-03-03/2012-03-06;2012-03-06/2012-03-13;2012-03-13/2012-03-18;2012-03-18/2012-03-20;2012-03-20/2012-04-24;2012-04-24/2012-05-29;2012-05-29/2012-06-04;2012-06-04/2012-08-01;2012-08-01/2012-09-11;2012-09-11/2012-09-19;2012-09-19/2012-10-31;2012-10-31/2013-02-28;2013-02-28/2020-01-15
behrends;2011-09-13/2020-01-15
mjtko;2011-06-13/2011-09-06;2011-09-06/2011-10-03;2011-10-04/2012-05-04;2012-05-04/2012-05-08;2012-05-09/2020-01-15
bwalding;2011-09-14/2020-01-15
dallas;2011-09-14/2020-01-15
wvanbergen;2011-09-15/2020-01-15
splattael;2011-09-16/2020-01-15
jnv;2011-09-18/2020-01-15
Chrisja;2011-09-22/2020-01-15
phuibonhoa;2011-09-22/2011-09-30;2011-09-30/2011-10-02;2011-10-02/2020-01-15
mattetti;2011-09-22/2020-01-15
rroblak;2011-09-23/2011-09-28;2011-09-28/2020-01-15
dolzenko;2011-09-25/2011-10-11;2011-10-11/2020-01-15
kimptoc;2011-09-26/2020-01-15
jsl;2011-09-27/2020-01-15
mhutchin;2011-09-28/2020-01-15
rocky-jaiswal;2011-09-28/2020-01-15
MMSequeira;2011-10-01/2011-10-03;2011-10-06/2020-01-15
docwhat;2011-10-03/2020-01-15
abscondment;2011-10-03/2020-01-15
jrmehle;2011-10-03/2020-01-15
ksob;2011-10-04/2020-01-15
ayrton;2011-10-04/2020-01-15
Juanmcuello;2011-10-05/2011-12-12;2011-12-12/2012-04-21;2012-04-21/2020-01-15
nickrivadeneira;2011-10-06/2020-01-15
subdigital;2011-10-08/2020-01-15
mcdd;2011-10-09/2020-01-15
rahul100885;2011-10-11/2011-10-13;2011-10-13/2011-10-16;2011-10-16/2011-11-08;2011-11-08/2011-11-27;2011-11-28/2020-01-15
sunaku;2011-10-13/2011-12-12;2011-12-12/2020-01-15
pote;2011-10-14/2020-01-15
fabrik42;2011-10-14/2020-01-15
mperham;2011-10-15/2020-01-15
martinsvalin;2011-10-11/2011-10-19;2011-10-20/2020-01-15
plindelauf;2011-10-17/2020-01-15
whilefalse;2011-10-18/2011-12-15;2011-12-15/2020-01-15
marcbowes;2011-10-20/2011-11-28;2011-11-28/2020-01-15
Odaeus;2011-10-20/2020-01-15
greinacker;2011-10-21/2020-01-15
bruceadams;2011-10-24/2020-01-15
henare;2011-10-26/2020-01-15
pwim;2011-10-28/2012-01-25;2012-01-25/2020-01-15
rud;2011-11-01/2020-01-15
abyx;2011-11-01/2011-11-30;2011-11-30/2020-01-15
juandebravo;2011-11-01/2020-01-15
sinisterchipmunk;2011-11-02/2020-01-15
olivierlacan;2011-11-03/2020-01-15
sarahhodne;2011-11-03/2011-11-06;2011-11-06/2020-01-15
kmuthupa;2011-11-04/2020-01-15
vjebelev;2011-11-04/2020-01-15
atambo;2011-09-08/2011-11-17;2011-11-17/2011-12-19;2011-12-19/2012-01-26;2012-01-26/2020-01-15
pksunkara;2011-11-06/2020-01-15
tylercoville;2011-11-10/2020-01-15
byroot;2011-11-10/2012-03-04;2012-03-04/2020-01-15
oscardelben;2011-11-14/2011-11-17;2011-11-17/2012-04-21;2012-04-21/2012-05-29;2012-05-29/2020-01-15
RyanNaughton;2011-11-15/2020-01-15
HeeL;2011-11-15/2011-11-23;2011-11-23/2011-11-28;2011-11-29/2011-12-05;2011-12-05/2020-01-15
lazyatom;2011-10-26/2020-01-15
capps;2011-11-16/2020-01-15
sunny;2011-11-17/2020-01-15
gregolsen;2011-11-07/2011-11-17;2011-11-17/2020-01-15
lest;2011-11-17/2011-11-19;2011-11-19/2011-11-21;2011-11-24/2011-11-27;2011-11-28/2011-11-30;2011-11-30/2011-12-05;2011-12-05/2011-12-13;2011-12-14/2011-12-17;2011-12-17/2011-12-20;2011-12-20/2011-12-29;2011-12-29/2012-01-02;2012-01-03/2012-01-26;2012-01-26/2012-01-31;2012-01-31/2012-02-12;2012-02-12/2012-02-20;2012-02-20/2012-03-26;2012-03-27/2012-05-21;2012-05-21/2020-01-15
nilbus;2011-11-18/2020-01-15
rubys;2011-11-18/2020-01-15
endofunky;2011-11-19/2020-01-15
jamesds;2011-11-20/2020-01-15
mchung;2011-11-23/2020-01-15
mipearson;2011-11-23/2011-12-25;2011-12-25/2020-01-15
samsonasu;2011-11-24/2020-01-15
johnmdonahue;2011-11-25/2020-01-15
nashby;2011-11-28/2011-12-04;2011-12-04/2011-12-19;2011-12-20/2012-05-06;2012-05-06/2012-08-23;2012-08-23/2020-01-15
janv;2011-11-27/2020-01-15
travisp;2011-11-28/2020-01-15
jaylevitt;2011-11-30/2020-01-15
timsjoberg;2011-12-01/2020-01-15
jenseng;2011-12-02/2020-01-15
ebeigarts;2011-12-04/2020-01-15
iangreenleaf;2011-12-05/2020-01-15
Overbryd;2011-12-05/2020-01-15
andyjeffries;2011-12-05/2020-01-15
adrianpike;2011-10-24/2020-01-15
sandeepr-sourcebits;2011-12-06/2020-01-15
kielkowiczk;2011-12-07/2020-01-15
kelyar;2011-12-07/2020-01-15
mark-rushakoff;2011-12-08/2020-01-15
wfarr;2011-12-11/2020-01-15
azimux;2011-12-11/2020-01-15
DevL;2011-12-11/2020-01-15
clst;2011-12-12/2020-01-15
pokonski;2011-12-12/2020-01-15
choonkeat;2011-12-14/2020-01-15
abonec;2011-12-15/2020-01-15
rafacv;2011-12-15/2020-01-15
devton;2011-12-16/2020-01-15
justincampbell;2011-12-17/2020-01-15
cqpx;2011-12-20/2020-01-15
tapajos;2011-12-28/2020-01-15
fuzzyalej;2011-12-28/2011-12-30;2011-12-30/2020-01-15
elpic;2012-01-02/2020-01-15
codesnik;2012-01-06/2020-01-15
al2o3cr;2012-01-09/2020-01-15
pkondzior;2012-01-17/2020-01-15
rafaelfranca;2012-01-17/2012-01-24;2012-01-24/2012-01-26;2012-01-26/2012-02-01;2012-02-01/2012-02-08;2012-02-08/2012-02-15;2012-02-15/2012-02-27;2012-02-27/2012-03-04;2012-03-05/2012-03-09;2012-03-09/2012-03-12;2012-03-13/2012-03-27;2012-03-27/2012-03-31;2012-03-31/2012-04-04;2012-04-04/2012-04-09;2012-04-09/2012-04-21;2012-04-21/2012-04-29;2012-04-29/2012-05-12;2012-05-13/2012-05-15;2012-05-15/2012-05-18;2012-05-18/2012-05-20;2012-05-20/2012-05-22;2012-05-22/2012-05-25;2012-05-25/2012-05-29;2012-06-01/2012-06-03;2012-06-05/2012-06-08;2012-06-08/2012-06-10;2012-06-12/2012-06-14;2012-06-14/2012-06-16;2012-06-16/2012-06-18;2012-06-21/2012-06-24;2012-06-24/2012-06-27;2012-06-27/2012-07-02;2012-07-02/2012-07-05;2012-07-06/2012-07-10;2012-07-10/2012-07-19;2012-07-20/2012-07-26;2012-07-28/2012-07-30;2012-08-02/2012-08-05;2012-08-12/2012-08-15;2012-08-15/2012-08-17;2012-08-18/2012-08-21;2012-08-21/2012-08-25;2012-08-25/2012-09-03;2012-09-03/2012-09-05;2012-09-05/2012-09-09;2012-09-09/2012-09-12;2012-09-14/2012-09-17;2012-09-21/2012-09-25;2012-09-25/2012-09-29;2012-10-04/2012-10-06;2012-10-07/2012-10-11;2012-10-12/2012-10-14;2012-10-14/2012-10-18;2012-10-18/2012-10-24;2012-10-24/2012-10-26;2012-10-26/2012-10-28;2012-10-31/2012-11-02;2012-11-02/2012-11-05;2012-11-05/2012-11-08;2012-11-09/2012-11-13;2012-11-13/2012-11-15;2012-11-15/2012-11-19;2012-11-20/2012-11-22;2012-11-22/2012-11-26;2012-11-26/2012-11-28;2012-11-30/2012-12-02;2012-12-02/2012-12-04;2012-12-04/2012-12-06;2012-12-06/2012-12-10;2012-12-11/2012-12-21;2012-12-21/2012-12-26;2012-12-26/2013-01-02;2013-01-03/2013-01-06;2013-01-07/2013-01-09;2013-01-09/2013-01-11;2013-01-11/2013-01-14;2013-01-14/2013-01-16;2013-01-16/2013-01-25;2013-01-26/2013-01-29;2013-01-29/2013-02-14;2013-02-15/2013-02-18;2013-02-19/2013-02-21;2013-02-21/2013-02-24;2013-02-25/2013-02-27;2013-02-27/2013-03-07;2013-03-07/2013-03-18;2013-03-21/2013-03-26;2013-03-26/2013-03-28;2013-03-28/2013-04-05;2013-04-05/2013-04-11;2013-04-11/2013-05-04;2013-05-04/2013-05-06;2013-05-07/2013-05-09;2013-05-12/2013-05-14;2013-05-14/2013-05-16;2013-05-16/2013-05-20;2013-05-20/2013-05-22;2013-05-23/2013-06-15;2013-06-15/2013-06-17;2013-06-17/2013-06-24;2013-06-24/2013-07-01;2013-07-01/2013-07-06;2013-07-06/2013-07-08;2013-07-09/2013-07-15;2013-07-16/2013-07-18;2013-07-18/2013-07-22;2013-07-24/2013-07-31;2013-07-31/2013-08-05;2013-08-05/2013-08-26;2013-08-26/2013-09-12;2013-09-12/2013-09-25;2013-09-26/2013-09-28;2013-09-30/2013-10-04;2013-10-04/2013-10-10;2013-10-10/2013-12-04;2013-12-04/2013-12-14;2013-12-14/2014-02-12;2014-02-12/2014-02-18;2014-02-18/2014-04-17;2014-04-17/2014-05-05;2014-05-06/2014-06-05;2014-06-05/2014-06-26;2014-06-27/2014-07-02;2014-07-02/2020-01-15
makoto;2012-01-16/2020-01-15
jviney;2012-01-21/2012-01-23;2012-01-23/2020-01-15
iHiD;2012-01-22/2012-05-18;2012-05-18/2012-08-09;2012-08-09/2020-01-15
indrekj;2012-01-20/2020-01-15
lunks;2012-01-25/2020-01-15
bsodmike;2012-01-31/2020-01-15
marten;2012-01-31/2020-01-15
densya203;2012-02-03/2020-01-15
rmm5t;2012-02-07/2013-04-05;2013-04-05/2020-01-15
iblue;2012-02-07/2020-01-15
paul;2012-01-24/2020-01-15
oestrich;2012-02-17/2020-01-15
pwnall;2012-02-19/2012-05-10;2012-05-10/2020-01-15
funny-falcon;2012-02-14/2020-01-15
ckdake;2012-02-20/2020-01-15
noahhendrix;2012-02-24/2020-01-15
glitterfang;2012-02-23/2020-01-15
RalphShnelvar;2012-02-25/2020-01-15
larskanis;2011-11-22/2020-01-15
mariovisic;2012-03-05/2020-01-15
kuahyeow;2012-03-07/2020-01-15
swanandp;2012-03-05/2020-01-15
bschaeffer;2012-03-05/2020-01-15
coreyhaines;2012-03-07/2020-01-15
jrochkind;2012-03-13/2012-09-17;2012-09-17/2012-09-21;2012-09-21/2020-01-15
denisj;2012-01-11/2020-01-15
britto;2012-03-08/2020-01-15
mhfs;2012-03-21/2020-01-15
abevoelker;2012-03-09/2020-01-15
kryzhovnik;2012-03-27/2020-01-15
jcoleman;2012-03-27/2020-01-15
arturopie;2012-03-27/2012-10-14;2012-10-14/2020-01-15
alekseykulikov;2012-04-09/2020-01-15
IamNaN;2012-04-13/2020-01-15
route;2012-05-01/2012-06-05;2012-06-05/2012-06-15;2012-06-15/2012-07-11;2012-07-11/2012-11-30;2012-11-30/2020-01-15
nragaz;2012-01-13/2020-01-15
kshahkshah;2012-05-07/2020-01-15
alexeymuranov;2012-05-09/2012-05-11;2012-05-11/2013-03-12;2013-03-12/2020-01-15
spectator;2012-05-09/2020-01-15
homakov;2012-05-12/2020-01-15
acapilleri;2012-05-15/2012-06-08;2012-06-08/2020-01-15
ernie;2012-05-18/2012-06-08;2012-06-08/2012-10-05;2012-10-05/2013-01-11;2013-01-11/2020-01-15
pinetops;2012-05-20/2020-01-15
Bodacious;2012-05-20/2020-01-15
chancancode;2012-05-22/2020-01-15
bartkozal;2012-02-05/2020-01-15
floehopper;2012-05-29/2012-08-26;2012-08-27/2012-11-03;2012-11-03/2013-01-14;2013-01-14/2020-01-15
martinoconnor;2012-05-31/2020-01-15
earnold;2012-06-01/2020-01-15
carlosgaldino;2012-06-01/2020-01-15
achamian;2012-06-09/2020-01-15
jkraemer;2012-06-10/2020-01-15
iaddict;2011-05-19/2020-01-15
steveklabnik;2012-06-15/2012-09-18;2012-09-18/2012-09-30;2012-09-30/2012-11-26;2012-11-26/2013-02-01;2013-02-01/2013-02-27;2013-02-27/2013-03-05;2013-03-05/2013-03-14;2013-03-14/2013-03-29;2013-03-29/2013-09-10;2013-09-10/2020-01-15
robbkidd;2012-07-11/2020-01-15
jeremycole;2012-07-13/2020-01-15
jmazzi;2012-07-16/2020-01-15
jrafanie;2012-08-18/2020-01-15
senny;2012-09-02/2012-09-16;2012-09-16/2012-10-16;2012-10-16/2012-11-04;2012-11-04/2012-11-11;2012-11-11/2012-11-15;2012-11-15/2012-11-18;2012-11-18/2012-12-02;2012-12-02/2012-12-12;2012-12-12/2012-12-15;2012-12-15/2012-12-26;2012-12-26/2012-12-30;2012-12-30/2013-01-02;2013-01-02/2013-02-04;2013-02-04/2013-02-10;2013-02-11/2013-02-19;2013-02-19/2013-02-21;2013-02-21/2013-02-23;2013-02-23/2013-02-28;2013-02-28/2013-03-18;2013-03-18/2013-03-22;2013-03-22/2013-06-15;2013-06-15/2013-06-19;2013-06-19/2013-06-22;2013-06-22/2013-06-25;2013-06-27/2013-07-15;2013-07-15/2020-01-15
thiagopradi;2012-09-02/2020-01-15
wagenet;2012-09-17/2020-01-15
lihanli;2012-10-03/2020-01-15
teleological;2012-10-06/2020-01-15
michaelfairley;2012-07-26/2020-01-15
GRoguelon;2012-10-24/2020-01-15
elia;2012-10-27/2012-10-29;2012-10-29/2012-11-26;2012-11-26/2020-01-15
graceliu;2012-10-12/2020-01-15
saks;2012-10-31/2020-01-15
nikitug;2012-10-30/2012-11-13;2012-11-13/2020-01-15
georgebrock;2012-10-25/2020-01-15
claudiob;2012-11-13/2013-03-18;2013-03-18/2020-01-15
courtland;2012-03-07/2020-01-15
DawidJanczak;2012-11-14/2020-01-15
nbeloglazov;2012-04-26/2020-01-15
hsbt;2012-12-03/2012-12-20;2012-12-20/2012-12-29;2012-12-29/2020-01-15
jacobstr;2012-11-26/2020-01-15
jasl;2013-01-02/2020-01-15
miguelff;2013-01-03/2020-01-15
jcoglan;2013-01-05/2020-01-15
trisweb;2013-01-06/2020-01-15
jejacks0n;2013-01-04/2020-01-15
dylanahsmith;2013-01-09/2013-02-06;2013-02-06/2013-02-08;2013-02-08/2020-01-15
dkubb;2013-01-14/2020-01-15
gsphanikumar;2012-12-22/2020-01-15
asanghi;2012-12-27/2020-01-15
elliterate;2012-09-05/2020-01-15
joernchen;2013-02-09/2013-02-16;2013-02-16/2020-01-15
matthewrobertson;2012-12-02/2020-01-15
jmccartie;2013-02-14/2020-01-15
nowaterlili;2013-01-25/2020-01-15
mjc-gh;2013-02-25/2020-01-15
authorNari;2013-02-26/2013-02-28;2013-02-28/2020-01-15
yaotti;2013-02-26/2020-01-15
korny;2013-03-03/2020-01-15
larrylv;2013-03-04/2013-03-07;2013-03-07/2020-01-15
maximerety;2013-03-04/2020-01-15
jbarreneche;2013-03-14/2020-01-15
justinvj15;2013-03-15/2020-01-15
haileys;2013-02-12/2014-04-10;2014-04-10/2014-06-16;2014-06-16/2014-09-15;2014-09-16/2014-09-18;2014-09-19/2014-09-23;2014-09-23/2014-09-26;2014-09-26/2014-10-07;2014-10-07/2014-11-10;2014-11-10/2020-01-15
benmmurphy;2013-02-08/2020-01-15
evanphx;2013-03-19/2020-01-15
hoffm;2013-02-20/2020-01-15
dembskoi;2013-03-19/2020-01-15
JonRowe;2013-03-23/2020-01-15
MacksMind;2013-03-24/2020-01-15
seejee;2012-09-29/2020-01-15
erik-megarad;2013-04-05/2020-01-15
prathamesh-sonpatki;2013-04-17/2020-01-15
janko;2013-04-29/2020-01-15
btucker;2013-05-01/2020-01-15
ahorner;2013-04-19/2020-01-15
xjlu;2013-05-12/2020-01-15
jholton;2013-05-18/2020-01-15
mtparet;2013-06-07/2020-01-15
robin850;2013-06-20/2020-01-15
armstrjare;2013-06-10/2020-01-15
chapmajs;2013-05-01/2020-01-15
carsonreinke;2013-01-10/2020-01-15
akarmes;2013-07-22/2020-01-15
alfredw;2012-06-17/2020-01-15
kassio;2013-08-05/2013-08-24;2013-08-24/2020-01-15
Ben-M;2013-08-30/2020-01-15
arthurnn;2013-09-09/2013-09-25;2013-09-26/2013-09-30;2013-09-30/2013-10-04;2013-10-04/2014-02-03;2014-02-03/2020-01-15
tamird;2013-06-04/2020-01-15
kraatob;2013-12-04/2020-01-15
tyre;2013-12-14/2020-01-15
simi;2014-01-06/2020-01-15
vishalzambre;2014-06-18/2020-01-15
gregose;2014-06-18/2014-09-24;2014-09-24/2020-01-15
rsanheim;2014-07-01/2014-07-12;2014-07-12/2020-01-15
dbussink;2014-10-09/2020-01-15
jbarnette;2014-11-09/2020-01-15
