joshaber;2012-02-23/2012-06-13;2012-06-13/2012-12-11;2012-12-11/2013-04-25;2013-04-25/2013-06-15;2013-06-15/2013-07-25;2013-07-25/2020-01-15
lukeredpath;2012-03-26/2020-01-15
petejkim;2012-03-27/2012-06-02;2012-06-02/2013-01-27;2013-01-27/2013-02-28;2013-02-28/2013-03-07;2013-03-07/2013-03-09;2013-03-09/2013-07-23;2013-07-23/2020-01-15
jspahrsummers;2012-07-24/2012-07-30;2012-07-30/2012-12-11;2012-12-11/2013-01-09;2013-01-09/2013-02-12;2013-02-12/2013-06-15;2013-06-15/2013-07-25;2013-07-25/2013-08-13;2013-08-14/2013-09-06;2013-09-06/2013-09-27;2013-09-27/2013-10-11;2013-10-11/2013-11-26;2013-11-26/2020-01-15
chrisdevereux;2012-12-20/2020-01-15
Bigboybad;2013-01-09/2013-11-27;2013-11-27/2020-01-15
blakewatters;2012-11-25/2013-07-23;2013-07-23/2013-07-25;2013-07-25/2020-01-15
zachwaugh;2013-02-16/2020-01-15
nickhutchinson;2013-05-29/2013-06-05;2013-06-05/2020-01-15
robrix;2013-07-22/2020-01-15
apparentsoft;2012-12-25/2020-01-15
segiddins;2013-07-23/2020-01-15
rowanj;2013-08-12/2020-01-15
sspitzer;2013-08-14/2020-01-15
michaelengland;2013-08-19/2013-09-23;2013-09-23/2013-09-27;2013-09-27/2020-01-15
ikashkuta;2013-09-05/2020-01-15
robb;2013-10-09/2013-10-11;2013-10-11/2020-01-15
