technoweenie;2011-03-08/2011-03-14;2011-03-14/2011-03-16;2011-03-17/2011-08-23;2011-08-23/2011-09-05;2011-09-05/2012-03-01;2012-03-01/2012-05-01;2012-05-01/2013-12-09;2013-12-09/2013-12-11;2013-12-11/2014-04-17;2014-04-17/2014-05-30;2014-05-30/2014-06-04;2014-06-04/2014-08-25;2014-08-25/2020-01-15
eric;2011-08-27/2020-01-15
msaffitz;2011-09-05/2020-01-15
defunkt;2011-12-16/2012-09-28;2012-09-28/2012-10-12;2012-10-12/2020-01-15
ndbroadbent;2012-03-23/2020-01-15
brianmario;2012-04-30/2020-01-15
chris123457;2012-09-28/2013-11-04;2013-11-04/2020-01-15
vmg;2013-12-10/2020-01-15
BrianDurham;2014-03-17/2020-01-15
anaulin;2014-04-06/2020-01-15
timhaines;2014-04-30/2020-01-15
bkeepers;2014-05-23/2020-01-15
rothsa;2014-05-27/2020-01-15
danielchatfield;2014-08-13/2020-01-15
bf4;2015-12-26/2020-01-15
tenderlove;2016-05-12/2016-07-21;2016-07-21/2019-08-07;2019-08-07/2020-01-15
summera;2015-01-02/2020-01-15
omgitsads;2016-09-27/2020-01-15
olleolleolle;2016-11-19/2020-01-15
derekprior;2019-01-24/2020-01-15
mattyoho;2019-01-25/2019-04-10;2019-04-10/2020-01-15
