koppor;2015-11-14/2015-11-28;2015-12-02/2015-12-04;2015-12-05/2015-12-15;2015-12-15/2015-12-24;2015-12-24/2016-01-10;2016-01-10/2016-01-25;2016-01-25/2016-01-27;2016-02-02/2016-02-04;2016-02-05/2016-02-13;2016-02-13/2016-02-18;2016-02-18/2016-02-22;2016-02-22/2016-02-24;2016-02-24/2016-03-14;2016-03-14/2016-03-24;2016-03-24/2016-03-30;2016-03-31/2016-04-12;2016-04-13/2016-04-20;2016-04-20/2016-04-22;2016-04-22/2016-04-24;2016-04-24/2016-06-02;2016-06-02/2016-06-06;2016-06-06/2016-06-28;2016-06-28/2016-07-13;2016-07-14/2016-07-22;2016-07-22/2016-07-27;2016-07-27/2016-07-30;2016-07-30/2016-08-08;2016-08-10/2016-08-18;2016-08-18/2016-08-20;2016-08-20/2016-09-08;2016-09-08/2016-10-14;2016-10-14/2016-10-20;2016-10-20/2016-11-12;2016-11-12/2016-11-14;2016-11-14/2016-12-05;2016-12-06/2016-12-09;2016-12-09/2017-02-15;2017-02-16/2017-11-29;2017-11-29/2017-12-11;2017-12-11/2018-01-21;2018-01-21/2018-02-04;2018-02-05/2018-02-15;2018-02-15/2019-02-03;2019-02-03/2019-09-30;2019-10-02/2019-10-06;2019-10-06/2020-01-15
mlep;2016-01-20/2016-01-31;2016-02-05/2016-02-08;2016-02-08/2016-02-11;2016-02-12/2016-04-01;2016-04-01/2016-04-03;2016-04-03/2016-04-08;2016-04-08/2016-04-12;2016-04-12/2016-04-19;2016-04-22/2016-04-26;2016-04-26/2016-08-04;2016-08-04/2016-08-09;2016-08-09/2016-08-25;2016-08-25/2016-08-29;2016-08-29/2016-09-26;2016-09-26/2016-10-11;2016-10-11/2016-10-13;2016-10-14/2016-10-17;2016-10-17/2016-10-20;2016-10-20/2016-12-09;2016-12-09/2017-08-25;2017-08-25/2017-12-10;2017-12-10/2020-04-28;2020-04-28/2020-01-15
stefan-kolb;2016-02-16/2019-01-31;2019-01-31/2020-01-15
chochreiner;2016-02-19/2016-02-21;2016-02-21/2020-01-15
oscargus;2016-03-05/2020-01-15
boceckts;2016-03-29/2016-03-31;2016-03-31/2016-04-03;2016-04-03/2016-04-11;2016-04-11/2020-01-15
simonharrer;2016-04-19/2020-01-15
matthiasgeiger;2016-04-20/2016-04-26;2016-04-26/2016-06-02;2016-06-03/2016-06-07;2016-06-08/2016-06-27;2016-06-27/2016-07-14;2016-07-14/2016-07-22;2016-07-22/2016-07-29;2016-07-29/2016-08-03;2016-08-03/2016-08-26;2016-08-26/2016-10-13;2016-10-13/2020-01-15
tobiasdiez;2016-06-25/2017-04-27;2017-04-27/2017-09-22;2017-09-22/2019-01-30;2019-01-30/2019-02-06;2019-02-06/2019-03-01;2019-03-01/2020-01-15;2020-01-15/2020-05-17;2020-05-17/2022-08-19;2022-08-19/2020-01-15
mairdl;2016-08-09/2020-01-15
Siedlerchr;2016-09-13/2016-09-28;2016-09-28/2016-10-12;2016-10-13/2016-10-15;2016-10-15/2016-10-22;2016-10-22/2017-04-12;2017-04-12/2017-04-27;2017-04-27/2017-09-22;2017-09-22/2017-10-04;2017-10-04/2018-05-12;2018-05-12/2018-05-14;2018-05-14/2019-01-31;2019-01-31/2019-10-25;2019-10-25/2020-12-01;2020-12-01/2021-01-21;2021-01-21/2021-08-31;2021-08-31/2022-02-08;2022-02-08/2022-02-10;2022-02-10/2022-02-18;2022-02-18/2022-02-28;2022-02-28/2020-01-15
LinusDietz;2017-10-01/2018-01-28;2018-01-28/2018-05-17;2018-05-17/2019-02-06;2019-02-06/2019-11-05;2019-11-05/2020-01-15
lex111;2019-10-06/2020-01-15
reox;2019-10-25/2020-01-15
ctreude;2019-11-23/2020-01-15
xJREB;2023-02-14/2020-01-15
k3KAW8Pnf7mkmdSMPHz27;2022-03-12/2020-01-15
socadk;2021-10-19/2020-01-15
dependabot[bot];2021-03-30/2021-04-30;2021-04-30/2021-07-13;2021-07-13/2020-01-15
calixtus;2020-03-03/2020-01-15
jscott0;2019-11-10/2020-01-15
jonititan;2016-02-01/2020-01-15
